mssv,name,gpa_4,gpa_10,gender,date_of_birth,major,cohort,has_failed,credit,drl
25133074,Truong Van An,1.57,3.93,1,2002-08-11,CNOT,K23,0,109,74
25133075,Nguyen Van An,2.79,6.97,1,2005-03-24,KTPM,K22,0,95,53
25133076,Dang Van Son,3.19,7.97,0,2003-08-05,KTMT,K23,0,34,66
25133077,Truong Van Binh,1.96,4.9,1,2006-01-25,DTVT,K21,0,40,93
25133078,Bui Thi Linh,3.56,8.9,1,2006-02-23,KHMT,K22,0,81,92
25133079,Hoang Van Thao,1.87,4.68,0,2004-07-03,KHMT,K22,0,96,84
25133080,Tran Thi Thao,1.6,4.0,0,2005-10-04,CNTT,K23,0,127,51
25133081,Pham Thi Hieu,3.81,9.53,0,2006-08-10,CNTT,K24,0,94,83
25133082,Truong Van Hieu,3.36,8.4,1,2007-08-09,CKM,K23,0,51,51
25133083,Nguyen Van Hieu,3.93,9.83,1,2003-04-06,CKM,K22,0,86,81
25133084,Nguyen Van Phuc,1.76,4.4,0,2002-06-13,HTTT,K21,0,137,99
25133085,Pham Thi Binh,2.48,6.2,0,2004-09-19,DTVT,K22,0,139,61
25133086,Truong Van Duc,2.31,5.78,1,2002-08-16,KTPM,K24,1,56,50
25133087,Nguyen Van Hai,2.95,7.38,1,2003-07-30,CNTT,K21,0,59,83
25133088,Ngo Thi Duc,3.29,8.22,0,2001-01-28,QTKD,K24,0,58,75
25133089,Do Van Son,2.75,6.88,0,2007-03-30,DTVT,K21,0,80,90
25133090,Duong Van Son,3.61,9.03,1,2004-11-12,HTTT,K24,0,64,53
25133091,Ngo Thi Thao,3.77,9.43,1,2005-05-08,KTMT,K24,0,107,89
25133092,Phan Thi Phuc,2.2,5.5,0,2002-05-27,CNTT,K24,0,57,71
25133093,Bui Thi Dung,3.33,8.32,0,2006-10-05,KHMT,K21,1,99,91
25133094,Dang Van Trang,2.73,6.83,1,2004-06-15,KHMT,K21,0,65,74
25133095,Vo Thi An,3.97,9.93,1,2003-08-03,KT,K23,0,47,59
25133096,Mai Thi Duc,2.72,6.8,1,2006-01-08,CNTT,K25,0,68,93
25133097,Hoang Van An,2.02,5.05,0,2004-08-05,HTTT,K23,0,53,60
25133098,Do Van Binh,3.58,8.95,0,2001-04-29,KHMT,K21,0,76,70
25133099,Hoang Van Khanh,3.03,7.57,1,2004-02-03,KTPM,K25,1,73,70
25133100,Nguyen Van Binh,3.95,9.88,0,2005-09-20,KT,K21,0,106,80
25133101,Dang Van Hieu,2.01,5.02,1,2002-04-21,HTTT,K21,0,31,52
25133102,Tran Thi Duc,1.55,3.88,0,2003-05-25,QTKD,K23,0,138,56
25133103,Pham Thi Son,2.94,7.35,0,2006-06-18,CNOT,K23,0,139,97
25133104,Duong Van Hieu,2.4,6.0,1,2002-09-02,KT,K22,0,133,90
25133105,Hoang Van Ngoc,3.93,9.83,1,2002-03-04,KT,K25,0,79,54
25133106,Vo Thi Chi,2.19,5.47,0,2004-06-20,CNTT,K22,0,113,53
25133107,Dang Van Ngoc,2.22,5.55,1,2004-10-24,HTTT,K22,0,71,75
25133108,Bui Thi Giang,3.09,7.72,1,2002-08-14,CKM,K22,0,59,54
25133109,Nguyen Van Dung,2.47,6.18,1,2004-08-24,KTMT,K24,0,71,78
25133110,Huynh Van Chi,3.7,9.25,1,2004-04-16,DTVT,K22,0,118,64
25133111,Vo Thi Chi,1.78,4.45,0,2006-08-16,CNTT,K24,0,110,75
25133112,Do Van Linh,2.3,5.75,1,2004-10-30,KHMT,K25,0,113,70
25133113,Truong Van Khanh,3.82,9.55,1,2006-04-30,KTPM,K21,0,60,76
25133114,Ngo Thi Minh,1.61,4.03,0,2002-02-26,CKM,K23,0,106,58
25133115,Hoang Van Giang,2.21,5.53,1,2002-04-29,KTPM,K23,0,68,97
25133116,Tran Thi Tuan,3.59,8.97,0,2005-04-15,KTPM,K22,1,58,91
25133117,Vo Thi Linh,3.15,7.88,0,2005-11-24,QTKD,K25,0,71,98
25133118,Hoang Van Trang,3.01,7.52,1,2004-03-16,HTTT,K24,0,98,51
25133119,Dang Van Duc,3.02,7.55,0,2006-03-25,HTTT,K24,0,55,52
25133120,Huynh Van Quan,3.37,8.43,1,2007-08-12,CKM,K21,1,60,86
25133121,Dang Van Tuan,3.76,9.4,1,2003-05-01,QTKD,K24,0,138,84
25133122,Pham Thi Ngoc,3.99,9.98,1,2006-07-23,KT,K24,0,110,77
25133123,Mai Thi Hieu,3.67,9.18,1,2004-12-01,QTKD,K22,0,106,70
25133124,Vo Thi Duc,2.92,7.3,1,2002-04-27,QTKD,K23,0,44,79
25133125,Truong Van Nam,3.13,7.82,1,2004-05-24,KTPM,K24,0,129,73
25133126,Vo Thi Dung,3.84,9.6,0,2004-04-06,HTTT,K25,0,150,66
25133127,Huynh Van Vy,2.15,5.38,1,2006-10-29,DTVT,K23,0,89,91
25133128,Pham Thi Hai,2.55,6.38,0,2003-12-30,KHMT,K23,0,140,64
25133129,Bui Thi Tuan,3.32,8.3,1,2005-07-27,KT,K22,0,66,74
25133130,Tran Thi Duc,2.42,6.05,0,2002-10-20,KTMT,K24,0,147,63
25133131,Le Van Duc,3.34,8.35,1,2001-04-29,HTTT,K22,0,123,73
25133132,Dang Van Hai,1.59,3.98,0,2003-07-23,CKM,K22,0,110,60
25133133,Mai Thi Duc,1.66,4.15,0,2006-04-11,QTKD,K22,0,84,68
25133134,Duong Van Tuan,2.89,7.23,1,2001-05-22,KHMT,K21,0,143,91
25133135,Phan Thi Binh,3.93,9.83,1,2005-04-16,CNTT,K23,1,103,63
25133136,Vo Thi Chi,3.65,9.12,1,2004-11-14,CKM,K25,0,109,67
25133137,Le Van Hai,2.08,5.2,0,2007-03-05,CNTT,K23,0,87,75
25133138,Phan Thi Vy,2.12,5.3,1,2006-12-24,CKM,K22,0,69,53
25133139,Bui Thi Linh,3.74,9.35,1,2004-10-12,CNOT,K23,0,100,80
25133140,Dang Van Khanh,2.68,6.7,1,2003-08-17,CKM,K22,0,149,77
25133141,Tran Thi Ngoc,2.21,5.53,1,2004-09-16,HTTT,K23,0,142,62
25133142,Dang Van Hieu,2.72,6.8,0,2001-07-30,CNTT,K23,0,117,71
25133143,Do Van Thao,3.79,9.47,1,2003-05-22,KTMT,K24,0,124,98
25133144,Pham Thi Son,3.82,9.55,1,2001-07-23,KT,K23,0,43,88
25133145,Bui Thi Khanh,2.95,7.38,1,2002-06-10,KT,K23,0,139,86
25133146,Phan Thi Chi,2.98,7.45,0,2005-02-26,CKM,K24,0,112,63
25133147,Do Van Khanh,1.66,4.15,1,2003-11-09,KTMT,K23,1,75,86
25133148,Nguyen Van Trang,2.82,7.05,0,2003-11-26,QTKD,K24,1,70,70
25133149,Duong Van Hieu,2.8,7.0,1,2003-02-06,QTKD,K21,0,126,100
25133150,Do Van Giang,1.75,4.38,0,2007-03-29,DTVT,K24,0,150,97
25133151,Le Van Binh,3.97,9.93,0,2004-04-16,CNTT,K22,0,43,86
25133152,Ngo Thi Thao,3.25,8.12,0,2002-05-01,KTPM,K22,0,100,62
25133153,Nguyen Van Ngoc,3.3,8.25,1,2001-11-16,KHMT,K24,0,68,53
25133154,Pham Thi Quan,2.11,5.27,0,2003-08-31,DTVT,K25,0,142,60
25133155,Le Van Chi,2.47,6.18,1,2007-11-17,KHMT,K22,0,54,98
25133156,Tran Thi Quan,1.78,4.45,0,2004-02-18,CNOT,K21,0,121,56
25133157,Hoang Van Linh,1.61,4.03,0,2005-12-22,CNTT,K24,1,74,86
25133158,Dang Van Linh,3.17,7.92,0,2005-01-25,CNOT,K22,0,63,100
25133159,Le Van Hai,2.97,7.43,1,2002-11-26,KHMT,K24,0,62,57
25133160,Duong Van Linh,3.45,8.62,1,2007-06-20,CKM,K22,0,130,54
25133161,Dang Van Phuc,3.07,7.67,1,2004-12-15,KTMT,K21,0,57,71
25133162,Tran Thi Son,2.55,6.38,1,2006-12-22,HTTT,K21,0,93,64
25133163,Tran Thi Quan,3.03,7.57,1,2006-05-23,CNOT,K22,0,105,92
25133164,Le Van Tuan,3.51,8.77,0,2007-11-02,QTKD,K24,0,111,73
25133165,Dang Van Duc,1.62,4.05,1,2004-10-08,KTMT,K23,0,150,71
25133166,Truong Van Minh,2.3,5.75,0,2005-11-27,HTTT,K21,0,81,65
25133167,Duong Van Dung,3.73,9.32,0,2006-05-10,KT,K24,0,82,74
25133168,Duong Van Minh,3.73,9.32,0,2003-03-28,KHMT,K21,0,34,63
25133169,Dang Van Ngoc,1.77,4.42,0,2001-09-09,QTKD,K24,0,144,61
25133170,Huynh Van Khanh,2.59,6.47,1,2002-03-08,KHMT,K25,0,142,59
25133171,Truong Van Son,2.48,6.2,1,2006-04-28,CNOT,K22,0,60,60
25133172,Mai Thi Trang,2.12,5.3,0,2003-08-12,KTPM,K22,1,118,76
25133173,Huynh Van Trang,1.71,4.28,0,2002-12-06,KTPM,K22,0,83,51
25133174,Bui Thi Vy,1.65,4.12,0,2006-01-25,HTTT,K25,0,94,76
25133175,Do Van Hieu,3.63,9.07,1,2002-03-30,CKM,K24,0,119,86
25133176,Duong Van Linh,2.81,7.03,0,2007-12-18,CKM,K22,0,69,60
25133177,Pham Thi Chi,1.96,4.9,0,2006-02-14,KHMT,K24,0,144,90
25133178,Ngo Thi Son,2.71,6.78,1,2006-05-15,CKM,K22,0,48,60
25133179,Do Van Thao,2.45,6.12,1,2003-04-24,KTMT,K24,1,56,76
25133180,Phan Thi Son,2.56,6.4,0,2005-01-06,KTMT,K21,1,67,86
25133181,Pham Thi Chi,3.88,9.7,1,2001-09-19,HTTT,K24,0,149,81
25133182,Pham Thi Tuan,3.55,8.88,1,2007-05-07,CNTT,K23,0,85,69
25133183,Bui Thi Phuc,2.69,6.72,0,2001-02-15,HTTT,K22,0,142,88
25133184,Dang Van Nam,1.63,4.07,1,2007-10-09,CNTT,K21,0,148,68
25133185,Pham Thi Giang,1.61,4.03,0,2001-07-22,KTMT,K21,0,115,99
25133186,Phan Thi Tuan,3.37,8.43,0,2007-10-07,DTVT,K22,0,59,54
25133187,Hoang Van Hieu,2.76,6.9,1,2002-12-15,CNTT,K25,1,121,52
25133188,Vo Thi An,2.87,7.18,1,2007-06-12,HTTT,K24,1,74,80
25133189,Mai Thi Minh,3.78,9.45,1,2001-03-27,KHMT,K22,0,42,75
25133190,Dang Van An,1.54,3.85,0,2001-03-07,KTMT,K22,0,148,77
25133191,Huynh Van Hieu,3.15,7.88,1,2004-07-01,QTKD,K21,0,31,75
25133192,Vo Thi Nam,3.4,8.5,0,2007-06-10,KHMT,K24,0,116,66
25133193,Truong Van An,2.0,5.0,0,2004-04-27,CNTT,K25,0,105,70
25133194,Le Van Binh,3.19,7.97,0,2007-02-18,KHMT,K23,0,112,91
25133195,Dang Van Binh,3.23,8.07,1,2005-11-01,CKM,K25,0,65,88
25133196,Huynh Van Nam,3.03,7.57,1,2006-01-10,KTMT,K24,0,140,54
25133197,Bui Thi Binh,3.34,8.35,0,2004-05-12,KHMT,K23,1,121,66
25133198,Vo Thi Trang,3.35,8.38,0,2007-07-26,QTKD,K22,0,150,100
25133199,Do Van Ngoc,3.52,8.8,0,2004-12-15,KT,K25,0,84,87
25133200,Truong Van Tuan,3.09,7.72,1,2004-10-19,CNOT,K24,0,72,74
25133201,Phan Thi Hai,1.81,4.53,1,2003-07-26,QTKD,K25,0,49,100
25133202,Bui Thi Dung,3.06,7.65,1,2003-10-11,QTKD,K22,1,140,89
25133203,Truong Van Minh,2.47,6.18,1,2007-06-27,QTKD,K23,0,113,68
25133204,Phan Thi Phuc,3.62,9.05,1,2001-09-22,HTTT,K25,0,103,67
25133205,Huynh Van Ngoc,3.44,8.6,0,2003-06-29,CKM,K24,0,148,54
25133206,Duong Van Duc,3.51,8.77,0,2002-09-08,CNOT,K25,0,131,57
25133207,Bui Thi Hai,1.61,4.03,0,2007-07-24,KT,K22,0,137,97
25133208,Pham Thi Khanh,1.73,4.33,0,2003-09-13,KTMT,K21,0,109,97
25133209,Duong Van Minh,2.84,7.1,0,2004-09-16,CKM,K25,0,62,70
25133210,Vo Thi Ngoc,3.33,8.32,1,2002-06-15,KTMT,K24,0,121,77
25133211,Do Van Duc,2.06,5.15,1,2005-02-08,KTMT,K25,0,74,50
25133212,Do Van Giang,1.77,4.42,1,2004-05-20,KTPM,K22,0,147,67
25133213,Ngo Thi Khanh,3.42,8.55,1,2004-12-22,HTTT,K23,0,66,51
25133214,Nguyen Van Ngoc,3.5,8.75,1,2007-03-29,QTKD,K25,0,114,86
25133215,Dang Van Duc,2.82,7.05,0,2003-11-21,CKM,K25,1,105,72
25133216,Le Van Phuc,3.06,7.65,0,2003-01-11,QTKD,K25,0,135,58
25133217,Duong Van Hai,3.21,8.03,0,2007-07-02,HTTT,K21,0,116,93
25133218,Nguyen Van Phuc,3.03,7.57,0,2004-11-07,CKM,K21,1,58,76
25133219,Huynh Van Duc,1.88,4.7,0,2004-08-29,HTTT,K24,0,84,58
25133220,Dang Van Phuc,3.05,7.62,1,2007-08-02,HTTT,K21,0,48,62
25133221,Hoang Van Trang,3.99,9.98,1,2005-01-12,KTPM,K24,0,136,71
25133222,Duong Van Thao,2.19,5.47,0,2006-01-10,CNOT,K21,0,134,92
25133223,Tran Thi Hieu,2.59,6.47,0,2007-12-08,KTPM,K24,0,32,51
25133224,Le Van Phuc,3.89,9.72,1,2006-10-22,QTKD,K21,0,117,76
25133225,Duong Van Son,2.94,7.35,0,2004-04-04,CKM,K23,0,105,57
25133226,Pham Thi Thao,3.35,8.38,1,2007-09-20,DTVT,K21,0,100,66
25133227,Pham Thi Giang,2.36,5.9,1,2001-11-19,KTPM,K22,0,135,68
25133228,Vo Thi Giang,3.19,7.97,0,2004-09-09,KT,K21,1,77,55
25133229,Le Van Giang,3.63,9.07,0,2001-11-21,KT,K23,0,40,75
25133230,Tran Thi Dung,1.76,4.4,0,2007-02-28,KTPM,K21,1,126,86
25133231,Vo Thi Giang,1.95,4.88,0,2003-12-31,KT,K25,0,82,88
25133232,Mai Thi Dung,2.9,7.25,0,2007-08-18,CKM,K22,0,140,94
25133233,Hoang Van Binh,1.75,4.38,0,2006-05-12,CKM,K22,0,71,61
25133234,Hoang Van Tuan,2.8,7.0,1,2006-11-16,CKM,K23,1,43,88
25133235,Do Van Dung,2.86,7.15,1,2005-06-02,KTMT,K21,0,112,81
25133236,Truong Van Quan,2.31,5.78,0,2005-09-08,QTKD,K24,0,36,97
25133237,Do Van Duc,3.49,8.73,1,2004-12-01,KTPM,K22,0,55,77
25133238,Dang Van Son,2.16,5.4,0,2006-09-11,KT,K23,0,72,64
25133239,Tran Thi Khanh,2.2,5.5,1,2003-05-02,QTKD,K23,0,56,62
25133240,Huynh Van Nam,3.6,9.0,1,2002-10-11,QTKD,K25,0,58,63
25133241,Mai Thi Nam,3.9,9.75,1,2003-10-14,CKM,K25,0,31,75
25133242,Pham Thi Chi,3.17,7.92,1,2002-11-12,KTMT,K25,0,101,97
25133243,Huynh Van Phuc,3.11,7.77,1,2002-12-16,CNOT,K24,0,117,84
25133244,Le Van Son,2.1,5.25,1,2002-06-04,CNTT,K21,0,80,95
25133245,Ngo Thi Nam,2.98,7.45,0,2004-12-24,KT,K23,1,39,54
25133246,Bui Thi Quan,2.6,6.5,1,2005-04-27,CNTT,K25,0,113,94
25133247,Huynh Van Trang,1.5,3.75,1,2002-01-16,KT,K24,0,49,93
25133248,Huynh Van Thao,3.4,8.5,0,2001-02-21,KTPM,K21,0,125,72
25133249,Duong Van An,2.67,6.67,0,2003-06-20,KTPM,K25,0,65,59
25133250,Ngo Thi Duc,3.18,7.95,0,2005-11-28,CNTT,K25,0,121,63
25133251,Bui Thi Hieu,3.69,9.22,0,2003-02-25,CKM,K24,0,129,83
25133252,Duong Van Ngoc,1.59,3.98,0,2002-06-22,KHMT,K24,0,120,73
25133253,Hoang Van Trang,2.84,7.1,0,2002-04-05,CNTT,K23,0,73,85
25133254,Vo Thi Nam,1.54,3.85,1,2003-02-02,CKM,K21,0,83,84
25133255,Huynh Van Hai,2.88,7.2,1,2004-07-20,CKM,K23,0,150,92
25133256,Mai Thi An,2.71,6.78,0,2002-08-01,CNTT,K21,1,127,53
25133257,Ngo Thi Hieu,3.7,9.25,0,2001-03-20,CNTT,K25,0,62,71
25133258,Do Van Son,2.24,5.6,1,2001-05-04,KHMT,K21,0,32,84
25133259,Nguyen Van Tuan,2.91,7.28,0,2005-05-04,CNOT,K23,0,76,53
25133260,Tran Thi An,3.16,7.9,0,2005-03-08,CNTT,K23,0,82,78
25133261,Le Van Ngoc,3.28,8.2,0,2007-02-02,CNTT,K22,0,115,99
25133262,Tran Thi Giang,1.99,4.97,1,2001-09-25,QTKD,K25,1,45,93
25133263,Hoang Van Nam,2.67,6.67,1,2003-06-07,CNTT,K21,0,144,76
25133264,Huynh Van Thao,3.13,7.82,0,2007-01-02,KTPM,K23,0,139,90
25133265,Dang Van Vy,3.04,7.6,1,2006-03-25,KTPM,K21,0,45,92
25133266,Do Van Linh,3.9,9.75,0,2005-06-07,HTTT,K22,0,89,93
25133267,Dang Van Duc,3.66,9.15,0,2001-11-17,KTMT,K21,0,40,89
25133268,Tran Thi Linh,3.58,8.95,1,2006-12-29,KHMT,K23,0,37,78
25133269,Mai Thi Linh,2.16,5.4,1,2007-11-03,CKM,K21,0,98,94
25133270,Vo Thi An,2.19,5.47,0,2005-05-05,CNOT,K25,0,101,64
25133271,Pham Thi An,3.49,8.73,1,2007-01-30,CNOT,K24,0,79,82
25133272,Do Van Duc,3.57,8.92,0,2002-02-13,KTPM,K22,0,75,51
25133273,Bui Thi Khanh,3.47,8.68,1,2005-01-16,DTVT,K24,0,85,86
25133274,Pham Thi Trang,3.86,9.65,1,2005-02-04,HTTT,K21,0,63,67
25133275,Truong Van Duc,2.08,5.2,0,2003-12-06,HTTT,K25,0,46,63
25133276,Nguyen Van Nam,2.12,5.3,1,2007-08-21,CNTT,K22,0,130,61
25133277,Duong Van Trang,3.9,9.75,0,2002-08-08,QTKD,K22,0,66,61
25133278,Dang Van Hai,3.85,9.62,1,2001-07-17,DTVT,K25,0,140,77
25133279,Truong Van Minh,2.8,7.0,0,2004-04-26,KTMT,K24,0,38,62
25133280,Le Van Ngoc,2.91,7.28,1,2003-12-19,KT,K25,1,53,80
25133281,Huynh Van Linh,3.08,7.7,1,2006-07-30,CKM,K23,0,68,69
25133282,Phan Thi Quan,2.41,6.03,0,2001-01-28,KHMT,K25,0,114,86
25133283,Huynh Van Chi,3.85,9.62,1,2003-06-18,QTKD,K22,0,87,60
25133284,Phan Thi Quan,3.54,8.85,0,2002-09-29,HTTT,K21,0,69,51
25133285,Mai Thi Binh,3.45,8.62,0,2004-07-17,DTVT,K22,0,56,59
25133286,Mai Thi Tuan,2.6,6.5,0,2004-09-28,KT,K25,0,148,81
25133287,Huynh Van Thao,2.28,5.7,1,2003-02-18,KT,K21,0,30,55
25133288,Vo Thi Thao,3.76,9.4,1,2002-06-02,HTTT,K25,1,92,84
25133289,Ngo Thi Dung,3.47,8.68,1,2002-02-23,KTMT,K22,1,49,86
25133290,Vo Thi Giang,3.29,8.22,1,2006-06-01,HTTT,K23,0,107,100
25133291,Bui Thi Hai,2.97,7.43,0,2002-12-22,CNTT,K23,0,131,71
25133292,Truong Van Ngoc,3.94,9.85,1,2003-04-12,CNTT,K21,0,55,90
25133293,Dang Van Hieu,2.43,6.08,0,2007-04-11,CKM,K23,0,100,85
25133294,Le Van Hieu,3.37,8.43,0,2004-09-08,KT,K24,0,59,97
25133295,Nguyen Van Dung,3.79,9.47,1,2007-03-30,HTTT,K22,1,139,81
25133296,Truong Van Hai,2.17,5.42,0,2002-05-31,KT,K24,0,110,72
25133297,Bui Thi Ngoc,1.93,4.83,0,2003-09-11,QTKD,K21,0,54,63
25133298,Vo Thi Trang,3.98,9.95,1,2005-04-20,CKM,K25,0,84,76
25133299,Ngo Thi Thao,1.59,3.98,1,2001-04-07,CNOT,K25,0,102,63
25133300,Bui Thi Linh,2.21,5.53,1,2001-06-21,HTTT,K24,1,52,52
25133301,Vo Thi Hieu,2.42,6.05,0,2002-09-22,QTKD,K22,0,94,80
25133302,Truong Van Hieu,2.53,6.32,1,2007-07-03,KTPM,K23,1,47,66
25133303,Hoang Van Giang,2.98,7.45,1,2003-03-28,HTTT,K24,0,143,77
25133304,Huynh Van Giang,1.52,3.8,0,2001-03-24,QTKD,K23,0,40,63
25133305,Bui Thi Minh,1.83,4.58,1,2006-02-01,KT,K25,0,74,99
25133306,Huynh Van Trang,2.93,7.33,0,2004-03-13,KTPM,K22,0,58,71
25133307,Truong Van An,3.67,9.18,1,2005-05-02,QTKD,K22,1,100,93
25133308,Phan Thi Vy,2.44,6.1,0,2005-04-27,KTMT,K25,0,31,85
25133309,Pham Thi Chi,1.54,3.85,0,2001-04-18,CKM,K21,0,51,98
25133310,Vo Thi Linh,2.07,5.17,0,2007-01-12,HTTT,K22,0,146,80
25133311,Huynh Van Ngoc,3.39,8.47,0,2001-08-26,CKM,K25,0,140,88
25133312,Do Van Giang,2.11,5.27,1,2005-06-28,HTTT,K24,0,95,97
25133313,Le Van Trang,2.59,6.47,1,2002-01-30,KTPM,K24,0,128,52
25133314,Phan Thi Tuan,1.76,4.4,1,2003-01-04,KTPM,K21,0,148,77
25133315,Huynh Van Linh,3.78,9.45,1,2006-03-23,CKM,K25,0,57,92
25133316,Tran Thi Thao,2.48,6.2,0,2004-11-01,QTKD,K23,0,109,76
25133317,Do Van An,2.5,6.25,0,2002-05-16,KTMT,K25,0,75,94
25133318,Dang Van Thao,2.76,6.9,1,2006-06-29,CNTT,K21,0,108,54
25133319,Huynh Van Hieu,1.62,4.05,1,2003-10-24,KHMT,K22,0,92,72
25133320,Phan Thi Nam,3.63,9.07,1,2003-04-08,KTPM,K23,0,103,50
25133321,Mai Thi Hai,2.89,7.23,1,2006-05-22,KTMT,K23,0,71,60
25133322,Duong Van Tuan,2.81,7.03,1,2001-07-19,QTKD,K25,0,124,66
25133323,Nguyen Van Trang,2.52,6.3,1,2005-12-27,KTPM,K25,0,107,100
25133324,Do Van Vy,3.11,7.77,1,2006-10-27,CNTT,K23,1,44,62
25133325,Huynh Van Hai,3.33,8.32,0,2007-12-29,KT,K22,1,63,50
25133326,Le Van Son,1.66,4.15,0,2002-02-09,HTTT,K22,0,123,98
25133327,Huynh Van Minh,1.65,4.12,1,2007-03-25,QTKD,K21,0,90,87
25133328,Truong Van Son,3.54,8.85,1,2005-07-27,CKM,K25,1,52,95
25133329,Nguyen Van Hai,2.85,7.12,0,2002-11-05,DTVT,K22,0,39,96
25133330,Vo Thi Phuc,2.97,7.43,0,2004-04-02,KTMT,K24,0,138,58
25133331,Truong Van Minh,2.38,5.95,1,2007-08-21,CNOT,K24,0,98,93
25133332,Nguyen Van Phuc,3.13,7.82,1,2003-07-18,CKM,K22,0,32,81
25133333,Dang Van Binh,1.82,4.55,0,2005-05-05,HTTT,K23,0,31,74
25133334,Mai Thi Linh,1.58,3.95,1,2002-09-04,CNOT,K21,0,46,74
25133335,Le Van Minh,2.64,6.6,0,2002-08-16,CNTT,K23,0,122,52
25133336,Pham Thi Nam,3.49,8.73,0,2002-11-25,DTVT,K22,0,146,89
25133337,Dang Van Hieu,2.42,6.05,0,2005-08-14,CKM,K23,0,48,84
25133338,Vo Thi An,2.16,5.4,0,2001-11-20,CKM,K25,0,143,59
25133339,Duong Van Quan,3.35,8.38,0,2007-02-03,CNTT,K21,1,53,76
25133340,Truong Van Hieu,3.15,7.88,0,2006-09-15,CNOT,K24,0,77,94
25133341,Hoang Van Tuan,3.39,8.47,0,2003-11-07,CNOT,K23,0,109,66
25133342,Do Van Minh,2.78,6.95,1,2001-12-15,QTKD,K23,0,148,94
25133343,Dang Van Dung,3.85,9.62,1,2006-07-08,CNOT,K25,0,38,98
25133344,Duong Van Giang,2.58,6.45,1,2001-05-10,KT,K24,0,110,50
25133345,Phan Thi An,2.86,7.15,1,2002-05-19,CNOT,K23,0,103,83
25133346,Truong Van Dung,1.98,4.95,1,2002-06-19,QTKD,K22,0,67,88
25133347,Do Van Chi,2.27,5.67,1,2006-07-24,QTKD,K21,0,129,58
25133348,Dang Van Ngoc,2.45,6.12,0,2004-11-05,KTPM,K23,0,40,83
25133349,Duong Van Linh,2.44,6.1,1,2006-02-03,CKM,K24,1,78,67
25133350,Duong Van Dung,3.44,8.6,0,2001-02-14,HTTT,K23,0,45,75
25133351,Hoang Van Son,2.24,5.6,1,2003-07-04,HTTT,K21,0,55,61
25133352,Vo Thi Phuc,2.79,6.97,1,2007-12-15,KHMT,K24,0,113,92
25133353,Phan Thi An,3.5,8.75,1,2004-09-30,KT,K21,1,90,71
25133354,Dang Van Phuc,3.52,8.8,0,2002-08-21,QTKD,K24,0,148,68
25133355,Truong Van Binh,1.73,4.33,1,2006-05-08,CNTT,K24,0,108,51
25133356,Do Van Quan,3.39,8.47,0,2007-03-20,QTKD,K24,0,139,51
25133357,Vo Thi Binh,3.46,8.65,1,2002-03-01,CNTT,K23,0,35,84
25133358,Ngo Thi Binh,3.95,9.88,0,2005-07-22,KHMT,K22,0,122,66
25133359,Bui Thi Tuan,2.15,5.38,0,2004-07-05,CKM,K24,1,62,79
25133360,Mai Thi Dung,1.96,4.9,0,2002-04-28,HTTT,K21,0,34,89
25133361,Truong Van Son,3.13,7.82,0,2005-01-19,KT,K22,0,55,50
25133362,Tran Thi Dung,2.11,5.27,1,2006-09-20,KT,K22,0,97,69
25133363,Huynh Van Son,2.48,6.2,0,2001-03-02,CKM,K25,0,53,72
25133364,Mai Thi Duc,2.89,7.23,1,2006-08-28,CNTT,K25,1,42,76
25133365,Bui Thi Phuc,1.97,4.92,0,2006-01-02,CKM,K24,0,40,83
25133366,Le Van Thao,2.48,6.2,0,2006-06-07,KTMT,K21,0,79,58
25133367,Phan Thi Quan,3.31,8.28,1,2003-12-12,KTMT,K23,0,129,95
25133368,Huynh Van Linh,1.54,3.85,0,2001-03-23,CKM,K21,0,42,51
25133369,Phan Thi Dung,3.74,9.35,0,2006-07-26,CKM,K22,0,87,81
25133370,Nguyen Van Tuan,1.93,4.83,1,2001-12-12,CKM,K21,0,115,64
25133371,Bui Thi An,2.74,6.85,0,2003-07-31,KHMT,K25,1,85,77
25133372,Tran Thi Binh,2.97,7.43,0,2004-07-18,KT,K22,0,72,63
25133373,Bui Thi Hai,1.58,3.95,1,2005-05-08,CKM,K21,0,66,60
25133374,Mai Thi Nam,3.48,8.7,1,2004-07-25,CNTT,K23,0,72,68
25133375,Ngo Thi Vy,2.95,7.38,1,2002-03-14,DTVT,K24,1,79,52
25133376,Mai Thi Duc,2.63,6.57,1,2003-01-28,QTKD,K21,0,93,95
25133377,Pham Thi Trang,2.98,7.45,0,2007-05-19,QTKD,K25,0,83,73
25133378,Do Van Chi,3.24,8.1,1,2003-10-23,HTTT,K25,0,36,83
25133379,Phan Thi Phuc,3.53,8.82,1,2007-06-30,DTVT,K21,0,140,56
25133380,Duong Van Vy,2.06,5.15,0,2003-11-08,KHMT,K21,1,130,85
25133381,Duong Van Hieu,2.07,5.17,0,2004-08-03,CNTT,K21,1,41,73
25133382,Ngo Thi Hai,1.74,4.35,1,2007-02-13,KHMT,K22,1,113,52
25133383,Truong Van Hai,3.14,7.85,0,2001-02-28,KTPM,K21,0,83,60
25133384,Truong Van Binh,1.77,4.42,1,2004-01-17,DTVT,K23,1,149,94
25133385,Huynh Van Hieu,3.56,8.9,0,2001-07-16,CNOT,K22,0,66,94
25133386,Duong Van Binh,3.67,9.18,1,2005-02-08,QTKD,K22,0,130,50
25133387,Mai Thi Dung,3.75,9.38,1,2001-03-28,CNOT,K25,0,33,51
25133388,Pham Thi Khanh,3.99,9.98,1,2005-03-11,CNOT,K22,1,104,58
25133389,Le Van Chi,1.93,4.83,0,2003-01-30,KTPM,K23,0,54,55
25133390,Mai Thi Giang,3.61,9.03,1,2001-04-04,CKM,K25,0,100,66
25133391,Hoang Van Duc,2.41,6.03,1,2004-03-26,DTVT,K23,0,34,62
25133392,Truong Van Son,2.4,6.0,1,2006-07-17,CNOT,K22,0,149,69
25133393,Truong Van Duc,1.67,4.17,1,2004-12-26,KTMT,K21,0,101,82
25133394,Huynh Van Thao,3.62,9.05,1,2004-09-15,HTTT,K24,0,120,86
25133395,Dang Van Dung,2.3,5.75,0,2002-09-07,KHMT,K23,0,52,70
25133396,Vo Thi Vy,2.89,7.23,1,2001-06-20,CNTT,K22,0,80,60
25133397,Bui Thi An,3.69,9.22,1,2005-02-23,QTKD,K24,0,43,100
25133398,Vo Thi Tuan,2.71,6.78,1,2001-07-31,DTVT,K25,0,131,79
25133399,Ngo Thi Trang,1.98,4.95,1,2002-04-01,HTTT,K24,0,63,72
25133400,Le Van Dung,3.91,9.78,0,2002-06-25,KHMT,K22,0,131,87
25133401,Do Van Duc,1.79,4.47,1,2004-12-28,HTTT,K22,0,43,89
25133402,Vo Thi Vy,3.28,8.2,1,2007-06-08,DTVT,K25,0,50,72
25133403,Vo Thi Thao,2.27,5.67,0,2006-12-29,QTKD,K21,0,80,90
25133404,Phan Thi Linh,2.09,5.22,0,2001-06-16,CKM,K21,0,37,90
25133405,Huynh Van Minh,3.44,8.6,0,2003-10-12,KHMT,K23,1,74,92
25133406,Duong Van Phuc,3.29,8.22,0,2007-10-04,CNOT,K24,0,77,75
25133407,Mai Thi Son,3.23,8.07,0,2004-06-09,HTTT,K21,1,103,52
25133408,Phan Thi Duc,2.96,7.4,0,2003-06-19,KT,K22,0,96,71
25133409,Dang Van Duc,2.56,6.4,1,2002-11-23,CNOT,K21,0,111,100
25133410,Truong Van Quan,1.76,4.4,1,2004-08-29,KHMT,K23,0,90,63
25133411,Le Van Thao,3.66,9.15,0,2001-08-29,CNTT,K22,0,42,72
25133412,Ngo Thi Thao,2.69,6.72,0,2006-10-10,QTKD,K24,0,103,52
25133413,Huynh Van Duc,3.66,9.15,0,2003-12-06,KT,K25,0,104,65
25133414,Nguyen Van Linh,3.26,8.15,1,2007-04-05,KT,K23,0,148,89
25133415,Duong Van Hieu,2.49,6.23,1,2002-04-25,CNOT,K23,0,92,57
25133416,Tran Thi Nam,2.42,6.05,1,2003-02-23,KTPM,K22,0,122,57
25133417,Dang Van Khanh,2.41,6.03,1,2006-06-09,KTMT,K22,0,90,95
25133418,Dang Van Hieu,3.85,9.62,1,2001-07-27,CNTT,K22,0,114,62
25133419,Le Van Tuan,3.84,9.6,1,2004-03-13,CNOT,K21,0,102,76
25133420,Tran Thi Hai,3.81,9.53,0,2003-07-13,QTKD,K22,0,113,52
25133421,Pham Thi Ngoc,3.83,9.57,0,2003-11-14,CKM,K21,0,117,71
25133422,Do Van Thao,1.89,4.72,0,2006-12-05,HTTT,K21,0,63,53
25133423,Duong Van Binh,2.24,5.6,0,2003-10-30,CKM,K21,0,34,55
25133424,Le Van Khanh,3.57,8.92,1,2005-08-26,KTPM,K23,0,109,52
25133425,Do Van Hai,3.12,7.8,0,2002-11-01,CKM,K23,0,150,67
25133426,Truong Van Linh,2.75,6.88,0,2006-11-22,QTKD,K23,0,80,76
25133427,Do Van Duc,2.64,6.6,1,2001-12-31,DTVT,K24,1,62,97
25133428,Duong Van Dung,2.49,6.23,1,2002-07-28,KHMT,K24,0,116,96
25133429,Pham Thi Duc,1.56,3.9,1,2001-09-08,DTVT,K22,0,142,52
25133430,Mai Thi Vy,3.51,8.77,1,2005-10-02,DTVT,K22,0,113,79
25133431,Le Van Binh,2.62,6.55,1,2003-01-30,KTPM,K21,0,40,73
25133432,Phan Thi Dung,3.04,7.6,0,2003-05-04,KTPM,K22,0,134,97
25133433,Vo Thi Ngoc,2.57,6.42,0,2004-10-25,KT,K22,1,94,87
25133434,Duong Van Nam,1.92,4.8,0,2006-10-10,KHMT,K22,0,128,53
25133435,Mai Thi Khanh,3.3,8.25,0,2001-06-12,KHMT,K22,0,78,77
25133436,Huynh Van Quan,2.38,5.95,1,2006-02-17,CKM,K23,0,44,77
25133437,Tran Thi Vy,2.16,5.4,0,2007-08-22,CKM,K25,0,35,83
25133438,Pham Thi Hai,1.71,4.28,0,2006-01-22,CKM,K24,1,113,62
25133439,Duong Van Phuc,2.37,5.93,1,2001-07-18,CKM,K24,1,143,83
25133440,Ngo Thi Ngoc,3.07,7.67,1,2006-01-20,CNTT,K21,0,138,54
25133441,Do Van Linh,2.73,6.83,0,2005-06-18,HTTT,K23,0,46,97
25133442,Pham Thi Nam,1.82,4.55,0,2005-08-22,KTPM,K23,0,41,89
25133443,Bui Thi Chi,3.24,8.1,0,2007-10-03,CKM,K24,0,31,69
25133444,Vo Thi Linh,3.47,8.68,0,2001-07-23,KTMT,K21,0,141,64
25133445,Hoang Van Duc,3.14,7.85,1,2004-11-28,CNOT,K21,1,69,81
25133446,Le Van Dung,3.67,9.18,0,2005-04-07,DTVT,K25,0,93,77
25133447,Huynh Van Phuc,2.6,6.5,1,2001-05-26,DTVT,K21,0,147,64
25133448,Bui Thi Phuc,3.66,9.15,0,2003-10-01,HTTT,K23,1,72,55
25133449,Phan Thi Giang,2.82,7.05,0,2003-07-17,KTMT,K25,0,38,81
25133450,Duong Van Ngoc,1.72,4.3,1,2005-01-12,KTPM,K24,0,91,66
25133451,Mai Thi Phuc,3.13,7.82,0,2007-02-10,KHMT,K23,0,77,80
25133452,Do Van An,3.87,9.68,0,2003-05-25,HTTT,K22,0,136,57
25133453,Phan Thi Thao,1.59,3.98,1,2005-11-17,CKM,K21,0,138,77
25133454,Hoang Van Minh,3.44,8.6,1,2006-01-21,KTPM,K21,0,80,64
25133455,Nguyen Van Tuan,3.81,9.53,1,2003-02-17,CKM,K22,0,112,98
25133456,Do Van Ngoc,3.77,9.43,1,2002-09-22,DTVT,K23,0,82,61
25133457,Phan Thi Son,2.3,5.75,0,2007-01-31,KTPM,K24,0,79,53
25133458,Huynh Van Giang,2.86,7.15,0,2003-02-09,KTPM,K24,0,43,51
25133459,Ngo Thi Khanh,2.86,7.15,0,2003-11-03,KHMT,K24,0,82,69
25133460,Ngo Thi Dung,1.69,4.22,1,2002-11-01,KTMT,K21,1,121,65
25133461,Pham Thi Hai,2.42,6.05,1,2006-03-30,HTTT,K25,0,48,89
25133462,Ngo Thi Ngoc,2.96,7.4,0,2005-10-28,CNTT,K24,0,82,56
25133463,Vo Thi Ngoc,2.63,6.57,0,2004-08-11,CKM,K21,0,129,65
25133464,Phan Thi Duc,2.03,5.07,0,2001-04-19,CKM,K25,0,150,92
25133465,Do Van Thao,2.55,6.38,0,2002-12-21,DTVT,K23,0,48,81
25133466,Le Van Son,2.82,7.05,0,2003-01-02,KT,K21,0,111,55
25133467,Huynh Van Ngoc,3.55,8.88,1,2006-01-14,CNTT,K24,0,62,98
25133468,Huynh Van Trang,3.86,9.65,1,2005-01-30,CNTT,K21,0,145,85
25133469,Huynh Van Vy,2.86,7.15,0,2003-07-21,HTTT,K22,0,146,83
25133470,Do Van Son,1.74,4.35,0,2001-12-25,KTMT,K23,0,130,60
25133471,Bui Thi Minh,2.72,6.8,0,2004-09-29,KT,K21,0,53,63
25133472,Mai Thi Chi,2.04,5.1,1,2005-01-24,CKM,K25,0,102,61
25133473,Hoang Van Khanh,3.79,9.47,1,2002-03-12,QTKD,K24,1,74,56
25133474,Mai Thi Duc,2.34,5.85,1,2006-03-30,DTVT,K24,0,44,58
25133475,Ngo Thi Thao,3.98,9.95,1,2005-08-06,KT,K21,0,130,53
25133476,Dang Van Chi,3.09,7.72,1,2007-01-07,KTPM,K22,0,32,96
25133477,Mai Thi An,2.59,6.47,0,2006-03-19,KTPM,K23,0,130,89
25133478,Ngo Thi Phuc,2.73,6.83,0,2006-12-19,HTTT,K24,0,148,65
25133479,Bui Thi Chi,3.9,9.75,0,2005-12-15,CKM,K25,0,37,74
25133480,Bui Thi Nam,3.58,8.95,1,2002-01-07,KTMT,K23,0,56,71
25133481,Truong Van Dung,2.28,5.7,0,2007-05-31,HTTT,K22,0,116,96
25133482,Bui Thi Binh,3.63,9.07,0,2005-04-21,KT,K24,0,104,54
25133483,Pham Thi Hieu,3.09,7.72,0,2002-02-07,CNTT,K22,1,92,82
25133484,Hoang Van Chi,3.24,8.1,0,2007-05-12,KT,K23,0,81,78
25133485,Truong Van Chi,1.71,4.28,1,2001-10-13,KT,K23,0,101,82
25133486,Nguyen Van Dung,3.73,9.32,0,2006-05-31,KTPM,K25,0,54,99
25133487,Phan Thi Son,3.43,8.58,0,2006-06-03,QTKD,K25,0,34,71
25133488,Do Van Quan,3.06,7.65,0,2001-07-11,CKM,K22,0,83,93
25133489,Hoang Van Duc,2.1,5.25,0,2006-09-04,KTPM,K21,1,87,55
25133490,Phan Thi Trang,3.06,7.65,1,2003-04-04,CNTT,K23,0,69,63
25133491,Vo Thi Dung,1.92,4.8,1,2005-03-21,DTVT,K25,0,100,86
25133492,Mai Thi Hieu,3.67,9.18,1,2003-12-10,KTPM,K22,1,68,73
25133493,Bui Thi Hieu,1.76,4.4,0,2006-08-05,QTKD,K23,0,120,63
25133494,Truong Van Son,2.13,5.32,0,2004-06-19,KT,K22,0,123,56
25133495,Le Van Linh,3.94,9.85,1,2003-04-03,KHMT,K24,0,120,85
25133496,Vo Thi Quan,2.99,7.48,1,2002-01-19,KT,K24,0,69,68
25133497,Pham Thi Dung,1.78,4.45,1,2002-07-31,QTKD,K22,0,107,82
25133498,Vo Thi Son,1.54,3.85,0,2005-07-23,CKM,K25,0,138,82
25133499,Hoang Van Linh,3.21,8.03,1,2002-07-30,QTKD,K22,0,111,57
25133500,Pham Thi Quan,1.58,3.95,0,2002-12-12,KT,K24,0,33,80
25133501,Ngo Thi Trang,2.15,5.38,0,2002-08-06,HTTT,K21,0,32,85
25133502,Truong Van Quan,3.85,9.62,0,2007-12-18,KTPM,K23,1,81,100
25133503,Dang Van Quan,1.87,4.68,0,2003-12-04,CKM,K22,0,34,69
25133504,Le Van Hieu,2.93,7.33,0,2007-08-17,KT,K24,0,47,59
25133505,Phan Thi Duc,3.17,7.92,1,2005-09-23,KTMT,K25,0,30,71
25133506,Phan Thi Tuan,3.01,7.52,0,2006-07-24,KHMT,K21,1,64,64
25133507,Phan Thi An,2.59,6.47,1,2003-11-24,CNOT,K22,0,43,72
25133508,Mai Thi Hai,3.25,8.12,0,2007-06-09,KHMT,K24,1,35,94
25133509,Duong Van Ngoc,2.3,5.75,0,2007-11-30,KTPM,K22,0,144,70
25133510,Nguyen Van Binh,3.76,9.4,0,2007-01-06,DTVT,K25,0,37,79
25133511,Tran Thi Khanh,2.68,6.7,1,2006-09-25,CNTT,K21,1,105,79
25133512,Vo Thi An,1.66,4.15,1,2003-08-01,CNOT,K21,0,51,98
25133513,Pham Thi Chi,1.65,4.12,1,2002-07-23,QTKD,K21,0,97,98
25133514,Phan Thi An,2.88,7.2,1,2003-04-08,CNOT,K23,0,33,79
25133515,Tran Thi Binh,1.8,4.5,0,2007-06-08,QTKD,K23,0,118,92
25133516,Phan Thi Duc,2.03,5.07,0,2002-08-04,HTTT,K25,0,126,90
25133517,Vo Thi Phuc,1.53,3.83,1,2006-10-22,QTKD,K22,0,105,58
25133518,Huynh Van Chi,2.05,5.12,1,2001-06-30,CNTT,K23,0,149,98
25133519,Tran Thi Binh,2.18,5.45,0,2007-03-04,KT,K24,0,103,91
25133520,Bui Thi Nam,3.49,8.73,0,2007-05-27,KHMT,K24,0,78,92
25133521,Huynh Van Khanh,3.91,9.78,0,2003-10-21,DTVT,K23,0,126,77
25133522,Tran Thi Duc,3.74,9.35,1,2001-09-03,QTKD,K25,0,145,65
25133523,Tran Thi Quan,3.87,9.68,0,2002-04-22,KT,K21,0,114,58
25133524,Hoang Van Hieu,2.34,5.85,0,2004-11-10,CNTT,K22,0,140,72
25133525,Le Van Son,2.16,5.4,1,2003-10-30,CNOT,K21,0,58,57
25133526,Nguyen Van Dung,1.6,4.0,0,2001-12-30,QTKD,K23,0,48,63
25133527,Bui Thi Hai,2.03,5.07,1,2006-08-24,QTKD,K25,0,64,86
25133528,Do Van Hai,2.97,7.43,0,2001-03-09,CNOT,K25,0,140,92
25133529,Do Van Vy,3.53,8.82,0,2003-03-13,DTVT,K23,0,132,85
25133530,Huynh Van Phuc,3.13,7.82,0,2007-03-28,DTVT,K21,0,41,73
25133531,Le Van Nam,2.09,5.22,0,2002-09-20,CNTT,K24,0,88,91
25133532,Tran Thi Ngoc,1.69,4.22,1,2004-10-12,QTKD,K21,0,128,89
25133533,Dang Van An,3.16,7.9,0,2007-10-30,DTVT,K22,1,134,66
25133534,Bui Thi Phuc,3.31,8.28,0,2005-04-12,KT,K25,0,98,78
25133535,Vo Thi Nam,2.56,6.4,0,2005-03-05,DTVT,K22,0,107,92
25133536,Mai Thi Binh,3.48,8.7,0,2006-03-27,DTVT,K21,0,121,100
25133537,Mai Thi Khanh,3.25,8.12,0,2007-07-30,CKM,K25,0,104,92
25133538,Pham Thi Linh,3.51,8.77,1,2007-01-12,KTMT,K23,0,33,72
25133539,Duong Van Binh,3.26,8.15,0,2003-10-23,DTVT,K25,0,149,84
25133540,Huynh Van Quan,3.12,7.8,1,2007-06-22,KT,K21,1,142,51
25133541,Truong Van Chi,2.93,7.33,0,2005-12-16,CNTT,K21,0,47,54
25133542,Mai Thi Giang,3.88,9.7,1,2004-09-01,KT,K22,0,140,73
25133543,Bui Thi Hieu,3.81,9.53,0,2001-08-12,CKM,K23,0,108,60
25133544,Truong Van Chi,3.44,8.6,0,2004-03-27,CNTT,K24,0,117,65
25133545,Ngo Thi Linh,3.7,9.25,0,2001-12-23,QTKD,K24,1,113,76
25133546,Tran Thi Giang,2.05,5.12,1,2006-08-09,CNOT,K23,0,150,99
25133547,Le Van Ngoc,3.55,8.88,0,2007-11-22,HTTT,K21,0,67,96
25133548,Nguyen Van Son,3.92,9.8,1,2004-02-18,KHMT,K25,0,128,58
25133549,Tran Thi Phuc,2.18,5.45,0,2005-02-18,QTKD,K21,0,76,68
25133550,Hoang Van Son,3.26,8.15,1,2002-02-27,KTPM,K24,0,73,52
25133551,Do Van Phuc,2.04,5.1,0,2004-03-02,QTKD,K22,0,60,63
25133552,Pham Thi Chi,1.61,4.03,1,2003-06-22,KHMT,K22,0,147,92
25133553,Hoang Van Binh,2.98,7.45,1,2003-06-03,QTKD,K21,1,89,52
25133554,Huynh Van Nam,2.62,6.55,1,2001-06-22,CNOT,K21,0,45,56
25133555,Ngo Thi Quan,3.18,7.95,0,2002-04-18,CKM,K22,0,106,94
25133556,Bui Thi Quan,3.05,7.62,0,2003-05-06,CKM,K23,1,36,70
25133557,Do Van Khanh,2.75,6.88,1,2001-03-21,KT,K22,0,66,57
25133558,Mai Thi Minh,2.72,6.8,1,2001-01-29,KTPM,K25,0,65,74
25133559,Duong Van Tuan,1.71,4.28,0,2005-05-27,DTVT,K23,0,133,86
25133560,Le Van Giang,3.38,8.45,0,2004-03-20,KT,K22,0,117,82
25133561,Nguyen Van Dung,1.97,4.92,0,2005-02-20,DTVT,K22,0,49,73
25133562,Phan Thi Linh,2.44,6.1,1,2007-12-20,KT,K22,0,117,69
25133563,Duong Van Tuan,3.41,8.53,1,2007-11-24,KTPM,K23,0,98,99
25133564,Bui Thi Minh,1.86,4.65,1,2002-06-01,CNOT,K22,0,141,58
25133565,Hoang Van Son,2.57,6.42,1,2003-04-04,DTVT,K23,0,107,67
25133566,Dang Van Nam,3.76,9.4,0,2006-05-01,CNTT,K24,0,84,88
25133567,Truong Van Phuc,2.73,6.83,1,2004-12-03,CNOT,K24,0,98,53
25133568,Truong Van Tuan,2.58,6.45,1,2005-05-16,KHMT,K25,0,86,56
25133569,Ngo Thi Chi,3.08,7.7,1,2001-07-09,QTKD,K23,0,65,56
25133570,Nguyen Van Duc,3.44,8.6,1,2002-03-21,CKM,K23,0,79,66
25133571,Hoang Van Son,2.48,6.2,1,2004-08-11,KT,K22,0,129,55
25133572,Huynh Van Dung,2.73,6.83,1,2002-03-30,HTTT,K23,0,124,59
25133573,Mai Thi Duc,1.86,4.65,1,2004-10-13,QTKD,K25,0,93,79
25133574,Phan Thi Linh,3.01,7.52,0,2002-10-08,QTKD,K24,1,92,90
25133575,Nguyen Van Hieu,2.66,6.65,1,2001-09-14,QTKD,K22,0,139,89
25133576,Mai Thi Dung,3.56,8.9,1,2003-10-16,KTMT,K25,0,120,84
25133577,Ngo Thi An,1.71,4.28,1,2005-03-16,CNOT,K21,0,102,66
25133578,Duong Van Son,3.48,8.7,1,2004-05-07,KT,K24,0,61,97
25133579,Tran Thi Vy,3.13,7.82,0,2001-04-28,KHMT,K22,0,111,63
25133580,Truong Van Binh,1.77,4.42,1,2002-11-12,DTVT,K25,0,112,91
25133581,Hoang Van Linh,3.05,7.62,0,2002-07-04,CNOT,K22,0,102,50
25133582,Vo Thi Thao,2.77,6.92,1,2005-12-29,HTTT,K24,1,63,72
25133583,Hoang Van Minh,1.84,4.6,0,2006-08-14,KTMT,K23,0,94,93
25133584,Truong Van Tuan,3.62,9.05,0,2003-03-11,KTMT,K23,1,51,68
25133585,Truong Van Khanh,2.03,5.07,1,2003-09-01,HTTT,K23,0,59,77
25133586,Mai Thi Tuan,2.64,6.6,1,2003-08-07,DTVT,K22,0,57,55
25133587,Huynh Van Chi,1.78,4.45,1,2006-05-21,KTPM,K24,0,149,55
25133588,Ngo Thi Son,1.74,4.35,0,2005-09-15,KT,K25,0,99,71
25133589,Tran Thi Vy,1.83,4.58,0,2006-03-16,CNTT,K24,1,132,71
25133590,Mai Thi Trang,1.91,4.77,1,2005-09-25,KT,K22,0,100,85
25133591,Huynh Van Hieu,2.91,7.28,0,2004-07-16,KTMT,K25,0,93,97
25133592,Bui Thi Linh,3.26,8.15,0,2004-06-30,KT,K24,0,76,93
25133593,Tran Thi Nam,1.96,4.9,1,2004-06-19,DTVT,K23,0,40,57
25133594,Le Van Dung,3.73,9.32,1,2006-03-22,KHMT,K22,0,36,93
25133595,Tran Thi Quan,3.72,9.3,0,2006-05-02,CKM,K25,0,81,79
25133596,Hoang Van Giang,2.41,6.03,1,2003-07-06,DTVT,K25,1,136,77
25133597,Bui Thi Giang,3.89,9.72,1,2007-04-26,KHMT,K23,0,57,82
25133598,Duong Van Nam,3.67,9.18,1,2002-04-11,CNOT,K25,0,140,59
25133599,Nguyen Van Khanh,3.74,9.35,1,2006-08-05,CNOT,K24,0,67,81
25133600,Hoang Van Tuan,3.75,9.38,0,2001-07-14,HTTT,K24,0,58,69
25133601,Tran Thi Giang,2.75,6.88,0,2004-11-27,HTTT,K23,0,56,89
25133602,Huynh Van Thao,1.58,3.95,1,2007-07-03,CKM,K25,0,85,55
25133603,Dang Van Son,3.22,8.05,1,2006-12-03,KTMT,K24,1,122,98
25133604,Bui Thi Chi,3.18,7.95,0,2002-12-04,CNTT,K25,0,110,93
25133605,Huynh Van Vy,3.0,7.5,0,2004-12-26,KTPM,K22,0,77,57
25133606,Tran Thi Minh,2.49,6.23,0,2001-09-30,CNTT,K21,0,63,70
25133607,Duong Van Son,2.88,7.2,0,2001-07-05,CNOT,K24,0,79,61
25133608,Ngo Thi Khanh,2.09,5.22,1,2003-10-07,KHMT,K25,1,69,78
25133609,Ngo Thi Giang,2.82,7.05,0,2007-07-22,KT,K25,0,125,93
25133610,Duong Van Son,2.43,6.08,0,2001-07-11,HTTT,K22,0,75,60
25133611,Tran Thi Minh,2.04,5.1,1,2007-12-12,DTVT,K23,0,139,97
25133612,Truong Van Nam,1.94,4.85,0,2001-04-28,QTKD,K21,0,75,71
25133613,Le Van Trang,2.08,5.2,0,2007-06-25,KTMT,K21,0,56,56
25133614,Ngo Thi Ngoc,3.92,9.8,1,2004-06-29,CNOT,K22,0,127,77
25133615,Nguyen Van An,3.08,7.7,0,2007-03-22,KTPM,K24,0,63,87
25133616,Le Van Phuc,1.99,4.97,1,2007-01-19,KHMT,K23,0,110,80
25133617,Truong Van Hai,2.36,5.9,0,2004-01-05,CNOT,K23,0,67,56
25133618,Phan Thi Tuan,2.53,6.32,1,2004-03-21,QTKD,K23,0,46,61
25133619,Duong Van Tuan,3.35,8.38,0,2004-11-26,KTMT,K22,0,69,97
25133620,Duong Van Quan,2.99,7.48,1,2006-05-19,KT,K24,0,117,75
25133621,Duong Van Minh,1.73,4.33,0,2003-12-02,KHMT,K25,0,99,70
25133622,Do Van Minh,2.39,5.98,0,2005-11-01,DTVT,K23,0,150,58
25133623,Le Van Quan,2.36,5.9,0,2001-02-06,CKM,K25,0,89,99
25133624,Hoang Van Quan,3.36,8.4,0,2007-07-20,CNTT,K21,0,106,75
25133625,Ngo Thi Son,3.34,8.35,0,2003-05-19,KHMT,K25,0,55,80
25133626,Bui Thi Hai,3.99,9.98,1,2003-01-14,CKM,K24,0,117,52
25133627,Mai Thi Tuan,2.13,5.32,0,2004-05-05,CNTT,K21,0,114,72
25133628,Hoang Van Phuc,2.47,6.18,0,2003-10-27,KTMT,K22,0,78,79
25133629,Pham Thi Binh,1.71,4.28,0,2006-06-30,CNTT,K24,0,133,80
25133630,Dang Van Giang,3.83,9.57,0,2001-06-17,CNTT,K25,0,48,93
25133631,Phan Thi Vy,1.96,4.9,1,2002-06-18,KTPM,K22,0,33,75
25133632,Tran Thi Tuan,3.37,8.43,1,2007-04-04,KTPM,K23,0,57,81
25133633,Hoang Van Dung,3.32,8.3,1,2001-05-16,CNTT,K23,0,111,87
25133634,Tran Thi Dung,3.54,8.85,0,2007-02-10,KHMT,K22,0,57,99
25133635,Ngo Thi Hieu,3.85,9.62,1,2002-10-26,CKM,K22,0,143,97
25133636,Do Van Duc,3.57,8.92,1,2001-06-13,CNTT,K25,0,120,57
25133637,Bui Thi Minh,2.72,6.8,1,2007-08-18,QTKD,K23,0,132,53
25133638,Vo Thi Chi,2.72,6.8,0,2005-07-20,KT,K22,0,53,85
25133639,Hoang Van Son,2.26,5.65,1,2006-11-18,CNOT,K25,0,80,80
25133640,Le Van Minh,2.54,6.35,0,2007-09-05,KTMT,K25,0,78,78
25133641,Le Van Ngoc,3.96,9.9,1,2004-11-27,KTPM,K21,0,46,70
25133642,Nguyen Van Quan,3.02,7.55,0,2001-08-22,KHMT,K24,0,137,67
25133643,Duong Van Quan,2.03,5.07,0,2006-02-15,KHMT,K22,0,43,78
25133644,Le Van Vy,2.94,7.35,0,2004-10-15,KTMT,K25,0,83,69
25133645,Duong Van Phuc,3.15,7.88,0,2003-03-24,CNTT,K22,1,86,72
25133646,Le Van Tuan,1.62,4.05,1,2003-07-27,KT,K21,0,62,61
25133647,Pham Thi Duc,3.45,8.62,1,2006-01-15,HTTT,K23,0,134,77
25133648,Mai Thi Linh,3.46,8.65,0,2007-09-18,CNTT,K22,0,139,66
25133649,Nguyen Van Linh,3.12,7.8,1,2002-06-26,KT,K24,0,119,87
25133650,Truong Van Khanh,1.56,3.9,1,2003-09-15,KTMT,K24,0,68,99
25133651,Dang Van Quan,2.35,5.88,0,2003-02-05,KTPM,K21,0,50,54
25133652,Nguyen Van Binh,2.88,7.2,0,2003-08-11,CNTT,K24,0,142,61
25133653,Truong Van Minh,1.77,4.42,0,2006-10-11,KT,K24,1,34,71
25133654,Huynh Van Trang,2.82,7.05,0,2006-03-02,CNTT,K24,0,140,64
25133655,Ngo Thi Phuc,3.73,9.32,0,2003-11-06,DTVT,K24,0,106,89
25133656,Le Van Dung,1.91,4.77,1,2007-12-08,DTVT,K24,0,107,100
25133657,Tran Thi Hieu,3.72,9.3,0,2002-07-06,KT,K25,1,79,61
25133658,Bui Thi Giang,3.19,7.97,1,2004-01-07,HTTT,K24,0,73,90
25133659,Huynh Van Dung,3.03,7.57,1,2003-06-12,DTVT,K25,0,104,71
25133660,Huynh Van Son,3.61,9.03,1,2003-06-10,KTPM,K21,0,38,70
25133661,Ngo Thi An,2.41,6.03,1,2005-11-29,KT,K25,0,35,83
25133662,Tran Thi Dung,2.03,5.07,1,2004-09-04,QTKD,K21,0,42,89
25133663,Dang Van Thao,2.13,5.32,0,2002-05-07,KTPM,K24,0,110,96
25133664,Tran Thi Hai,2.34,5.85,1,2003-04-05,KHMT,K22,0,45,89
25133665,Do Van Trang,3.75,9.38,1,2002-08-15,CNTT,K25,0,59,91
25133666,Bui Thi Phuc,3.78,9.45,0,2004-03-05,CNOT,K23,1,140,79
25133667,Tran Thi Khanh,3.03,7.57,0,2002-03-19,CNTT,K23,0,68,58
25133668,Dang Van Hieu,2.42,6.05,1,2006-02-11,KTMT,K24,0,95,71
25133669,Hoang Van Giang,2.28,5.7,1,2001-07-15,CNOT,K21,0,124,83
25133670,Vo Thi Hieu,3.82,9.55,1,2003-06-04,QTKD,K23,0,36,90
25133671,Truong Van Trang,2.36,5.9,1,2005-08-04,CNTT,K23,0,45,61
25133672,Duong Van Chi,2.42,6.05,0,2001-04-06,DTVT,K21,0,108,53
25133673,Duong Van Minh,1.6,4.0,1,2002-03-26,CKM,K25,0,41,99
25133674,Phan Thi Duc,2.05,5.12,0,2002-09-18,CKM,K25,0,124,83
25133675,Phan Thi Chi,3.31,8.28,1,2006-01-05,KTMT,K23,0,31,74
25133676,Do Van Minh,3.75,9.38,1,2003-01-14,HTTT,K24,1,84,69
25133677,Do Van Hieu,2.68,6.7,1,2003-10-15,CNOT,K23,0,95,69
25133678,Huynh Van Khanh,3.2,8.0,0,2006-11-23,KT,K25,1,138,84
25133679,Ngo Thi Tuan,3.1,7.75,0,2003-05-12,HTTT,K24,0,127,89
25133680,Huynh Van Binh,2.27,5.67,1,2005-10-25,KTPM,K23,0,100,88
25133681,Duong Van Nam,1.56,3.9,1,2005-12-29,CKM,K24,0,30,72
25133682,Mai Thi Hieu,3.35,8.38,1,2004-11-28,KTPM,K23,0,150,89
25133683,Tran Thi Phuc,1.92,4.8,0,2005-07-01,KHMT,K23,0,92,67
25133684,Hoang Van Hieu,3.43,8.58,1,2002-04-16,CKM,K21,0,78,65
25133685,Phan Thi Son,2.56,6.4,1,2003-12-02,KHMT,K24,0,85,76
25133686,Le Van Phuc,2.58,6.45,0,2005-06-19,DTVT,K25,0,146,65
25133687,Bui Thi Hieu,2.15,5.38,1,2001-05-19,CKM,K24,0,97,99
25133688,Pham Thi Dung,2.04,5.1,1,2002-04-10,CNOT,K23,0,33,95
25133689,Tran Thi Phuc,3.98,9.95,1,2003-06-04,CNOT,K21,0,44,99
25133690,Tran Thi Hai,3.11,7.77,0,2007-04-20,HTTT,K23,0,44,89
25133691,Phan Thi Ngoc,3.38,8.45,0,2003-03-30,KTPM,K25,0,136,80
25133692,Tran Thi Chi,1.73,4.33,0,2002-06-12,KT,K21,0,123,96
25133693,Ngo Thi Hieu,1.92,4.8,0,2003-04-06,KTMT,K24,1,84,79
25133694,Tran Thi Tuan,2.44,6.1,1,2005-03-25,CNTT,K25,0,135,61
25133695,Vo Thi Duc,2.29,5.72,0,2003-10-17,CKM,K21,0,117,94
25133696,Ngo Thi Giang,3.41,8.53,0,2001-09-10,KHMT,K23,0,57,87
25133697,Phan Thi An,3.3,8.25,1,2003-08-12,HTTT,K25,1,103,93
25133698,Huynh Van Phuc,3.14,7.85,0,2005-02-03,KTMT,K23,0,43,92
25133699,Bui Thi An,3.08,7.7,1,2002-10-27,CNOT,K25,0,140,86
25133700,Truong Van Minh,3.67,9.18,1,2002-12-19,KTMT,K25,0,118,65
25133701,Huynh Van Giang,3.03,7.57,1,2003-12-06,CNOT,K24,0,69,77
25133702,Bui Thi Trang,3.45,8.62,1,2001-06-29,KHMT,K24,0,87,61
25133703,Tran Thi Linh,1.65,4.12,0,2002-10-22,QTKD,K23,0,33,79
25133704,Phan Thi Thao,2.09,5.22,0,2001-05-29,QTKD,K22,0,41,74
25133705,Tran Thi Thao,1.92,4.8,1,2002-01-06,CNTT,K24,0,131,53
25133706,Ngo Thi Hieu,3.29,8.22,0,2006-10-10,CNOT,K21,0,119,75
25133707,Vo Thi Chi,1.57,3.93,1,2007-05-29,HTTT,K25,0,126,98
25133708,Le Van Nam,2.08,5.2,0,2005-07-16,KT,K23,0,57,69
25133709,Tran Thi Vy,1.64,4.1,0,2004-09-20,CNTT,K24,0,56,82
25133710,Truong Van Binh,1.99,4.97,0,2004-05-13,KTMT,K21,0,123,60
25133711,Hoang Van An,2.43,6.08,1,2003-07-05,HTTT,K24,0,57,89
25133712,Nguyen Van Duc,2.6,6.5,0,2007-02-27,CNTT,K24,0,127,75
25133713,Hoang Van Chi,1.59,3.98,1,2003-05-31,KTPM,K23,0,82,73
25133714,Do Van Quan,2.18,5.45,1,2004-02-18,KTPM,K23,0,76,88
25133715,Ngo Thi Chi,2.46,6.15,0,2002-07-17,CNTT,K21,0,123,63
25133716,Le Van Ngoc,1.83,4.58,1,2006-02-25,KTMT,K23,0,58,60
25133717,Nguyen Van Binh,1.94,4.85,0,2003-09-08,QTKD,K23,0,43,67
25133718,Huynh Van Dung,2.83,7.08,0,2001-02-18,KT,K25,0,86,100
25133719,Le Van Chi,2.99,7.48,1,2001-09-05,CKM,K24,0,110,60
25133720,Hoang Van Giang,1.65,4.12,0,2006-02-18,CNOT,K21,0,111,70
25133721,Tran Thi Ngoc,1.94,4.85,1,2004-08-30,CNTT,K23,0,142,78
25133722,Bui Thi Hieu,3.89,9.72,1,2004-03-28,KT,K23,0,133,80
25133723,Huynh Van Binh,2.08,5.2,1,2007-10-06,QTKD,K23,0,129,70
25133724,Do Van Linh,2.76,6.9,0,2004-10-31,CKM,K23,0,31,100
25133725,Dang Van Dung,2.13,5.32,1,2004-08-19,KTMT,K24,1,106,96
25133726,Nguyen Van Linh,3.82,9.55,0,2006-05-23,CNTT,K25,0,84,92
25133727,Bui Thi Thao,1.84,4.6,0,2007-06-22,CNOT,K24,0,115,89
25133728,Dang Van Hai,2.22,5.55,1,2005-01-17,KHMT,K23,0,88,68
25133729,Nguyen Van Ngoc,2.24,5.6,1,2006-10-29,DTVT,K25,0,113,69
25133730,Truong Van Chi,2.76,6.9,1,2004-07-29,HTTT,K22,0,136,69
25133731,Tran Thi Duc,2.04,5.1,0,2004-12-19,KHMT,K23,0,149,56
25133732,Phan Thi Son,2.55,6.38,0,2003-10-26,CNOT,K22,0,131,94
25133733,Bui Thi Vy,3.12,7.8,0,2002-01-31,CKM,K21,0,41,51
25133734,Mai Thi Minh,3.86,9.65,1,2003-08-20,CNTT,K22,1,98,59
25133735,Truong Van Phuc,1.61,4.03,0,2005-03-09,CNOT,K23,0,63,75
25133736,Ngo Thi Dung,2.13,5.32,1,2002-02-03,KTPM,K25,0,76,86
25133737,Nguyen Van Hieu,2.78,6.95,1,2006-06-03,CNOT,K22,0,90,77
25133738,Pham Thi Duc,1.97,4.92,0,2005-08-19,KHMT,K22,0,60,73
25133739,Phan Thi Minh,2.48,6.2,1,2003-04-25,QTKD,K22,0,48,95
25133740,Pham Thi Ngoc,2.12,5.3,1,2006-08-07,CNOT,K21,0,56,51
25133741,Phan Thi Phuc,3.08,7.7,1,2007-08-11,DTVT,K24,0,42,69
25133742,Ngo Thi An,2.32,5.8,1,2001-10-26,QTKD,K25,0,65,94
25133743,Nguyen Van Thao,1.7,4.25,0,2001-10-22,KHMT,K22,1,124,97
25133744,Ngo Thi Hieu,2.28,5.7,0,2003-06-27,HTTT,K23,0,82,55
25133745,Nguyen Van Trang,1.78,4.45,0,2004-07-06,CKM,K23,1,149,85
25133746,Le Van Tuan,1.8,4.5,0,2004-11-12,QTKD,K23,0,149,65
25133747,Phan Thi Khanh,3.79,9.47,0,2007-10-31,KT,K23,1,119,78
25133748,Truong Van Giang,2.28,5.7,0,2005-08-13,KTPM,K24,0,70,66
25133749,Hoang Van Phuc,1.72,4.3,0,2006-09-26,KTPM,K24,0,31,97
25133750,Mai Thi Khanh,2.79,6.97,1,2007-10-01,KT,K24,0,37,94
25133751,Huynh Van Ngoc,1.92,4.8,0,2004-07-28,KTMT,K25,0,96,79
25133752,Hoang Van Giang,3.31,8.28,1,2006-07-26,KHMT,K23,0,122,96
25133753,Do Van Quan,3.68,9.2,0,2001-11-24,KTPM,K21,0,46,80
25133754,Nguyen Van Quan,3.25,8.12,1,2005-03-10,CNOT,K22,0,115,58
25133755,Ngo Thi Thao,1.6,4.0,1,2005-05-08,CNTT,K25,0,113,56
25133756,Ngo Thi Minh,3.22,8.05,0,2002-08-03,KTPM,K21,0,133,67
25133757,Huynh Van Binh,2.64,6.6,1,2002-10-06,KTMT,K21,0,86,82
25133758,Huynh Van Hai,3.37,8.43,1,2006-05-02,HTTT,K23,0,55,60
25133759,Pham Thi Minh,2.09,5.22,1,2005-05-27,HTTT,K21,0,132,85
25133760,Huynh Van Hieu,2.99,7.48,0,2001-07-23,CNOT,K21,0,75,74
25133761,Hoang Van Khanh,1.5,3.75,0,2006-07-15,DTVT,K24,0,113,84
25133762,Mai Thi Giang,2.25,5.62,1,2003-07-03,DTVT,K22,1,142,58
25133763,Phan Thi Tuan,3.39,8.47,0,2004-03-19,CNTT,K25,0,122,68
25133764,Duong Van Khanh,3.54,8.85,1,2004-09-29,KHMT,K25,0,100,52
25133765,Le Van Giang,2.29,5.72,1,2005-02-03,CKM,K24,0,49,67
25133766,Hoang Van Son,3.58,8.95,0,2007-09-02,KHMT,K25,0,38,87
25133767,Tran Thi Thao,2.03,5.07,1,2002-09-13,KTMT,K22,0,132,60
25133768,Truong Van Tuan,3.28,8.2,0,2007-11-10,KT,K25,0,93,92
25133769,Ngo Thi Binh,3.8,9.5,1,2007-05-21,KHMT,K24,1,91,60
25133770,Huynh Van Trang,2.36,5.9,1,2003-12-30,CNOT,K22,0,122,74
25133771,Duong Van Thao,3.86,9.65,1,2001-01-14,KHMT,K23,0,143,98
25133772,Dang Van Son,3.36,8.4,0,2005-01-19,CNOT,K25,0,93,97
25133773,Duong Van Hai,1.7,4.25,1,2004-01-10,CKM,K22,0,97,76
25133774,Le Van Khanh,3.88,9.7,1,2007-11-22,KTMT,K23,0,113,82
25133775,Tran Thi Trang,1.58,3.95,1,2004-07-04,CNTT,K24,0,67,66
25133776,Dang Van Nam,3.34,8.35,0,2006-02-15,CNTT,K21,0,90,91
25133777,Dang Van Binh,2.96,7.4,0,2003-06-01,DTVT,K22,0,148,95
25133778,Mai Thi Nam,3.58,8.95,0,2007-08-03,CNTT,K25,0,54,91
25133779,Tran Thi Dung,1.55,3.88,1,2007-02-17,KT,K24,0,67,64
25133780,Vo Thi Trang,2.05,5.12,0,2001-06-03,DTVT,K25,0,102,74
25133781,Duong Van Phuc,2.14,5.35,1,2003-04-02,CKM,K25,0,104,88
25133782,Vo Thi Phuc,2.35,5.88,1,2003-04-14,HTTT,K22,0,118,63
25133783,Mai Thi Giang,3.83,9.57,1,2004-01-21,DTVT,K25,0,75,98
25133784,Hoang Van Duc,3.78,9.45,0,2004-06-17,KHMT,K22,0,45,89
25133785,Ngo Thi An,3.55,8.88,0,2007-06-22,KTMT,K25,0,105,81
25133786,Mai Thi Tuan,3.31,8.28,0,2006-12-23,DTVT,K24,0,144,66
25133787,Dang Van An,3.32,8.3,1,2004-01-01,CNTT,K24,0,114,76
25133788,Bui Thi Thao,1.84,4.6,1,2001-12-12,KTMT,K22,0,124,75
25133789,Hoang Van Hieu,2.9,7.25,1,2002-12-06,CKM,K24,0,142,50
25133790,Mai Thi Ngoc,2.09,5.22,1,2001-07-10,KTPM,K25,0,88,72
25133791,Hoang Van An,1.93,4.83,1,2004-09-13,DTVT,K22,0,65,51
25133792,Mai Thi Dung,2.47,6.18,1,2002-10-17,HTTT,K24,1,84,100
25133793,Vo Thi Dung,3.03,7.57,1,2002-04-20,KHMT,K22,0,113,100
25133794,Do Van Binh,3.73,9.32,0,2005-12-26,KTPM,K22,0,145,100
25133795,Le Van Giang,3.86,9.65,0,2002-06-08,QTKD,K21,0,103,54
25133796,Mai Thi Duc,1.78,4.45,1,2005-11-21,KT,K21,0,52,61
25133797,Phan Thi Chi,1.54,3.85,1,2003-01-22,KTMT,K23,0,32,76
25133798,Mai Thi Linh,3.64,9.1,1,2007-05-13,KTPM,K22,1,103,100
25133799,Mai Thi Nam,2.08,5.2,1,2002-12-16,HTTT,K21,0,117,80
25133800,Huynh Van Nam,3.48,8.7,1,2002-11-04,KTPM,K22,0,45,59
25133801,Ngo Thi Tuan,2.3,5.75,1,2001-07-27,HTTT,K24,0,89,60
25133802,Vo Thi Chi,1.64,4.1,1,2006-06-01,CNOT,K23,0,59,69
25133803,Huynh Van Binh,3.42,8.55,1,2003-03-19,HTTT,K21,1,32,99
25133804,Phan Thi Minh,2.3,5.75,0,2006-09-09,KTMT,K25,0,47,56
25133805,Pham Thi Hieu,1.93,4.83,1,2005-07-01,KTMT,K22,0,45,50
25133806,Huynh Van Trang,2.07,5.17,1,2004-07-21,QTKD,K22,0,113,85
25133807,Pham Thi Vy,1.79,4.47,1,2001-12-21,HTTT,K22,0,50,51
25133808,Vo Thi Chi,2.14,5.35,1,2005-12-04,CNOT,K25,1,112,72
25133809,Duong Van Duc,3.36,8.4,0,2002-11-12,CNOT,K23,0,109,67
25133810,Dang Van Trang,3.26,8.15,1,2001-03-31,KHMT,K22,0,145,56
25133811,Mai Thi An,3.13,7.82,0,2005-12-26,KHMT,K23,0,125,89
25133812,Bui Thi An,2.04,5.1,0,2005-07-16,KTPM,K24,0,74,70
25133813,Duong Van An,1.58,3.95,1,2007-07-06,KHMT,K25,1,56,78
25133814,Dang Van Thao,3.04,7.6,1,2006-05-31,KTPM,K23,0,44,73
25133815,Pham Thi Binh,2.75,6.88,0,2007-11-29,DTVT,K23,0,134,89
25133816,Dang Van Hai,3.1,7.75,0,2002-04-19,DTVT,K25,0,35,90
25133817,Truong Van Son,3.38,8.45,1,2001-01-13,CNTT,K23,0,100,66
25133818,Tran Thi Duc,2.97,7.43,0,2007-04-16,KHMT,K25,1,47,80
25133819,Huynh Van Hai,2.83,7.08,0,2003-12-29,HTTT,K23,0,44,83
25133820,Dang Van Binh,3.62,9.05,0,2002-09-01,KTPM,K23,0,111,95
25133821,Do Van Thao,2.83,7.08,1,2007-06-15,CNOT,K21,0,91,82
25133822,Huynh Van Minh,1.94,4.85,1,2002-02-18,DTVT,K24,0,72,87
25133823,Pham Thi Minh,3.15,7.88,1,2005-12-04,KTPM,K22,0,146,54
25133824,Duong Van Son,3.79,9.47,1,2004-06-14,CNTT,K21,0,131,62
25133825,Pham Thi Son,1.96,4.9,0,2001-07-26,CNOT,K22,0,139,64
25133826,Duong Van Hieu,2.19,5.47,0,2002-09-07,KT,K24,1,55,87
25133827,Vo Thi Giang,3.03,7.57,0,2006-03-19,CNTT,K25,0,33,74
25133828,Tran Thi Linh,3.05,7.62,1,2006-06-03,KTMT,K23,0,99,57
25133829,Phan Thi Duc,3.17,7.92,0,2007-03-21,CKM,K23,0,99,62
25133830,Truong Van Tuan,2.4,6.0,0,2002-11-09,KTPM,K24,1,81,72
25133831,Huynh Van Nam,3.94,9.85,0,2003-11-06,HTTT,K25,0,70,82
25133832,Nguyen Van Quan,3.84,9.6,1,2005-02-27,KTPM,K22,0,93,53
25133833,Le Van Nam,3.55,8.88,1,2003-02-01,KHMT,K24,0,95,81
25133834,Truong Van Duc,3.86,9.65,0,2001-01-16,KTMT,K21,1,39,55
25133835,Duong Van Quan,2.39,5.98,1,2001-06-25,DTVT,K25,0,133,85
25133836,Huynh Van Chi,3.01,7.52,1,2002-10-22,HTTT,K21,0,42,90
25133837,Dang Van Duc,1.98,4.95,1,2006-01-07,DTVT,K25,0,87,84
25133838,Le Van Trang,2.52,6.3,0,2004-10-10,HTTT,K23,0,112,61
25133839,Nguyen Van Quan,2.56,6.4,0,2001-09-17,KTPM,K22,0,90,85
25133840,Tran Thi Binh,1.69,4.22,0,2006-04-01,CNOT,K22,0,113,78
25133841,Duong Van Son,3.02,7.55,1,2004-08-19,HTTT,K21,0,89,59
25133842,Hoang Van Ngoc,3.85,9.62,1,2003-11-10,KTMT,K24,0,149,82
25133843,Tran Thi Tuan,2.06,5.15,1,2005-08-24,CKM,K22,0,61,77
25133844,Nguyen Van Son,2.95,7.38,0,2006-09-02,HTTT,K25,0,39,80
25133845,Ngo Thi Linh,3.73,9.32,1,2007-10-13,DTVT,K22,0,32,98
25133846,Duong Van Chi,1.6,4.0,0,2004-03-04,KTPM,K24,0,147,77
25133847,Le Van Ngoc,2.62,6.55,1,2006-10-17,KHMT,K24,0,98,54
25133848,Mai Thi Vy,3.14,7.85,1,2006-10-23,DTVT,K25,0,67,81
25133849,Truong Van Binh,2.95,7.38,0,2005-07-21,QTKD,K25,0,77,92
25133850,Nguyen Van Binh,1.54,3.85,1,2003-12-09,QTKD,K25,0,90,50
25133851,Pham Thi An,3.07,7.67,0,2007-12-06,HTTT,K22,0,37,59
25133852,Bui Thi Hieu,1.83,4.58,1,2003-11-25,KTPM,K23,0,139,91
25133853,Do Van Phuc,2.24,5.6,1,2005-01-08,DTVT,K24,0,57,99
25133854,Do Van Nam,2.6,6.5,0,2002-06-21,DTVT,K23,0,149,71
25133855,Huynh Van Dung,2.9,7.25,1,2002-10-03,CNOT,K21,0,110,92
25133856,Tran Thi An,3.76,9.4,1,2005-07-14,KHMT,K24,0,148,90
25133857,Mai Thi Chi,2.96,7.4,1,2007-02-07,CNOT,K23,0,112,81
25133858,Huynh Van Binh,1.74,4.35,0,2001-04-05,CNTT,K23,0,118,56
25133859,Truong Van Tuan,3.44,8.6,1,2006-07-23,QTKD,K21,0,106,74
25133860,Dang Van Nam,3.16,7.9,0,2003-06-05,CKM,K22,0,121,82
25133861,Bui Thi Vy,2.83,7.08,1,2001-10-25,KTMT,K23,0,115,97
25133862,Nguyen Van Ngoc,2.06,5.15,1,2005-01-13,KHMT,K25,0,138,79
25133863,Dang Van Minh,3.29,8.22,0,2002-10-08,KHMT,K21,0,140,83
25133864,Tran Thi Hai,1.88,4.7,1,2004-11-26,CNOT,K24,0,43,67
25133865,Tran Thi Chi,2.07,5.17,0,2002-06-09,KTMT,K24,0,59,94
25133866,Hoang Van Son,1.55,3.88,1,2003-09-04,KTMT,K22,0,145,50
25133867,Le Van Vy,3.47,8.68,1,2003-04-15,HTTT,K24,0,64,84
25133868,Phan Thi Tuan,2.7,6.75,1,2003-10-16,CNOT,K25,0,84,81
25133869,Truong Van Binh,2.14,5.35,1,2005-12-02,KT,K22,0,121,90
25133870,Mai Thi Minh,2.35,5.88,0,2002-11-02,CKM,K24,0,139,70
25133871,Tran Thi Ngoc,3.02,7.55,1,2003-06-27,HTTT,K22,0,132,72
25133872,Mai Thi Giang,2.51,6.27,1,2006-06-11,CNTT,K21,0,114,67
25133873,Hoang Van An,3.01,7.52,0,2002-10-15,KHMT,K25,0,49,54
25133874,Do Van Giang,2.78,6.95,1,2004-04-29,CNTT,K21,0,40,82
25133875,Nguyen Van Hai,2.55,6.38,1,2005-10-17,KHMT,K24,0,141,68
25133876,Huynh Van Phuc,1.84,4.6,1,2007-02-28,HTTT,K24,0,87,51
25133877,Hoang Van Giang,3.93,9.83,0,2006-10-10,DTVT,K25,0,126,77
25133878,Bui Thi Duc,3.37,8.43,1,2007-10-21,HTTT,K23,0,78,55
25133879,Do Van Vy,2.54,6.35,0,2001-01-28,CNOT,K22,0,142,99
25133880,Truong Van Son,2.9,7.25,1,2006-02-07,KHMT,K24,0,147,88
25133881,Vo Thi Nam,3.21,8.03,1,2001-11-05,CKM,K25,0,111,55
25133882,Pham Thi Thao,3.95,9.88,1,2006-08-26,KTPM,K21,0,103,88
25133883,Pham Thi Dung,2.28,5.7,1,2002-01-14,QTKD,K25,0,93,69
25133884,Dang Van Tuan,3.06,7.65,1,2001-01-16,KHMT,K22,0,46,69
25133885,Phan Thi Ngoc,2.59,6.47,0,2001-05-11,DTVT,K24,0,122,93
25133886,Le Van Quan,2.57,6.42,1,2004-04-02,KHMT,K23,0,132,94
25133887,Huynh Van Giang,2.86,7.15,0,2003-05-17,KTPM,K24,0,32,82
25133888,Ngo Thi Dung,2.46,6.15,0,2001-05-24,HTTT,K21,0,113,55
25133889,Huynh Van Binh,1.68,4.2,1,2002-06-15,CNTT,K24,0,123,100
25133890,Dang Van Thao,2.39,5.98,0,2001-05-18,QTKD,K22,0,127,51
25133891,Huynh Van Duc,3.07,7.67,1,2005-08-14,DTVT,K25,0,46,64
25133892,Bui Thi Trang,2.82,7.05,1,2004-06-06,KTMT,K21,0,125,59
25133893,Hoang Van Chi,2.96,7.4,1,2004-11-28,CNOT,K22,0,44,82
25133894,Pham Thi Hai,1.56,3.9,0,2005-06-20,KTMT,K24,0,49,84
25133895,Le Van Linh,1.84,4.6,0,2006-07-19,KHMT,K25,0,59,54
25133896,Phan Thi Khanh,2.75,6.88,0,2003-07-06,HTTT,K21,0,137,61
25133897,Ngo Thi Hai,1.85,4.62,1,2002-07-24,CNTT,K21,0,95,86
25133898,Do Van Hieu,3.14,7.85,1,2006-04-07,KT,K22,0,79,59
25133899,Truong Van Hieu,3.17,7.92,0,2002-02-11,KHMT,K25,0,36,98
25133900,Truong Van Khanh,2.89,7.23,0,2007-10-01,CNOT,K23,0,125,90
25133901,Truong Van Hieu,3.88,9.7,0,2002-01-12,CKM,K25,0,146,57
25133902,Huynh Van Chi,2.27,5.67,0,2006-02-23,KTPM,K22,0,147,64
25133903,Truong Van Binh,3.06,7.65,1,2002-05-21,KTMT,K22,0,127,81
25133904,Phan Thi Phuc,3.48,8.7,1,2006-07-06,KTMT,K21,1,96,67
25133905,Duong Van Tuan,2.37,5.93,1,2006-07-29,KTPM,K22,0,37,76
25133906,Le Van Dung,3.91,9.78,1,2003-03-18,CNOT,K23,0,83,62
25133907,Le Van Khanh,2.08,5.2,0,2001-07-29,DTVT,K22,0,59,66
25133908,Mai Thi An,3.08,7.7,1,2003-07-23,CNOT,K23,0,146,52
25133909,Le Van Duc,3.61,9.03,1,2003-12-22,HTTT,K22,0,53,72
25133910,Dang Van Binh,2.95,7.38,1,2004-07-14,KTMT,K23,0,65,79
25133911,Bui Thi Duc,2.68,6.7,1,2005-08-17,DTVT,K24,0,38,82
25133912,Phan Thi Tuan,2.7,6.75,1,2007-08-11,HTTT,K21,0,116,56
25133913,Mai Thi Binh,3.35,8.38,1,2006-03-21,KHMT,K24,0,87,55
25133914,Huynh Van Giang,2.7,6.75,0,2002-07-30,DTVT,K22,0,79,77
25133915,Ngo Thi Phuc,2.4,6.0,1,2002-12-18,HTTT,K21,1,146,71
25133916,Tran Thi Duc,2.9,7.25,0,2005-07-03,CKM,K25,0,150,69
25133917,Pham Thi Binh,2.12,5.3,0,2004-12-21,CKM,K21,0,97,63
25133918,Vo Thi Vy,3.18,7.95,0,2006-02-11,KTMT,K22,0,78,94
25133919,Mai Thi Son,1.94,4.85,1,2004-09-07,HTTT,K23,0,135,72
25133920,Duong Van An,2.04,5.1,0,2003-05-18,CNTT,K21,0,98,92
25133921,Dang Van Thao,2.86,7.15,1,2002-02-21,KTPM,K24,0,40,58
25133922,Dang Van Son,3.05,7.62,0,2002-11-02,CNOT,K25,0,34,77
25133923,Mai Thi Nam,3.83,9.57,1,2007-05-29,QTKD,K21,0,58,66
25133924,Tran Thi Quan,2.26,5.65,0,2003-10-26,KTPM,K25,0,107,50
25133925,Le Van Giang,2.92,7.3,0,2006-05-28,CNTT,K23,0,111,93
25133926,Dang Van Phuc,2.32,5.8,0,2005-10-26,KTMT,K22,0,100,66
25133927,Do Van Tuan,3.41,8.53,1,2007-10-27,CKM,K21,1,118,97
25133928,Nguyen Van Quan,1.63,4.07,0,2005-12-07,KTPM,K22,0,33,72
25133929,Do Van Ngoc,3.45,8.62,1,2004-07-20,KTMT,K21,0,94,51
25133930,Vo Thi Nam,3.18,7.95,0,2005-01-02,QTKD,K23,0,71,88
25133931,Nguyen Van Duc,3.53,8.82,1,2002-02-01,CKM,K22,1,51,94
25133932,Vo Thi Quan,2.12,5.3,1,2002-10-22,KTPM,K21,0,54,65
25133933,Le Van Trang,2.13,5.32,0,2001-11-12,CNTT,K22,1,61,86
25133934,Phan Thi Minh,3.03,7.57,0,2004-02-28,KTPM,K21,0,110,57
25133935,Huynh Van Binh,3.83,9.57,0,2005-09-10,KHMT,K22,0,102,63
25133936,Nguyen Van Trang,2.31,5.78,1,2001-10-18,KTPM,K22,0,59,83
25133937,Mai Thi Trang,3.29,8.22,1,2002-10-30,CKM,K25,0,37,67
25133938,Le Van Hai,1.79,4.47,0,2006-06-22,KTPM,K24,0,133,74
25133939,Do Van Quan,3.28,8.2,1,2002-12-08,KTMT,K24,0,90,91
25133940,Duong Van Hieu,3.69,9.22,0,2005-09-22,CKM,K25,0,105,64
25133941,Mai Thi Phuc,2.5,6.25,1,2001-01-12,KTPM,K22,0,34,91
25133942,Hoang Van Quan,2.51,6.27,1,2002-06-16,DTVT,K22,0,109,61
25133943,Nguyen Van Minh,3.51,8.77,1,2006-08-22,QTKD,K21,0,43,90
25133944,Bui Thi Son,3.01,7.52,0,2003-12-28,KT,K25,0,111,56
25133945,Mai Thi Nam,3.96,9.9,1,2002-06-05,CNTT,K21,0,36,57
25133946,Le Van Thao,2.31,5.78,1,2007-03-22,CNTT,K25,0,108,58
25133947,Huynh Van Dung,2.71,6.78,1,2001-09-05,CNTT,K21,0,70,54
25133948,Do Van Minh,2.75,6.88,1,2006-04-27,CNTT,K22,0,31,62
25133949,Pham Thi Linh,2.95,7.38,0,2002-12-11,DTVT,K24,1,116,63
25133950,Dang Van Binh,3.88,9.7,1,2006-03-08,CNTT,K25,0,149,92
25133951,Duong Van Khanh,3.6,9.0,1,2006-09-09,KT,K25,0,63,62
25133952,Huynh Van Linh,3.74,9.35,1,2004-10-17,CKM,K24,0,100,77
25133953,Hoang Van Chi,2.8,7.0,1,2001-02-06,KTMT,K21,1,95,59
25133954,Truong Van Binh,3.56,8.9,1,2001-04-10,KTPM,K22,0,34,65
25133955,Do Van Trang,2.81,7.03,0,2001-06-07,CKM,K22,0,99,91
25133956,Vo Thi Thao,3.68,9.2,1,2006-03-09,CNTT,K21,0,106,100
25133957,Le Van Chi,3.52,8.8,1,2006-11-23,QTKD,K21,0,129,56
25133958,Ngo Thi Nam,1.84,4.6,0,2003-11-18,DTVT,K21,0,109,65
25133959,Ngo Thi Dung,1.58,3.95,1,2003-01-21,KTPM,K21,0,119,56
25133960,Mai Thi Nam,3.02,7.55,1,2006-07-05,KTMT,K23,1,116,91
25133961,Nguyen Van Ngoc,2.14,5.35,0,2004-10-08,CNOT,K22,0,129,97
25133962,Nguyen Van Tuan,3.64,9.1,0,2007-04-04,CNTT,K22,0,86,59
25133963,Truong Van Phuc,2.04,5.1,1,2003-01-29,KTMT,K22,0,34,63
25133964,Dang Van Thao,1.75,4.38,1,2005-04-22,QTKD,K23,0,82,56
25133965,Le Van Quan,3.41,8.53,1,2007-09-14,KHMT,K21,0,84,68
25133966,Le Van Phuc,2.57,6.42,0,2002-01-26,DTVT,K21,0,105,77
25133967,Nguyen Van Dung,2.38,5.95,1,2001-02-26,CNTT,K22,1,48,58
25133968,Duong Van Khanh,3.29,8.22,0,2007-08-21,HTTT,K22,0,39,93
25133969,Duong Van Binh,3.02,7.55,0,2005-02-26,KT,K22,0,51,88
25133970,Pham Thi Nam,3.29,8.22,1,2005-09-22,CKM,K21,0,128,75
25133971,Ngo Thi Dung,3.24,8.1,1,2006-12-26,KTMT,K22,0,133,86
25133972,Do Van Phuc,3.46,8.65,1,2001-08-01,CKM,K22,0,90,71
25133973,Phan Thi Tuan,1.96,4.9,1,2002-04-21,KHMT,K24,0,110,63
25133974,Dang Van Tuan,3.91,9.78,1,2005-07-30,KTMT,K24,0,74,87
25133975,Do Van Khanh,3.81,9.53,0,2002-09-24,KTPM,K21,0,68,74
25133976,Huynh Van Trang,2.85,7.12,1,2005-05-24,KTPM,K24,0,76,77
25133977,Phan Thi Son,2.97,7.43,1,2004-08-31,CNOT,K24,0,32,88
25133978,Duong Van Binh,3.4,8.5,0,2005-05-24,KT,K21,0,146,75
25133979,Vo Thi Khanh,3.09,7.72,0,2006-10-30,CNOT,K21,1,44,89
25133980,Pham Thi Tuan,2.45,6.12,1,2007-10-06,CNOT,K25,0,39,75
25133981,Bui Thi Hieu,1.57,3.93,1,2005-10-28,KTMT,K24,0,146,52
25133982,Hoang Van Linh,2.54,6.35,0,2007-08-25,CKM,K24,0,33,56
25133983,Tran Thi Giang,3.0,7.5,0,2002-08-30,CNTT,K25,0,127,67
25133984,Mai Thi Trang,1.74,4.35,1,2002-10-09,CNTT,K21,0,49,84
25133985,Tran Thi Chi,3.98,9.95,0,2002-06-08,KHMT,K21,0,47,80
25133986,Huynh Van Hieu,2.54,6.35,1,2007-12-15,CNOT,K25,0,51,70
25133987,Dang Van Son,2.42,6.05,0,2006-06-04,CKM,K21,0,76,69
25133988,Pham Thi Giang,2.16,5.4,0,2006-11-14,KHMT,K21,0,59,50
25133989,Dang Van Minh,1.88,4.7,1,2006-12-08,QTKD,K23,0,52,67
25133990,Phan Thi Quan,2.07,5.17,0,2003-02-21,CNOT,K25,1,55,98
25133991,Huynh Van Quan,3.36,8.4,1,2005-05-10,KHMT,K23,0,39,79
25133992,Tran Thi Phuc,1.87,4.68,0,2003-07-13,DTVT,K24,0,50,95
25133993,Vo Thi Duc,2.65,6.62,1,2004-05-25,KHMT,K21,0,149,78
25133994,Bui Thi Giang,3.51,8.77,1,2004-02-27,CNTT,K24,0,119,73
25133995,Do Van Khanh,2.82,7.05,0,2004-10-28,CNTT,K21,0,111,62
25133996,Nguyen Van Thao,2.82,7.05,1,2001-06-27,KHMT,K24,0,125,73
25133997,Do Van Tuan,2.03,5.07,0,2003-06-11,CNTT,K23,0,78,50
25133998,Tran Thi An,3.76,9.4,1,2001-05-22,CNTT,K25,0,30,93
25133999,Bui Thi Quan,1.57,3.93,1,2001-04-16,CNOT,K24,0,64,54
25134000,Mai Thi Hai,3.57,8.92,0,2004-07-26,QTKD,K24,0,146,83
25134001,Le Van Duc,2.16,5.4,0,2001-09-16,QTKD,K22,0,117,59
25134002,Ngo Thi Trang,2.32,5.8,1,2003-02-02,KTMT,K22,0,141,75
25134003,Dang Van Giang,3.27,8.18,0,2005-10-16,CNOT,K22,0,130,75
25134004,Ngo Thi Trang,1.91,4.77,0,2002-07-29,KHMT,K24,1,39,63
25134005,Nguyen Van Son,2.67,6.67,1,2003-10-23,KTPM,K25,0,64,86
25134006,Phan Thi Nam,2.63,6.57,1,2001-08-26,CNOT,K25,0,59,99
25134007,Hoang Van Duc,1.54,3.85,1,2003-09-17,DTVT,K24,0,71,62
25134008,Hoang Van Vy,3.99,9.98,0,2001-12-22,CKM,K22,0,53,51
25134009,Tran Thi Duc,3.35,8.38,1,2002-12-26,KTMT,K25,0,130,68
25134010,Phan Thi An,2.82,7.05,1,2005-07-01,CNOT,K23,1,122,53
25134011,Bui Thi Hieu,3.5,8.75,1,2005-11-07,KHMT,K23,0,117,76
25134012,Mai Thi Binh,3.97,9.93,1,2007-09-07,KHMT,K24,0,94,73
25134013,Ngo Thi Giang,2.29,5.72,1,2001-05-03,QTKD,K23,0,73,58
25134014,Huynh Van Minh,2.21,5.53,1,2006-12-21,KTMT,K22,0,78,83
25134015,Tran Thi An,3.63,9.07,0,2001-04-14,CNTT,K22,0,98,70
25134016,Phan Thi Dung,3.94,9.85,0,2007-11-10,CNOT,K25,0,90,55
25134017,Pham Thi Trang,2.9,7.25,1,2005-09-24,DTVT,K23,0,52,59
25134018,Dang Van Linh,3.1,7.75,0,2002-05-14,CNTT,K23,0,47,53
25134019,Tran Thi Chi,3.82,9.55,0,2003-05-02,KT,K24,0,51,64
25134020,Do Van Ngoc,2.21,5.53,1,2007-04-03,DTVT,K21,0,146,51
25134021,Tran Thi Chi,2.05,5.12,1,2004-01-27,QTKD,K24,0,40,57
25134022,Do Van Son,2.3,5.75,0,2002-08-20,CKM,K21,0,60,81
25134023,Le Van Binh,3.37,8.43,0,2002-01-08,CNTT,K24,0,88,82
25134024,Hoang Van Minh,2.68,6.7,0,2005-02-16,CNOT,K24,0,114,78
25134025,Mai Thi Binh,3.37,8.43,0,2001-01-25,CNTT,K22,1,52,69
25134026,Tran Thi Chi,2.44,6.1,1,2003-08-24,CKM,K23,0,102,94
25134027,Huynh Van Tuan,3.62,9.05,0,2006-10-05,KTPM,K23,0,106,95
25134028,Vo Thi Khanh,1.95,4.88,0,2002-03-06,CNOT,K23,0,85,54
25134029,Dang Van Thao,3.03,7.57,1,2005-10-18,CNOT,K24,1,149,60
25134030,Hoang Van Quan,2.76,6.9,1,2002-01-02,DTVT,K21,0,142,51
25134031,Do Van Quan,3.62,9.05,0,2005-11-08,KTMT,K23,0,133,93
25134032,Mai Thi Tuan,2.24,5.6,1,2005-05-02,CKM,K24,0,34,71
25134033,Nguyen Van Trang,2.61,6.52,1,2005-06-12,KT,K22,0,83,74
25134034,Ngo Thi Chi,2.55,6.38,1,2007-04-05,KT,K25,0,82,89
25134035,Truong Van Tuan,2.9,7.25,1,2004-07-15,KT,K24,0,72,87
25134036,Hoang Van Hai,1.7,4.25,1,2001-05-25,KT,K21,0,93,66
25134037,Hoang Van Duc,1.98,4.95,1,2006-06-29,DTVT,K25,0,96,88
25134038,Mai Thi Son,2.68,6.7,0,2001-07-30,KT,K23,0,98,69
25134039,Hoang Van Minh,2.02,5.05,0,2002-09-08,CNTT,K24,0,130,60
25134040,Phan Thi Ngoc,2.56,6.4,1,2003-06-21,KTPM,K23,0,144,55
25134041,Le Van Son,2.91,7.28,1,2002-07-08,CNTT,K21,0,118,99
25134042,Huynh Van Son,3.53,8.82,1,2004-01-22,KTMT,K23,0,135,98
25134043,Tran Thi Vy,2.39,5.98,0,2004-02-25,KTMT,K23,1,103,65
25134044,Mai Thi Giang,2.6,6.5,0,2006-04-18,KTMT,K24,0,143,55
25134045,Dang Van Tuan,2.58,6.45,1,2007-01-11,KT,K23,0,87,81
25134046,Dang Van An,2.4,6.0,1,2002-09-15,CNOT,K25,0,49,50
25134047,Bui Thi Hai,3.53,8.82,1,2007-11-11,KTMT,K24,0,57,52
25134048,Vo Thi Nam,3.65,9.12,1,2002-11-19,CNTT,K21,0,144,77
25134049,Pham Thi Hieu,2.91,7.28,1,2004-04-26,KTPM,K23,0,85,65
25134050,Tran Thi Dung,3.21,8.03,1,2004-05-19,QTKD,K24,0,58,80
25134051,Mai Thi Tuan,1.9,4.75,1,2007-06-14,CNOT,K23,0,101,98
25134052,Tran Thi Binh,3.4,8.5,0,2004-01-14,KHMT,K25,0,80,89
25134053,Hoang Van Duc,3.14,7.85,0,2004-03-19,KT,K21,0,108,70
25134054,Phan Thi Binh,1.56,3.9,1,2006-08-20,CNOT,K25,1,74,59
25134055,Phan Thi Vy,2.19,5.47,1,2005-12-17,QTKD,K25,0,149,76
25134056,Duong Van Nam,2.05,5.12,1,2004-04-15,DTVT,K24,1,72,74
25134057,Ngo Thi An,3.31,8.28,0,2007-01-12,HTTT,K24,1,44,54
25134058,Bui Thi Tuan,1.97,4.92,0,2001-10-26,KTPM,K21,0,83,59
25134059,Tran Thi Nam,1.95,4.88,1,2005-06-19,DTVT,K21,0,45,58
25134060,Ngo Thi Tuan,2.41,6.03,1,2004-03-14,KTMT,K22,0,56,93
25134061,Truong Van Giang,3.82,9.55,0,2005-06-28,CNOT,K25,0,44,78
25134062,Hoang Van Khanh,2.59,6.47,1,2006-06-03,HTTT,K25,0,61,65
25134063,Pham Thi Ngoc,3.64,9.1,0,2007-11-23,KTMT,K21,0,67,85
25134064,Tran Thi Trang,2.91,7.28,0,2005-09-22,KTMT,K21,0,77,52
25134065,Mai Thi Thao,3.54,8.85,1,2002-07-09,DTVT,K23,0,95,80
25134066,Vo Thi Son,2.15,5.38,0,2001-09-03,KTPM,K23,0,106,91
25134067,Ngo Thi Duc,1.65,4.12,0,2007-09-28,KT,K21,0,125,86
25134068,Le Van Linh,2.28,5.7,0,2002-06-25,KTMT,K22,0,33,72
25134069,Dang Van Giang,3.46,8.65,1,2005-03-30,KTMT,K25,0,123,88
25134070,Do Van Vy,3.09,7.72,0,2001-07-28,QTKD,K25,0,71,60
25134071,Huynh Van Linh,2.3,5.75,0,2001-09-20,KT,K25,0,93,72
25134072,Le Van Quan,2.65,6.62,0,2002-07-22,KTPM,K21,0,57,56
25134073,Do Van An,3.0,7.5,0,2001-11-22,HTTT,K23,0,131,98
25134074,Phan Thi An,2.54,6.35,0,2005-12-28,DTVT,K23,0,119,94
25134075,Pham Thi Minh,1.76,4.4,1,2004-08-28,KTPM,K23,0,64,84
25134076,Truong Van Ngoc,2.23,5.58,0,2006-09-24,KTMT,K23,0,89,60
25134077,Phan Thi Trang,1.62,4.05,0,2003-04-12,KTPM,K22,0,32,73
25134078,Bui Thi Hai,2.53,6.32,1,2006-06-09,CNOT,K22,1,121,97
25134079,Huynh Van Hai,3.92,9.8,0,2001-01-29,CKM,K25,0,137,65
25134080,Duong Van Phuc,3.87,9.68,0,2006-07-15,KT,K24,0,130,72
25134081,Le Van Thao,2.63,6.57,0,2005-11-16,KT,K21,0,149,54
25134082,Phan Thi Phuc,1.85,4.62,1,2002-01-04,QTKD,K24,0,130,65
25134083,Dang Van Son,2.89,7.23,1,2005-08-10,KT,K23,0,83,89
25134084,Mai Thi Nam,2.98,7.45,0,2005-07-10,DTVT,K24,0,103,80
25134085,Le Van Minh,1.98,4.95,1,2004-07-13,KTMT,K24,0,126,54
25134086,Ngo Thi Duc,1.82,4.55,1,2004-02-01,CNTT,K21,1,132,93
25134087,Bui Thi Quan,1.52,3.8,0,2007-06-03,KTMT,K21,0,70,79
25134088,Le Van Duc,3.13,7.82,0,2005-06-19,HTTT,K25,0,51,99
25134089,Le Van An,3.03,7.57,1,2006-04-04,KT,K24,1,135,53
25134090,Do Van Son,1.71,4.28,0,2002-01-22,CNTT,K21,0,78,64
25134091,Ngo Thi Giang,3.09,7.72,1,2002-09-22,QTKD,K24,0,53,88
25134092,Nguyen Van Thao,3.01,7.52,1,2003-11-27,CNTT,K22,0,65,96
25134093,Bui Thi Nam,3.13,7.82,0,2005-09-29,HTTT,K22,0,30,53
25134094,Hoang Van Dung,2.27,5.67,0,2004-01-04,KTMT,K24,0,63,59
25134095,Hoang Van Hai,3.1,7.75,0,2006-06-24,CNOT,K25,0,75,92
25134096,Le Van Trang,1.52,3.8,1,2006-09-10,KTPM,K21,0,116,63
25134097,Ngo Thi Duc,3.82,9.55,0,2005-09-27,CNTT,K23,0,42,68
25134098,Mai Thi An,2.72,6.8,1,2003-06-07,KT,K25,0,88,78
25134099,Truong Van Linh,3.76,9.4,0,2001-12-29,KT,K25,0,72,90
25134100,Duong Van Trang,2.54,6.35,0,2002-08-04,QTKD,K25,0,97,57
25134101,Nguyen Van Vy,3.06,7.65,1,2002-07-04,KT,K23,0,135,63
25134102,Bui Thi Trang,2.96,7.4,1,2002-10-13,KTPM,K24,0,62,51
25134103,Huynh Van Vy,2.28,5.7,0,2003-07-07,CNOT,K24,1,42,91
25134104,Huynh Van An,1.96,4.9,0,2005-11-14,KHMT,K24,0,126,55
25134105,Phan Thi Duc,3.47,8.68,0,2001-01-27,CNOT,K25,1,92,79
25134106,Vo Thi Thao,2.15,5.38,0,2001-09-19,QTKD,K21,0,139,98
25134107,Hoang Van Minh,2.14,5.35,0,2004-12-12,KHMT,K25,0,91,68
25134108,Bui Thi Tuan,2.76,6.9,0,2006-05-15,KHMT,K22,0,103,98
25134109,Duong Van Linh,2.17,5.42,1,2006-06-04,KTMT,K21,0,87,54
25134110,Phan Thi Hai,2.82,7.05,1,2001-09-10,KT,K23,0,91,60
25134111,Truong Van Nam,2.36,5.9,0,2001-10-31,KTPM,K22,0,35,71
25134112,Bui Thi Phuc,3.47,8.68,1,2006-04-01,CKM,K22,0,67,87
25134113,Hoang Van Khanh,3.69,9.22,0,2005-07-02,CNTT,K24,0,108,64
25134114,Do Van Dung,2.13,5.32,1,2006-03-09,CNTT,K25,0,104,96
25134115,Dang Van Hieu,3.04,7.6,0,2005-05-17,CNTT,K25,0,129,87
25134116,Phan Thi Phuc,1.68,4.2,0,2001-10-22,CNOT,K21,0,124,61
25134117,Hoang Van Binh,3.32,8.3,0,2006-06-10,DTVT,K23,1,56,86
25134118,Le Van Phuc,2.71,6.78,1,2006-08-15,KT,K21,1,73,57
25134119,Le Van Hieu,1.73,4.33,0,2003-08-26,KTMT,K22,1,149,59
25134120,Dang Van Vy,2.49,6.23,0,2005-05-22,DTVT,K25,0,131,62
25134121,Pham Thi An,2.52,6.3,1,2001-02-03,KHMT,K21,0,121,98
25134122,Dang Van Linh,3.31,8.28,1,2005-03-01,KTPM,K22,0,119,82
25134123,Pham Thi Trang,2.51,6.27,0,2004-09-26,CNTT,K23,0,104,100
25134124,Mai Thi Khanh,1.61,4.03,0,2002-11-15,CNTT,K23,0,79,91
25134125,Dang Van An,2.08,5.2,0,2004-05-17,CNOT,K23,0,35,92
25134126,Nguyen Van Trang,2.85,7.12,1,2001-06-06,CKM,K25,0,37,64
25134127,Hoang Van Nam,3.68,9.2,1,2004-12-07,CKM,K22,0,71,81
25134128,Nguyen Van Ngoc,2.67,6.67,0,2006-08-31,KTPM,K23,0,63,78
25134129,Dang Van Chi,3.11,7.77,1,2002-08-24,QTKD,K25,0,104,84
25134130,Bui Thi Duc,2.96,7.4,0,2004-02-20,HTTT,K24,0,64,50
25134131,Dang Van Chi,2.62,6.55,0,2003-06-03,HTTT,K23,0,101,60
25134132,Tran Thi Dung,3.79,9.47,1,2005-10-24,KTMT,K22,1,149,67
25134133,Do Van Trang,3.53,8.82,0,2003-03-09,KT,K25,0,60,52
25134134,Vo Thi Linh,3.99,9.98,0,2006-02-14,KTPM,K23,0,83,77
25134135,Do Van An,3.73,9.32,1,2003-08-05,KT,K25,0,48,68
25134136,Duong Van Nam,1.68,4.2,1,2006-08-05,HTTT,K25,0,50,81
25134137,Pham Thi Khanh,2.24,5.6,0,2002-04-07,KHMT,K24,0,62,73
25134138,Pham Thi Minh,3.79,9.47,0,2003-05-31,CNOT,K24,0,71,74
25134139,Do Van Vy,3.78,9.45,1,2007-01-20,KTPM,K23,0,37,91
25134140,Ngo Thi Chi,1.72,4.3,1,2007-03-18,HTTT,K23,0,121,90
25134141,Duong Van Binh,2.74,6.85,1,2001-01-05,KTPM,K23,0,73,89
25134142,Do Van Thao,2.05,5.12,0,2001-06-03,CNTT,K21,0,87,90
25134143,Phan Thi Thao,3.57,8.92,0,2003-10-13,HTTT,K21,0,141,73
25134144,Truong Van An,2.69,6.72,0,2007-11-20,CNOT,K23,1,99,83
25134145,Huynh Van Trang,3.63,9.07,1,2001-01-21,CNOT,K22,0,75,69
25134146,Huynh Van Phuc,2.54,6.35,1,2004-02-13,CNTT,K23,0,93,99
25134147,Phan Thi Hieu,3.04,7.6,0,2005-03-20,KTPM,K21,0,59,66
25134148,Vo Thi Linh,2.87,7.18,0,2005-09-23,CNTT,K25,1,47,87
25134149,Nguyen Van Trang,4.0,10.0,0,2004-02-11,QTKD,K23,0,90,95
25134150,Do Van Quan,2.71,6.78,0,2002-10-14,KT,K25,0,67,87
25134151,Tran Thi Duc,2.13,5.32,1,2006-05-05,QTKD,K24,0,87,86
25134152,Mai Thi Hieu,1.89,4.72,0,2007-08-19,KHMT,K22,0,135,58
25134153,Ngo Thi Hieu,2.67,6.67,0,2001-09-16,HTTT,K23,0,99,77
25134154,Dang Van Quan,1.55,3.88,1,2005-06-12,QTKD,K22,0,83,61
25134155,Vo Thi Linh,2.59,6.47,0,2007-06-02,CKM,K22,0,43,52
25134156,Duong Van Son,3.35,8.38,1,2002-04-13,CNTT,K22,1,75,90
25134157,Le Van Phuc,3.37,8.43,1,2002-12-15,CNOT,K21,1,130,90
25134158,Nguyen Van Linh,2.61,6.52,0,2005-09-26,KT,K21,0,144,80
25134159,Le Van Khanh,2.0,5.0,0,2001-08-14,KTPM,K21,0,86,81
25134160,Dang Van Duc,3.96,9.9,1,2004-10-10,KTMT,K24,0,77,84
25134161,Le Van Hieu,2.31,5.78,0,2001-12-22,QTKD,K22,0,51,61
25134162,Le Van Ngoc,2.9,7.25,1,2007-11-24,KT,K21,0,34,90
25134163,Le Van Phuc,1.79,4.47,0,2004-04-25,KTPM,K22,0,75,74
25134164,Hoang Van Khanh,1.89,4.72,1,2005-08-14,DTVT,K25,0,145,92
25134165,Tran Thi Khanh,3.25,8.12,0,2006-09-30,QTKD,K23,0,50,52
25134166,Do Van Vy,2.62,6.55,0,2004-12-12,KTPM,K23,0,82,89
25134167,Vo Thi Duc,3.9,9.75,0,2005-03-11,QTKD,K24,0,32,84
25134168,Nguyen Van Thao,1.64,4.1,1,2001-03-27,CKM,K25,0,66,56
25134169,Nguyen Van Hai,2.68,6.7,1,2003-08-15,QTKD,K25,0,76,52
25134170,Duong Van Quan,2.41,6.03,0,2001-01-26,QTKD,K23,0,60,58
25134171,Duong Van Son,1.66,4.15,0,2006-09-29,CNTT,K25,0,47,54
25134172,Dang Van Minh,2.64,6.6,0,2006-09-05,QTKD,K22,0,113,79
25134173,Tran Thi Hieu,3.46,8.65,0,2007-02-15,KHMT,K25,0,119,51
25134174,Dang Van Vy,1.69,4.22,1,2006-01-21,DTVT,K25,0,95,99
25134175,Truong Van Trang,3.93,9.83,1,2001-10-07,CNOT,K25,0,60,50
25134176,Huynh Van Hieu,3.81,9.53,0,2003-05-29,DTVT,K23,0,40,62
25134177,Huynh Van Ngoc,3.72,9.3,1,2002-09-08,CKM,K23,0,48,76
25134178,Do Van Giang,2.76,6.9,0,2006-11-08,KTMT,K25,0,40,56
25134179,Nguyen Van Dung,3.7,9.25,1,2005-09-26,CKM,K23,0,90,52
25134180,Ngo Thi Trang,1.88,4.7,1,2006-11-03,DTVT,K25,0,86,84
25134181,Bui Thi An,1.89,4.72,1,2001-02-18,QTKD,K25,0,56,53
25134182,Phan Thi Binh,3.2,8.0,1,2004-10-14,HTTT,K24,0,35,55
25134183,Mai Thi Quan,2.58,6.45,0,2006-04-06,KTPM,K24,1,141,79
25134184,Bui Thi Trang,3.23,8.07,1,2007-09-27,KHMT,K24,0,147,50
25134185,Mai Thi Vy,3.14,7.85,0,2006-10-12,HTTT,K23,0,114,55
25134186,Vo Thi Linh,1.92,4.8,0,2002-04-19,DTVT,K25,1,86,58
25134187,Le Van Linh,1.99,4.97,0,2004-08-13,HTTT,K25,0,70,54
25134188,Dang Van Khanh,3.21,8.03,1,2004-04-27,QTKD,K23,0,97,75
25134189,Hoang Van Son,2.49,6.23,1,2004-12-03,QTKD,K23,0,101,59
25134190,Phan Thi Thao,3.72,9.3,0,2005-02-27,QTKD,K25,0,75,57
25134191,Pham Thi Linh,2.17,5.42,1,2002-03-04,QTKD,K22,0,124,51
25134192,Hoang Van Binh,3.54,8.85,1,2005-02-27,KHMT,K25,0,112,80
25134193,Huynh Van Binh,1.63,4.07,1,2001-07-01,KT,K22,1,42,73
25134194,Huynh Van Khanh,3.63,9.07,0,2006-05-24,DTVT,K23,0,142,59
25134195,Nguyen Van Linh,2.3,5.75,1,2006-03-05,KTPM,K25,0,81,57
25134196,Truong Van Hai,3.03,7.57,1,2001-09-05,CNTT,K21,0,117,53
25134197,Pham Thi Vy,2.58,6.45,1,2002-04-01,QTKD,K22,0,91,66
25134198,Ngo Thi Hieu,2.25,5.62,0,2001-12-14,CNTT,K21,0,63,99
25134199,Do Van Son,1.74,4.35,0,2004-12-27,KHMT,K23,1,32,87
25134200,Hoang Van Quan,3.63,9.07,1,2002-10-26,CNOT,K21,0,111,71
25134201,Phan Thi Son,2.57,6.42,1,2006-04-18,DTVT,K24,0,118,94
25134202,Hoang Van An,2.96,7.4,0,2001-04-02,CNOT,K25,0,52,68
25134203,Mai Thi Ngoc,2.67,6.67,1,2005-12-02,HTTT,K23,0,76,62
25134204,Huynh Van Tuan,2.0,5.0,1,2006-10-23,HTTT,K22,0,109,52
25134205,Vo Thi Trang,3.37,8.43,1,2004-01-07,KTMT,K23,0,92,89
25134206,Dang Van Linh,1.75,4.38,0,2005-08-04,KTPM,K21,0,95,65
25134207,Mai Thi Hai,3.42,8.55,1,2001-04-01,KT,K22,1,72,72
25134208,Mai Thi Trang,3.61,9.03,1,2007-01-01,CNOT,K24,0,70,87
25134209,Phan Thi Son,3.27,8.18,1,2007-06-18,KHMT,K21,1,145,88
25134210,Bui Thi Ngoc,2.95,7.38,1,2007-02-02,KTPM,K23,0,94,82
25134211,Duong Van Linh,2.48,6.2,1,2003-01-19,CKM,K22,0,61,73
25134212,Duong Van Nam,3.55,8.88,0,2004-02-02,KTPM,K23,1,71,95
25134213,Tran Thi Giang,2.45,6.12,0,2003-09-20,KTPM,K23,0,76,94
25134214,Bui Thi Ngoc,3.67,9.18,1,2003-11-28,HTTT,K21,1,54,86
25134215,Phan Thi Quan,3.48,8.7,0,2003-05-26,DTVT,K24,0,135,80
25134216,Do Van Giang,3.75,9.38,1,2003-02-26,QTKD,K23,1,91,52
25134217,Nguyen Van Khanh,2.55,6.38,1,2002-07-14,KTPM,K24,0,57,80
25134218,Hoang Van Minh,2.69,6.72,0,2002-08-28,KTMT,K21,0,76,74
25134219,Hoang Van Linh,2.53,6.32,1,2003-04-09,KTPM,K23,0,69,88
25134220,Phan Thi Tuan,1.77,4.42,0,2001-08-23,QTKD,K21,0,61,89
25134221,Hoang Van Quan,3.52,8.8,1,2002-12-02,KHMT,K22,0,53,51
25134222,Do Van Ngoc,3.75,9.38,1,2001-12-10,KTMT,K21,0,118,55
25134223,Tran Thi Khanh,2.24,5.6,0,2002-07-12,KTMT,K23,0,101,94
25134224,Phan Thi Giang,3.61,9.03,0,2003-03-28,CKM,K25,0,119,50
25134225,Duong Van Tuan,1.98,4.95,1,2004-05-05,CKM,K21,0,74,83
25134226,Pham Thi Dung,1.76,4.4,1,2001-11-30,HTTT,K22,0,107,61
25134227,Pham Thi Hai,3.11,7.77,0,2003-04-30,CNOT,K22,0,35,87
25134228,Vo Thi Linh,2.0,5.0,0,2007-01-12,CNOT,K21,0,130,82
25134229,Hoang Van Hieu,2.49,6.23,0,2006-04-24,CNTT,K25,0,117,84
25134230,Bui Thi Ngoc,3.79,9.47,0,2002-01-30,CKM,K23,0,79,89
25134231,Mai Thi Tuan,3.46,8.65,0,2002-05-30,KT,K21,0,58,91
25134232,Dang Van Hai,1.9,4.75,0,2004-06-08,CNOT,K23,1,112,63
25134233,Hoang Van An,3.46,8.65,0,2007-12-15,KTMT,K25,0,133,100
25134234,Do Van Linh,1.5,3.75,1,2003-03-23,KTPM,K21,0,144,89
25134235,Tran Thi Minh,3.02,7.55,0,2007-07-21,KTPM,K21,1,89,58
25134236,Dang Van Trang,2.92,7.3,0,2001-06-02,CKM,K25,0,143,62
25134237,Ngo Thi Hieu,3.96,9.9,0,2001-11-04,QTKD,K21,0,98,64
25134238,Phan Thi Giang,2.88,7.2,0,2002-03-16,CKM,K23,0,73,77
25134239,Bui Thi Khanh,2.03,5.07,1,2006-08-08,HTTT,K23,0,64,99
25134240,Pham Thi Ngoc,2.49,6.23,1,2004-12-15,KHMT,K21,0,80,68
25134241,Le Van Dung,2.89,7.23,0,2001-02-23,KTPM,K22,0,76,90
25134242,Hoang Van Trang,3.25,8.12,1,2001-05-25,DTVT,K21,1,40,52
25134243,Ngo Thi Giang,2.44,6.1,1,2004-01-17,CNTT,K22,0,51,79
25134244,Ngo Thi Duc,1.69,4.22,0,2002-04-02,KTPM,K23,0,74,66
25134245,Mai Thi Phuc,2.2,5.5,0,2005-02-12,CNTT,K25,0,85,79
25134246,Truong Van Khanh,2.38,5.95,1,2007-10-20,QTKD,K24,1,119,92
25134247,Hoang Van Binh,3.28,8.2,0,2004-06-13,HTTT,K25,1,148,94
25134248,Nguyen Van Chi,2.31,5.78,1,2002-11-10,CNOT,K21,0,134,91
25134249,Do Van Chi,2.28,5.7,0,2004-02-24,CKM,K25,0,140,80
25134250,Huynh Van Linh,3.62,9.05,1,2007-12-20,CNTT,K24,0,100,99
25134251,Le Van Tuan,2.38,5.95,1,2003-10-19,KT,K22,0,58,66
25134252,Bui Thi Chi,1.74,4.35,1,2003-12-02,DTVT,K22,0,76,58
25134253,Phan Thi Phuc,2.12,5.3,1,2002-04-19,CKM,K21,0,90,94
25134254,Tran Thi Nam,3.67,9.18,0,2002-03-14,HTTT,K23,0,59,99
25134255,Bui Thi Dung,2.01,5.02,0,2006-04-23,QTKD,K25,0,63,70
25134256,Huynh Van Son,3.07,7.67,0,2006-06-17,CKM,K22,0,115,78
25134257,Tran Thi Trang,1.54,3.85,0,2001-11-15,CKM,K24,0,98,74
25134258,Mai Thi Minh,3.58,8.95,0,2005-05-04,DTVT,K25,0,48,72
25134259,Bui Thi Ngoc,3.33,8.32,0,2007-01-13,KTPM,K23,1,41,62
25134260,Phan Thi Duc,1.67,4.17,1,2007-07-08,DTVT,K23,1,78,82
25134261,Truong Van Hieu,1.58,3.95,1,2001-07-06,QTKD,K23,0,33,58
25134262,Bui Thi Giang,2.53,6.32,0,2007-06-07,QTKD,K21,0,50,91
25134263,Do Van Dung,2.49,6.23,1,2004-08-20,KHMT,K25,0,91,77
25134264,Vo Thi Nam,2.31,5.78,0,2007-12-09,CNOT,K21,0,87,68
25134265,Phan Thi Duc,2.27,5.67,0,2003-11-08,KT,K25,0,138,51
25134266,Nguyen Van Trang,3.67,9.18,0,2002-10-05,QTKD,K21,0,150,81
25134267,Huynh Van Linh,1.93,4.83,1,2002-08-30,CKM,K23,0,125,88
25134268,Le Van Hieu,2.05,5.12,1,2001-11-09,DTVT,K22,0,145,77
25134269,Le Van Linh,3.91,9.78,0,2005-02-17,CKM,K25,0,103,98
25134270,Do Van Ngoc,2.48,6.2,0,2007-05-04,CNOT,K22,0,41,83
25134271,Le Van Linh,2.05,5.12,0,2002-01-06,KTPM,K23,1,36,68
25134272,Nguyen Van Trang,3.64,9.1,0,2006-10-25,KT,K21,0,66,53
25134273,Nguyen Van Nam,2.24,5.6,0,2002-09-04,KTPM,K23,0,65,96
25134274,Le Van Nam,1.62,4.05,0,2007-12-29,KHMT,K23,0,127,64
25134275,Ngo Thi Dung,3.1,7.75,0,2005-12-31,CKM,K21,0,62,91
25134276,Nguyen Van Binh,2.82,7.05,0,2006-11-14,CKM,K25,0,94,63
25134277,Ngo Thi Quan,2.42,6.05,1,2001-08-30,CKM,K21,0,117,76
25134278,Tran Thi Giang,1.81,4.53,1,2002-01-02,QTKD,K24,0,95,87
25134279,Phan Thi Duc,3.73,9.32,0,2002-01-14,CNOT,K21,0,104,59
25134280,Nguyen Van Quan,2.09,5.22,1,2001-01-10,KTMT,K25,0,112,78
25134281,Pham Thi Binh,2.47,6.18,0,2002-08-07,KHMT,K23,0,41,79
25134282,Phan Thi Phuc,1.89,4.72,0,2003-04-28,KT,K25,0,36,59
25134283,Vo Thi Khanh,1.54,3.85,1,2007-12-28,CKM,K24,0,99,59
25134284,Mai Thi Duc,3.3,8.25,0,2002-09-18,CKM,K24,0,138,71
25134285,Mai Thi Khanh,2.32,5.8,0,2001-09-30,KHMT,K23,0,66,97
25134286,Pham Thi Vy,1.91,4.77,1,2005-03-25,HTTT,K22,0,148,60
25134287,Bui Thi An,3.15,7.88,1,2007-05-04,HTTT,K24,0,124,90
25134288,Le Van Trang,2.16,5.4,0,2005-04-19,CKM,K24,1,93,82
25134289,Tran Thi Binh,3.1,7.75,0,2001-12-05,HTTT,K23,0,140,63
25134290,Mai Thi Quan,1.75,4.38,1,2001-09-05,CKM,K22,0,81,64
25134291,Hoang Van Nam,1.92,4.8,1,2006-03-30,KTPM,K24,0,123,71
25134292,Huynh Van Binh,2.39,5.98,0,2002-04-15,QTKD,K24,0,104,91
25134293,Truong Van Linh,3.57,8.92,1,2002-11-19,CKM,K22,0,124,82
25134294,Duong Van Hieu,3.97,9.93,1,2005-10-01,KHMT,K22,0,58,86
25134295,Bui Thi Hai,3.51,8.77,0,2003-10-21,KTPM,K22,1,124,71
25134296,Le Van Phuc,3.19,7.97,1,2005-04-30,KT,K21,0,102,63
25134297,Tran Thi Hieu,2.41,6.03,1,2001-05-04,CNOT,K24,0,51,77
25134298,Phan Thi Giang,3.04,7.6,0,2005-11-21,CNTT,K22,0,71,60
25134299,Nguyen Van Nam,1.76,4.4,0,2004-06-14,CNTT,K21,0,147,72
25134300,Truong Van Linh,3.43,8.58,1,2006-03-01,KT,K21,0,102,55
25134301,Nguyen Van An,2.45,6.12,0,2001-01-24,KTMT,K22,0,125,60
25134302,Nguyen Van Giang,1.85,4.62,0,2002-08-06,CNTT,K23,0,112,74
25134303,Huynh Van Minh,2.73,6.83,1,2005-08-13,KTPM,K21,0,79,91
25134304,Vo Thi Khanh,1.7,4.25,0,2004-11-11,CNTT,K24,0,38,72
25134305,Le Van Binh,3.18,7.95,1,2007-03-08,CKM,K24,0,147,90
25134306,Ngo Thi Linh,2.63,6.57,0,2003-10-30,KHMT,K21,0,41,79
25134307,Mai Thi Nam,1.68,4.2,1,2005-05-08,DTVT,K21,0,56,58
25134308,Duong Van Binh,2.24,5.6,1,2001-11-01,KTPM,K22,1,85,96
25134309,Dang Van Phuc,3.2,8.0,0,2005-01-23,QTKD,K24,0,38,71
25134310,Mai Thi Hai,2.57,6.42,0,2007-07-19,CNTT,K25,0,80,76
25134311,Phan Thi Phuc,1.77,4.42,0,2004-07-30,CKM,K22,0,98,83
25134312,Duong Van Giang,3.16,7.9,1,2001-07-17,CKM,K23,0,131,99
25134313,Bui Thi Thao,2.51,6.27,0,2005-04-08,HTTT,K25,0,52,100
25134314,Ngo Thi Khanh,2.16,5.4,1,2003-05-12,CNTT,K21,1,150,95
25134315,Nguyen Van Ngoc,2.38,5.95,1,2002-10-03,CNOT,K24,0,71,93
25134316,Phan Thi Linh,2.4,6.0,0,2001-11-17,KTPM,K25,0,31,60
25134317,Hoang Van Binh,4.0,10.0,1,2006-11-10,KTMT,K22,0,143,97
25134318,Phan Thi Giang,2.43,6.08,0,2007-06-24,CNOT,K25,0,76,60
25134319,Nguyen Van Dung,3.25,8.12,0,2004-09-13,KTPM,K24,0,31,59
25134320,Nguyen Van Trang,1.79,4.47,1,2006-01-28,KTPM,K22,0,67,99
25134321,Tran Thi Duc,2.11,5.27,0,2007-11-21,CNOT,K21,0,43,64
25134322,Mai Thi Minh,2.12,5.3,0,2002-12-15,DTVT,K25,0,102,74
25134323,Nguyen Van Linh,3.21,8.03,0,2002-10-09,KT,K24,0,142,55
25134324,Huynh Van Hai,2.74,6.85,1,2001-03-06,HTTT,K22,0,47,58
25134325,Tran Thi An,3.43,8.58,0,2003-01-03,DTVT,K23,1,46,59
25134326,Huynh Van Hieu,3.27,8.18,1,2002-10-23,CNOT,K21,0,108,68
25134327,Duong Van Son,3.95,9.88,0,2003-02-09,KT,K23,0,149,97
25134328,Nguyen Van Ngoc,1.67,4.17,1,2003-11-24,HTTT,K22,0,84,70
25134329,Hoang Van Giang,2.89,7.23,0,2001-05-11,KHMT,K21,0,100,69
25134330,Phan Thi Hieu,1.55,3.88,0,2007-09-09,KHMT,K25,0,83,69
25134331,Duong Van Ngoc,2.17,5.42,1,2003-11-09,DTVT,K21,0,96,97
25134332,Bui Thi Dung,3.24,8.1,0,2007-06-27,CNTT,K22,0,119,86
25134333,Phan Thi Tuan,2.58,6.45,1,2002-06-19,CNTT,K22,1,32,57
25134334,Ngo Thi Chi,2.13,5.32,0,2005-09-19,CKM,K24,0,52,98
25134335,Ngo Thi Tuan,3.01,7.52,0,2005-06-25,CNTT,K23,0,65,67
25134336,Truong Van Tuan,1.6,4.0,0,2005-05-04,DTVT,K21,0,149,53
25134337,Do Van An,2.86,7.15,1,2007-04-29,CNOT,K23,0,91,55
25134338,Vo Thi Nam,3.02,7.55,0,2007-05-20,CNOT,K23,0,142,66
25134339,Do Van Binh,1.97,4.92,0,2005-11-25,CKM,K23,0,69,81
25134340,Do Van Dung,2.69,6.72,1,2002-03-24,DTVT,K25,0,53,53
25134341,Le Van Dung,3.23,8.07,0,2007-07-31,HTTT,K24,0,124,97
25134342,Le Van Hieu,2.98,7.45,0,2002-03-09,HTTT,K23,0,55,96
25134343,Vo Thi Trang,3.17,7.92,0,2005-03-29,KTPM,K23,0,95,55
25134344,Ngo Thi Son,2.68,6.7,1,2004-10-15,HTTT,K25,0,121,82
25134345,Vo Thi Duc,3.77,9.43,0,2007-08-22,CKM,K25,0,53,70
25134346,Phan Thi Giang,3.01,7.52,0,2001-01-21,HTTT,K23,0,87,100
25134347,Phan Thi Vy,2.81,7.03,1,2007-09-20,CNTT,K22,0,58,68
25134348,Hoang Van Nam,3.1,7.75,0,2007-03-05,KT,K25,0,87,68
25134349,Do Van Hai,3.29,8.22,0,2005-12-06,KTMT,K23,0,41,97
25134350,Mai Thi Minh,3.13,7.82,0,2007-10-24,KT,K22,1,145,76
25134351,Tran Thi Quan,2.42,6.05,1,2004-05-16,QTKD,K24,0,134,78
25134352,Truong Van Chi,3.52,8.8,0,2004-05-05,KHMT,K23,0,75,76
25134353,Phan Thi Linh,2.7,6.75,0,2006-02-27,CKM,K21,0,69,52
25134354,Bui Thi Duc,1.57,3.93,0,2004-12-01,KT,K21,0,131,82
25134355,Vo Thi Phuc,3.2,8.0,1,2007-10-13,KTMT,K24,0,105,99
25134356,Tran Thi Quan,2.46,6.15,0,2003-04-03,CNTT,K23,0,123,100
25134357,Tran Thi Thao,2.05,5.12,0,2005-10-31,CKM,K24,1,124,55
25134358,Vo Thi Duc,3.16,7.9,1,2007-03-25,DTVT,K24,0,136,72
25134359,Duong Van Thao,2.86,7.15,0,2006-02-18,KTPM,K22,1,137,68
25134360,Le Van Binh,3.95,9.88,0,2003-08-29,KHMT,K23,0,72,64
25134361,Mai Thi Quan,1.92,4.8,1,2006-07-28,CNOT,K22,0,41,82
25134362,Truong Van Khanh,1.77,4.42,1,2003-08-10,KHMT,K23,0,126,79
25134363,Le Van Hieu,3.74,9.35,0,2002-03-02,KTPM,K22,0,112,63
25134364,Pham Thi Hai,3.65,9.12,1,2006-09-28,CKM,K25,0,139,99
25134365,Le Van Phuc,2.09,5.22,1,2003-12-14,KHMT,K21,0,54,59
25134366,Duong Van Chi,3.54,8.85,1,2006-12-20,DTVT,K22,1,120,72
25134367,Huynh Van Vy,2.02,5.05,1,2007-02-24,KHMT,K22,0,52,67
25134368,Do Van Minh,1.94,4.85,0,2005-05-05,KTMT,K21,0,134,99
25134369,Do Van Linh,1.54,3.85,0,2002-06-01,DTVT,K25,0,58,65
25134370,Vo Thi Tuan,3.96,9.9,1,2003-11-24,KTPM,K21,0,87,95
25134371,Hoang Van Ngoc,3.49,8.73,0,2005-05-02,DTVT,K21,0,100,80
25134372,Dang Van Tuan,2.26,5.65,0,2004-05-02,KT,K24,0,109,93
25134373,Do Van Khanh,3.31,8.28,0,2002-08-12,CNTT,K24,0,108,82
25134374,Ngo Thi Dung,2.69,6.72,0,2006-02-09,HTTT,K21,0,150,74
25134375,Hoang Van Khanh,2.13,5.32,1,2002-10-01,KTPM,K21,0,94,97
25134376,Bui Thi Chi,3.23,8.07,0,2006-08-31,QTKD,K25,1,135,52
25134377,Hoang Van Chi,1.87,4.68,0,2005-05-27,HTTT,K21,0,62,86
25134378,Le Van Son,3.25,8.12,0,2003-03-25,DTVT,K22,0,31,61
25134379,Duong Van Son,3.91,9.78,1,2005-03-14,KHMT,K23,0,58,91
25134380,Vo Thi Phuc,2.8,7.0,1,2005-12-05,KTPM,K23,0,133,90
25134381,Truong Van Thao,1.6,4.0,0,2005-09-29,CKM,K24,0,134,59
25134382,Pham Thi Dung,2.84,7.1,0,2006-03-14,KTMT,K21,0,62,58
25134383,Ngo Thi Ngoc,1.8,4.5,0,2002-06-17,CKM,K23,0,48,69
25134384,Mai Thi Phuc,1.58,3.95,1,2002-05-25,DTVT,K24,0,142,68
25134385,Phan Thi Tuan,3.35,8.38,0,2005-01-21,KTPM,K21,0,128,60
25134386,Do Van Hai,1.83,4.58,1,2001-10-02,HTTT,K21,0,72,91
25134387,Vo Thi Dung,2.81,7.03,0,2001-05-25,KTPM,K22,0,74,72
25134388,Vo Thi Ngoc,3.21,8.03,0,2006-09-15,KTMT,K24,0,102,73
25134389,Pham Thi Hieu,1.56,3.9,1,2004-02-15,KHMT,K22,0,128,81
25134390,Bui Thi Son,3.64,9.1,1,2004-12-05,QTKD,K24,0,43,53
25134391,Phan Thi Hieu,2.84,7.1,1,2006-04-10,CNOT,K25,0,120,60
25134392,Bui Thi Phuc,2.67,6.67,0,2007-01-19,CKM,K22,0,40,66
25134393,Dang Van Vy,2.06,5.15,1,2002-05-31,KHMT,K21,1,120,67
25134394,Dang Van Hai,2.97,7.43,0,2007-04-01,CNTT,K21,0,94,94
25134395,Phan Thi Linh,1.9,4.75,0,2003-10-23,KT,K25,0,51,89
25134396,Do Van Hai,3.52,8.8,1,2004-09-23,DTVT,K21,1,43,60
25134397,Do Van Ngoc,3.37,8.43,1,2007-02-28,KHMT,K24,1,61,51
25134398,Pham Thi Quan,1.51,3.77,0,2005-04-28,CNTT,K23,0,68,93
25134399,Dang Van Dung,3.9,9.75,0,2007-10-22,KTMT,K21,0,32,96
25134400,Dang Van Dung,2.23,5.58,0,2004-05-30,CNOT,K25,0,69,85
25134401,Mai Thi Dung,3.36,8.4,0,2004-03-18,CNOT,K22,0,44,92
25134402,Huynh Van Ngoc,3.83,9.57,1,2005-09-04,KTMT,K25,0,32,78
25134403,Tran Thi Son,1.65,4.12,1,2007-06-28,QTKD,K24,0,131,94
25134404,Bui Thi Quan,1.89,4.72,0,2005-10-20,QTKD,K23,0,57,99
25134405,Tran Thi Linh,3.02,7.55,1,2001-12-16,KHMT,K25,0,54,98
25134406,Huynh Van Thao,2.72,6.8,0,2003-07-11,QTKD,K21,0,89,82
25134407,Huynh Van Vy,3.42,8.55,0,2005-03-26,DTVT,K24,0,106,58
25134408,Ngo Thi Minh,2.93,7.33,1,2006-09-17,KT,K23,0,70,97
25134409,Phan Thi Duc,1.9,4.75,1,2004-12-27,QTKD,K21,1,50,91
25134410,Hoang Van Linh,2.49,6.23,1,2003-03-11,KTMT,K22,1,96,81
25134411,Hoang Van Giang,3.02,7.55,0,2006-05-02,KT,K24,0,100,70
25134412,Tran Thi Dung,3.96,9.9,0,2001-02-23,QTKD,K25,0,66,67
25134413,Truong Van Ngoc,2.37,5.93,1,2002-11-01,QTKD,K24,1,67,67
25134414,Bui Thi Quan,3.31,8.28,0,2007-01-03,CNOT,K21,0,32,55
25134415,Le Van Quan,3.54,8.85,1,2007-10-14,CNTT,K21,0,97,90
25134416,Huynh Van Hai,3.14,7.85,1,2004-04-03,KTPM,K25,0,47,80
25134417,Nguyen Van Dung,3.66,9.15,1,2005-08-21,KTPM,K25,1,88,80
25134418,Bui Thi Khanh,3.9,9.75,0,2006-01-06,HTTT,K24,1,36,67
25134419,Vo Thi Phuc,3.04,7.6,0,2006-10-04,KT,K25,0,143,65
25134420,Tran Thi Ngoc,3.58,8.95,1,2006-07-02,KHMT,K21,0,81,93
25134421,Dang Van Tuan,1.68,4.2,1,2004-11-04,CNOT,K22,0,81,50
25134422,Dang Van Vy,1.61,4.03,0,2007-09-12,CKM,K22,1,67,74
25134423,Do Van Dung,1.85,4.62,0,2005-04-13,CKM,K25,0,83,64
25134424,Huynh Van Thao,2.53,6.32,0,2006-11-26,KTMT,K23,0,102,83
25134425,Nguyen Van Duc,3.67,9.18,1,2001-06-02,CNOT,K21,0,69,79
25134426,Phan Thi Minh,3.23,8.07,0,2005-10-09,QTKD,K24,0,146,54
25134427,Tran Thi Hieu,1.81,4.53,1,2005-07-23,CNOT,K21,0,111,81
25134428,Phan Thi Tuan,3.75,9.38,0,2005-12-13,QTKD,K22,1,95,83
25134429,Ngo Thi Giang,2.35,5.88,0,2005-10-12,QTKD,K21,0,130,54
25134430,Vo Thi An,2.45,6.12,0,2007-08-31,KHMT,K24,0,84,77
25134431,Le Van Khanh,2.31,5.78,1,2004-01-23,DTVT,K23,0,46,73
25134432,Vo Thi Phuc,2.89,7.23,0,2003-08-05,KT,K25,1,43,94
25134433,Hoang Van Son,2.42,6.05,0,2007-10-27,KTMT,K23,0,132,90
25134434,Le Van Binh,3.69,9.22,0,2007-01-28,HTTT,K21,0,107,80
25134435,Phan Thi Duc,1.82,4.55,0,2005-05-24,QTKD,K24,0,111,77
25134436,Phan Thi Thao,2.27,5.67,0,2007-09-25,HTTT,K21,0,39,84
25134437,Le Van Binh,3.84,9.6,1,2001-12-01,CNOT,K22,0,119,72
25134438,Nguyen Van Quan,1.89,4.72,1,2002-11-23,CKM,K23,0,68,75
25134439,Mai Thi Phuc,3.79,9.47,0,2002-10-29,DTVT,K23,0,139,76
25134440,Phan Thi Vy,2.29,5.72,0,2001-09-18,QTKD,K21,0,132,91
25134441,Do Van Giang,3.32,8.3,1,2004-07-09,HTTT,K25,0,38,87
25134442,Bui Thi Chi,1.84,4.6,0,2007-09-02,KTMT,K22,0,68,89
25134443,Hoang Van Dung,2.03,5.07,0,2004-11-23,KTMT,K25,1,112,62
25134444,Vo Thi Nam,2.98,7.45,0,2003-02-15,DTVT,K25,1,38,88
25134445,Phan Thi Hieu,3.17,7.92,1,2002-03-12,HTTT,K25,0,43,97
25134446,Truong Van Quan,3.56,8.9,0,2005-10-21,CNTT,K25,0,46,72
25134447,Truong Van An,2.94,7.35,1,2006-07-02,QTKD,K24,0,69,66
25134448,Ngo Thi Thao,2.63,6.57,0,2003-02-10,KHMT,K21,0,137,87
25134449,Phan Thi Binh,3.37,8.43,0,2006-03-28,KTPM,K25,1,92,98
25134450,Dang Van Dung,3.58,8.95,1,2005-07-08,DTVT,K21,0,129,99
25134451,Pham Thi Binh,3.52,8.8,0,2005-03-20,CKM,K23,0,136,86
25134452,Hoang Van Binh,2.22,5.55,0,2001-05-07,CNOT,K21,0,61,64
25134453,Dang Van Hieu,3.6,9.0,1,2007-05-02,KT,K22,0,143,50
25134454,Nguyen Van Dung,2.84,7.1,0,2004-07-14,KHMT,K24,0,95,69
25134455,Mai Thi Hai,2.7,6.75,0,2007-08-09,QTKD,K25,0,130,98
25134456,Ngo Thi Ngoc,3.05,7.62,0,2001-12-08,CKM,K24,0,122,52
25134457,Huynh Van Trang,2.76,6.9,1,2002-08-18,KHMT,K22,0,102,70
25134458,Dang Van Minh,3.73,9.32,1,2005-11-21,KTMT,K22,1,62,89
25134459,Pham Thi Hai,2.6,6.5,1,2007-11-15,KHMT,K23,0,94,73
25134460,Do Van Son,1.64,4.1,0,2004-08-09,HTTT,K24,0,83,86
25134461,Mai Thi Khanh,2.29,5.72,1,2007-03-22,DTVT,K22,0,55,86
25134462,Duong Van Duc,2.07,5.17,0,2004-04-26,KTMT,K25,0,106,93
25134463,Nguyen Van Quan,2.9,7.25,0,2001-04-05,QTKD,K22,0,101,82
25134464,Dang Van Ngoc,3.05,7.62,1,2006-12-05,DTVT,K24,0,52,70
25134465,Truong Van Phuc,1.53,3.83,0,2002-10-13,KTPM,K23,0,102,52
25134466,Pham Thi Duc,1.77,4.42,0,2004-03-09,CNOT,K22,0,79,87
25134467,Duong Van Trang,1.9,4.75,1,2004-09-10,CNTT,K21,1,45,77
25134468,Ngo Thi An,2.51,6.27,1,2007-08-27,DTVT,K23,0,130,78
25134469,Nguyen Van Son,2.23,5.58,1,2005-02-22,CKM,K24,0,129,66
25134470,Huynh Van Phuc,3.45,8.62,1,2003-06-05,CNOT,K23,0,108,85
25134471,Nguyen Van Khanh,2.14,5.35,0,2001-07-31,KT,K21,1,81,79
25134472,Vo Thi Giang,1.91,4.77,0,2005-12-03,CKM,K22,0,72,66
25134473,Mai Thi Dung,2.66,6.65,1,2007-11-25,CKM,K21,0,40,62
25134474,Do Van Thao,2.0,5.0,1,2001-12-08,KTMT,K25,0,81,85
25134475,Phan Thi Tuan,2.19,5.47,0,2007-05-16,KTPM,K25,0,42,78
25134476,Nguyen Van Phuc,2.96,7.4,0,2003-11-22,DTVT,K23,0,118,86
25134477,Ngo Thi Giang,2.29,5.72,0,2006-03-11,CNTT,K23,0,144,76
25134478,Phan Thi Linh,2.79,6.97,0,2005-06-11,DTVT,K22,0,57,78
25134479,Le Van Linh,3.73,9.32,0,2001-02-23,KT,K23,1,92,88
25134480,Pham Thi Dung,3.77,9.43,1,2006-11-28,CNTT,K21,0,83,61
25134481,Bui Thi Binh,2.04,5.1,1,2007-12-22,QTKD,K25,0,84,53
25134482,Le Van Phuc,2.35,5.88,0,2001-07-15,CNTT,K22,0,122,53
25134483,Huynh Van Dung,2.68,6.7,1,2003-02-25,CNOT,K25,0,58,72
25134484,Ngo Thi Duc,3.51,8.77,0,2005-09-23,KHMT,K21,0,88,68
25134485,Le Van Khanh,3.58,8.95,0,2003-01-26,KHMT,K21,0,95,63
25134486,Hoang Van Minh,3.44,8.6,1,2007-06-27,CKM,K24,0,133,80
25134487,Tran Thi Dung,2.63,6.57,0,2006-05-01,QTKD,K24,0,52,69
25134488,Nguyen Van Phuc,3.35,8.38,0,2004-06-13,KTMT,K24,0,147,89
25134489,Huynh Van Nam,2.17,5.42,0,2004-09-07,HTTT,K23,0,138,51
25134490,Vo Thi Nam,3.44,8.6,1,2001-05-12,CNTT,K22,1,121,59
25134491,Mai Thi Tuan,3.69,9.22,1,2003-08-28,HTTT,K21,0,44,70
25134492,Vo Thi Tuan,3.07,7.67,1,2002-10-25,CNOT,K23,0,149,80
25134493,Pham Thi Dung,2.71,6.78,1,2002-02-13,KTMT,K25,1,127,90
25134494,Huynh Van Hai,2.19,5.47,1,2003-04-30,DTVT,K22,1,68,94
25134495,Truong Van Binh,3.05,7.62,0,2002-12-03,DTVT,K24,1,115,92
25134496,Hoang Van Minh,2.14,5.35,1,2007-02-23,KTMT,K22,0,84,99
25134497,Do Van Tuan,1.6,4.0,0,2007-11-10,KT,K24,0,107,65
25134498,Tran Thi Minh,2.64,6.6,1,2004-10-17,CKM,K25,0,125,81
25134499,Huynh Van Ngoc,2.17,5.42,1,2004-11-18,QTKD,K25,1,98,53
25134500,Tran Thi Minh,3.87,9.68,0,2001-07-12,CKM,K22,0,81,97
25134501,Dang Van Quan,3.32,8.3,0,2006-09-22,KTPM,K21,0,128,67
25134502,Do Van Quan,3.74,9.35,0,2005-01-13,CNOT,K23,0,137,95
25134503,Huynh Van Linh,1.62,4.05,1,2001-10-14,HTTT,K22,0,125,91
25134504,Duong Van Binh,1.81,4.53,0,2005-12-23,CNOT,K22,0,71,59
25134505,Ngo Thi Ngoc,1.62,4.05,0,2007-05-19,CKM,K23,0,89,54
25134506,Do Van Duc,2.25,5.62,1,2005-07-04,QTKD,K22,0,56,56
25134507,Hoang Van Phuc,1.83,4.58,0,2002-08-31,KTPM,K25,0,64,81
25134508,Le Van Minh,2.4,6.0,1,2002-11-14,CNOT,K23,0,141,52
25134509,Phan Thi Phuc,3.83,9.57,1,2003-01-20,KHMT,K25,0,105,92
25134510,Do Van Trang,2.79,6.97,0,2001-07-03,CNTT,K25,0,83,75
25134511,Truong Van Hai,3.4,8.5,0,2007-02-06,DTVT,K22,0,101,73
25134512,Vo Thi Duc,3.96,9.9,1,2005-06-17,CKM,K22,0,56,78
25134513,Ngo Thi Chi,2.43,6.08,0,2001-11-28,KHMT,K22,0,142,100
25134514,Do Van Hieu,3.26,8.15,0,2002-09-15,QTKD,K24,1,37,89
25134515,Phan Thi Giang,2.2,5.5,0,2007-11-19,KHMT,K25,0,41,70
25134516,Tran Thi Binh,2.95,7.38,1,2005-03-23,CKM,K22,1,133,81
25134517,Mai Thi Nam,3.37,8.43,1,2003-04-28,CNTT,K22,0,120,58
25134518,Le Van Ngoc,3.49,8.73,1,2005-09-10,CNTT,K24,0,63,81
25134519,Huynh Van Phuc,3.82,9.55,1,2001-09-10,CNOT,K21,0,90,72
25134520,Phan Thi Chi,2.32,5.8,1,2007-03-14,DTVT,K24,0,127,57
25134521,Nguyen Van Ngoc,3.94,9.85,0,2001-11-22,KTPM,K24,0,82,85
25134522,Bui Thi Dung,2.83,7.08,1,2002-03-08,KHMT,K23,1,143,63
25134523,Pham Thi Nam,2.43,6.08,0,2003-11-04,KTMT,K21,0,106,90
25134524,Ngo Thi Nam,3.27,8.18,1,2005-11-24,HTTT,K24,0,75,63
25134525,Bui Thi Linh,1.64,4.1,1,2005-04-14,KTPM,K25,0,79,87
25134526,Do Van Nam,3.75,9.38,1,2001-06-04,KHMT,K25,0,118,66
25134527,Duong Van Phuc,3.98,9.95,0,2003-01-17,KT,K24,0,100,90
25134528,Truong Van Chi,2.52,6.3,0,2001-04-06,CNTT,K23,0,37,68
25134529,Dang Van Phuc,3.64,9.1,0,2005-03-28,KTMT,K21,0,69,94
25134530,Bui Thi Phuc,3.56,8.9,0,2007-07-23,QTKD,K23,0,37,63
25134531,Tran Thi Son,3.98,9.95,0,2005-08-16,KTPM,K22,0,57,51
25134532,Vo Thi Thao,1.97,4.92,1,2006-10-27,KTPM,K24,0,63,76
25134533,Duong Van Phuc,3.85,9.62,0,2003-07-24,KTPM,K23,0,91,66
25134534,Mai Thi Linh,3.73,9.32,1,2007-01-15,CKM,K22,0,81,59
25134535,Bui Thi Giang,3.41,8.53,0,2007-09-22,KTPM,K24,0,108,52
25134536,Mai Thi Duc,3.14,7.85,0,2007-09-28,KTMT,K24,0,53,68
25134537,Tran Thi Trang,2.8,7.0,0,2006-11-30,QTKD,K25,0,32,55
25134538,Do Van Hieu,3.81,9.53,1,2007-06-06,CNOT,K24,0,93,96
25134539,Phan Thi An,2.18,5.45,1,2004-04-17,CNTT,K24,0,59,54
25134540,Phan Thi Binh,2.93,7.33,0,2007-03-16,KHMT,K22,0,42,73
25134541,Duong Van Hai,2.79,6.97,0,2007-08-25,KT,K23,1,129,78
25134542,Phan Thi Thao,2.27,5.67,0,2003-12-04,CKM,K21,1,145,77
25134543,Duong Van Linh,2.0,5.0,1,2003-01-19,KTMT,K21,0,114,78
25134544,Nguyen Van Chi,3.32,8.3,0,2002-05-10,CNTT,K24,0,78,93
25134545,Hoang Van Dung,3.21,8.03,0,2005-08-06,KHMT,K25,0,35,54
25134546,Do Van Linh,3.45,8.62,1,2001-01-22,HTTT,K21,0,93,100
25134547,Huynh Van Duc,1.99,4.97,0,2005-01-28,HTTT,K24,0,96,79
25134548,Huynh Van Dung,1.81,4.53,1,2002-12-16,HTTT,K25,0,142,96
25134549,Truong Van Linh,2.28,5.7,1,2003-03-31,CKM,K25,0,125,57
25134550,Nguyen Van Minh,2.59,6.47,0,2001-08-30,KT,K25,0,39,59
25134551,Tran Thi Binh,3.44,8.6,1,2005-12-13,KT,K21,0,57,91
25134552,Dang Van An,2.29,5.72,1,2005-01-10,CNOT,K21,0,45,53
25134553,Tran Thi An,3.54,8.85,0,2006-02-13,CNTT,K22,0,138,53
25134554,Phan Thi Khanh,3.6,9.0,1,2004-04-05,CKM,K22,0,139,97
25134555,Huynh Van Duc,2.62,6.55,0,2007-05-08,DTVT,K21,0,49,54
25134556,Dang Van Minh,1.59,3.98,0,2003-12-21,KT,K24,0,84,87
25134557,Bui Thi Linh,2.66,6.65,1,2007-03-16,CNOT,K22,0,60,96
25134558,Nguyen Van Vy,3.34,8.35,1,2005-05-18,KHMT,K24,0,137,64
25134559,Dang Van Minh,2.04,5.1,0,2003-06-16,KTPM,K23,1,95,71
25134560,Huynh Van Vy,2.69,6.72,0,2002-11-18,KTPM,K22,0,108,82
25134561,Duong Van Chi,3.41,8.53,0,2004-09-26,CNTT,K22,0,92,66
25134562,Huynh Van Minh,3.06,7.65,0,2003-11-15,KHMT,K21,0,50,96
25134563,Huynh Van Tuan,3.82,9.55,1,2003-09-05,DTVT,K23,0,69,81
25134564,Le Van Linh,3.33,8.32,1,2007-05-25,CNOT,K21,0,131,64
25134565,Le Van Dung,1.88,4.7,1,2006-01-31,CKM,K22,1,120,56
25134566,Duong Van Chi,3.06,7.65,0,2006-10-06,DTVT,K22,0,79,51
25134567,Duong Van Hai,3.61,9.03,0,2002-01-13,QTKD,K25,0,49,96
25134568,Dang Van Thao,2.85,7.12,0,2005-09-14,QTKD,K25,0,110,94
25134569,Duong Van Quan,2.31,5.78,1,2005-03-10,CNOT,K24,0,66,85
25134570,Nguyen Van Chi,3.42,8.55,1,2002-05-26,CNOT,K25,0,123,100
25134571,Pham Thi Ngoc,2.57,6.42,1,2005-07-27,CNOT,K21,0,33,80
25134572,Tran Thi Duc,1.98,4.95,1,2007-12-16,KT,K23,0,92,74
25134573,Ngo Thi Son,2.19,5.47,0,2003-01-11,CKM,K23,0,38,53
25134574,Bui Thi Hieu,1.78,4.45,0,2006-04-24,KHMT,K23,1,84,90
25134575,Dang Van Dung,2.45,6.12,1,2001-06-10,CNTT,K24,0,89,56
25134576,Do Van Binh,2.0,5.0,0,2007-01-16,KHMT,K24,0,110,80
25134577,Nguyen Van Hieu,1.9,4.75,0,2005-08-27,QTKD,K22,0,42,79
25134578,Duong Van Phuc,2.87,7.18,1,2006-05-07,CKM,K24,0,70,96
25134579,Hoang Van Giang,3.5,8.75,1,2002-03-19,HTTT,K25,0,44,52
25134580,Le Van Giang,1.74,4.35,0,2003-10-17,QTKD,K25,0,81,79
25134581,Pham Thi Quan,2.05,5.12,1,2005-11-13,KTPM,K25,0,120,74
25134582,Mai Thi Dung,1.54,3.85,1,2005-08-17,QTKD,K23,0,142,63
25134583,Vo Thi Son,2.95,7.38,1,2002-10-27,CNOT,K25,0,138,98
25134584,Phan Thi Trang,3.77,9.43,0,2003-08-22,QTKD,K23,0,141,75
25134585,Mai Thi Hieu,3.76,9.4,0,2004-03-01,QTKD,K25,0,79,60
25134586,Le Van Duc,3.82,9.55,1,2004-12-15,HTTT,K25,0,59,72
25134587,Bui Thi Binh,2.17,5.42,1,2004-09-30,CNOT,K24,0,33,81
25134588,Tran Thi Binh,2.0,5.0,1,2003-06-12,KHMT,K22,0,105,75
25134589,Pham Thi Chi,3.5,8.75,0,2003-07-20,QTKD,K21,0,102,74
25134590,Le Van Ngoc,2.04,5.1,1,2006-02-20,HTTT,K25,0,31,86
25134591,Dang Van Hieu,3.75,9.38,0,2003-06-07,CNOT,K22,0,55,53
25134592,Dang Van Phuc,3.94,9.85,0,2002-02-02,CKM,K24,0,98,71
25134593,Dang Van Vy,3.95,9.88,0,2006-06-12,CNTT,K22,0,122,50
25134594,Le Van Binh,1.89,4.72,1,2006-11-24,CNOT,K25,0,30,70
25134595,Ngo Thi Minh,3.23,8.07,1,2006-02-13,CNTT,K24,0,79,54
25134596,Hoang Van Son,3.34,8.35,0,2003-02-22,CKM,K23,0,89,92
25134597,Le Van Hai,3.57,8.92,1,2006-02-09,QTKD,K24,0,35,99
25134598,Mai Thi Nam,3.45,8.62,1,2003-02-17,KTMT,K21,0,118,92
25134599,Mai Thi An,2.27,5.67,1,2006-08-08,CKM,K21,1,32,87
25134600,Bui Thi Linh,3.7,9.25,1,2006-06-10,KHMT,K22,0,80,73
25134601,Hoang Van Tuan,1.75,4.38,1,2003-10-29,QTKD,K25,0,30,89
25134602,Tran Thi Son,3.09,7.72,0,2007-08-13,HTTT,K22,0,106,92
25134603,Nguyen Van Ngoc,3.16,7.9,0,2004-02-07,CNTT,K25,0,105,79
25134604,Vo Thi Son,3.44,8.6,1,2006-09-13,KT,K23,0,102,55
25134605,Huynh Van An,2.22,5.55,0,2004-02-25,CNTT,K23,1,48,93
25134606,Tran Thi Tuan,2.73,6.83,0,2006-07-23,HTTT,K24,0,73,93
25134607,Tran Thi Linh,1.73,4.33,1,2004-07-24,QTKD,K24,1,143,99
25134608,Vo Thi An,1.86,4.65,0,2005-03-27,KTMT,K22,0,31,100
25134609,Mai Thi Nam,1.54,3.85,0,2005-04-08,KHMT,K25,0,51,86
25134610,Le Van Minh,1.61,4.03,0,2004-10-16,QTKD,K21,0,52,88
25134611,Pham Thi Quan,2.42,6.05,0,2002-12-14,HTTT,K23,0,148,99
25134612,Hoang Van Hieu,3.35,8.38,0,2003-08-30,DTVT,K25,0,33,61
25134613,Pham Thi Son,3.94,9.85,0,2002-10-09,KHMT,K23,0,69,62
25134614,Do Van Vy,2.67,6.67,1,2002-05-03,CKM,K25,0,134,66
25134615,Hoang Van Quan,3.28,8.2,1,2002-05-15,CKM,K24,0,33,91
25134616,Tran Thi Hieu,3.94,9.85,0,2005-06-15,CNOT,K22,0,63,92
25134617,Hoang Van An,2.44,6.1,0,2006-05-14,CNTT,K21,0,63,97
25134618,Nguyen Van Binh,2.15,5.38,0,2004-04-11,CNOT,K24,0,74,64
25134619,Huynh Van Duc,2.03,5.07,0,2006-08-03,DTVT,K24,0,91,98
25134620,Truong Van Trang,3.51,8.77,1,2002-02-13,KTMT,K23,1,130,75
25134621,Dang Van Chi,3.76,9.4,1,2001-06-22,KHMT,K23,0,109,66
25134622,Duong Van Ngoc,1.9,4.75,1,2007-05-22,HTTT,K24,0,62,73
25134623,Hoang Van Linh,2.63,6.57,1,2005-01-17,KTMT,K23,0,111,92
25134624,Duong Van Ngoc,1.66,4.15,0,2002-10-24,HTTT,K21,0,148,75
25134625,Huynh Van Binh,2.53,6.32,0,2006-12-23,CKM,K25,0,136,82
25134626,Phan Thi An,2.86,7.15,0,2006-05-06,KTPM,K24,0,63,85
25134627,Mai Thi Quan,3.72,9.3,1,2003-07-01,KT,K23,0,38,56
25134628,Ngo Thi Trang,2.06,5.15,1,2002-12-11,DTVT,K21,1,75,52
25134629,Phan Thi Nam,3.14,7.85,1,2007-10-10,HTTT,K22,0,113,69
25134630,Vo Thi Minh,1.86,4.65,1,2001-11-25,HTTT,K22,0,132,66
25134631,Ngo Thi Ngoc,1.57,3.93,0,2002-10-01,CNOT,K25,0,39,66
25134632,Huynh Van Quan,1.68,4.2,0,2004-08-10,CNOT,K25,0,81,89
25134633,Pham Thi Son,2.26,5.65,1,2002-03-30,KHMT,K22,0,107,79
25134634,Huynh Van An,2.25,5.62,1,2002-07-10,CKM,K22,0,118,83
25134635,Do Van Duc,2.04,5.1,1,2005-05-18,KTMT,K24,0,142,99
25134636,Nguyen Van Ngoc,3.97,9.93,1,2002-11-09,HTTT,K22,0,57,94
25134637,Dang Van Quan,3.25,8.12,1,2006-12-02,DTVT,K21,0,108,50
25134638,Pham Thi Minh,1.68,4.2,0,2002-11-28,KTMT,K25,0,81,91
25134639,Phan Thi Nam,3.78,9.45,0,2003-04-26,DTVT,K22,0,89,54
25134640,Huynh Van Hai,3.67,9.18,0,2003-10-09,CKM,K22,0,129,62
25134641,Bui Thi Binh,1.64,4.1,1,2004-05-08,KTMT,K25,1,118,98
25134642,Truong Van Giang,1.7,4.25,0,2003-05-09,KT,K25,0,124,81
25134643,Tran Thi Vy,2.51,6.27,0,2001-08-18,KTMT,K24,0,37,99
25134644,Truong Van Trang,2.03,5.07,1,2007-08-07,QTKD,K21,0,90,97
25134645,Bui Thi Minh,2.52,6.3,1,2006-02-01,CNOT,K21,0,51,77
25134646,Pham Thi Linh,1.98,4.95,0,2002-11-13,KTPM,K23,0,71,55
25134647,Le Van Minh,2.13,5.32,0,2001-03-04,KTPM,K22,0,35,84
25134648,Mai Thi Ngoc,1.95,4.88,1,2005-05-29,KT,K22,0,139,58
25134649,Do Van Giang,3.14,7.85,0,2003-10-12,KT,K21,1,81,79
25134650,Duong Van An,3.66,9.15,1,2001-10-12,DTVT,K21,0,70,54
25134651,Vo Thi Phuc,1.97,4.92,1,2006-07-01,DTVT,K23,0,98,92
25134652,Nguyen Van Quan,2.39,5.98,1,2006-08-20,KHMT,K23,0,42,57
25134653,Dang Van Minh,1.79,4.47,0,2007-02-03,CNTT,K25,0,147,74
25134654,Pham Thi Phuc,3.07,7.67,0,2003-03-21,KTMT,K25,1,45,77
25134655,Truong Van Tuan,2.19,5.47,0,2006-08-02,DTVT,K21,0,53,58
25134656,Tran Thi Linh,3.55,8.88,1,2007-05-17,KT,K25,0,93,81
25134657,Le Van Hieu,1.66,4.15,0,2003-09-06,CNOT,K21,0,111,72
25134658,Tran Thi Giang,3.96,9.9,1,2006-07-05,KHMT,K22,0,93,55
25134659,Bui Thi Giang,2.55,6.38,1,2007-10-19,KTMT,K23,1,102,70
25134660,Nguyen Van Hai,3.23,8.07,0,2006-11-29,KT,K22,0,89,58
25134661,Vo Thi Hai,2.22,5.55,1,2004-10-23,CKM,K25,0,97,87
25134662,Pham Thi Trang,3.31,8.28,1,2004-01-15,KTMT,K24,0,97,98
25134663,Phan Thi Hieu,2.7,6.75,1,2006-04-30,CKM,K21,0,126,65
25134664,Tran Thi Duc,1.56,3.9,1,2002-01-12,DTVT,K24,0,85,70
25134665,Tran Thi Tuan,3.9,9.75,1,2007-06-15,KHMT,K22,0,139,72
25134666,Dang Van Khanh,1.76,4.4,1,2003-02-12,KTMT,K21,0,73,95
25134667,Vo Thi Vy,3.73,9.32,1,2005-01-10,KTMT,K21,0,148,98
25134668,Do Van Duc,2.04,5.1,1,2005-10-16,QTKD,K23,0,118,53
25134669,Mai Thi Son,2.82,7.05,0,2006-09-01,HTTT,K23,0,45,96
25134670,Phan Thi Giang,2.57,6.42,0,2004-01-30,HTTT,K23,0,93,83
25134671,Nguyen Van Tuan,3.77,9.43,1,2005-08-19,KHMT,K21,0,112,56
25134672,Bui Thi An,2.19,5.47,1,2005-04-22,HTTT,K24,0,51,78
25134673,Phan Thi Duc,2.45,6.12,0,2006-09-09,CNOT,K23,0,88,63
25134674,Do Van Vy,1.82,4.55,0,2007-03-04,KTMT,K21,0,143,86
25134675,Hoang Van Quan,1.72,4.3,1,2006-01-12,KHMT,K25,0,36,83
25134676,Le Van Phuc,2.95,7.38,0,2004-02-05,HTTT,K24,0,150,60
25134677,Phan Thi Giang,2.29,5.72,0,2002-04-08,CNTT,K24,0,110,51
25134678,Pham Thi Binh,3.19,7.97,1,2002-09-29,CNOT,K24,0,85,69
25134679,Ngo Thi Khanh,3.64,9.1,1,2007-05-31,HTTT,K24,0,63,66
25134680,Hoang Van Ngoc,2.92,7.3,0,2005-09-06,HTTT,K22,0,56,96
25134681,Le Van Phuc,2.4,6.0,0,2005-01-09,QTKD,K21,0,63,56
25134682,Nguyen Van Phuc,3.82,9.55,1,2002-09-04,KTPM,K23,0,89,92
25134683,Dang Van Nam,3.52,8.8,1,2001-11-11,CNTT,K24,0,102,77
25134684,Duong Van Khanh,3.65,9.12,1,2005-04-07,KTMT,K23,1,144,86
25134685,Ngo Thi Hieu,1.86,4.65,0,2003-05-09,CNOT,K22,0,71,72
25134686,Tran Thi Trang,3.59,8.97,0,2003-02-01,QTKD,K21,0,36,92
25134687,Bui Thi Minh,2.34,5.85,1,2005-08-05,KT,K23,0,108,98
25134688,Le Van Chi,3.79,9.47,0,2007-02-02,KT,K24,0,143,62
25134689,Nguyen Van Ngoc,1.53,3.83,1,2007-11-30,CNOT,K21,0,114,78
25134690,Tran Thi Minh,2.52,6.3,0,2006-02-15,HTTT,K23,0,123,85
25134691,Duong Van Ngoc,1.53,3.83,0,2001-11-10,KHMT,K21,0,114,66
25134692,Le Van Hai,1.73,4.33,1,2006-12-13,KTMT,K23,0,108,52
25134693,Truong Van Duc,2.81,7.03,0,2005-10-11,CKM,K22,0,63,51
25134694,Hoang Van Ngoc,3.45,8.62,1,2006-05-16,KHMT,K23,0,51,61
25134695,Dang Van Trang,2.52,6.3,0,2007-06-08,CNOT,K21,0,122,63
25134696,Truong Van Hieu,1.94,4.85,0,2003-03-12,CKM,K24,1,77,97
25134697,Pham Thi Hieu,1.69,4.22,1,2004-03-08,CKM,K25,0,41,67
25134698,Bui Thi Nam,3.7,9.25,1,2006-04-26,CKM,K24,0,145,79
25134699,Le Van Binh,2.0,5.0,1,2007-07-06,CNOT,K24,1,40,87
25134700,Duong Van Phuc,1.84,4.6,0,2005-06-09,DTVT,K23,0,51,84
25134701,Huynh Van Phuc,3.54,8.85,0,2004-01-06,KTPM,K23,0,75,57
25134702,Huynh Van Son,1.64,4.1,0,2004-03-04,KTMT,K22,0,41,85
25134703,Huynh Van Minh,2.29,5.72,1,2001-03-23,KT,K21,0,147,66
25134704,Vo Thi Phuc,2.17,5.42,1,2007-10-15,KT,K23,0,100,100
25134705,Do Van Quan,1.81,4.53,1,2006-11-24,KTPM,K21,0,48,68
25134706,Hoang Van Vy,2.61,6.52,1,2006-07-31,QTKD,K23,0,109,68
25134707,Hoang Van Hieu,3.08,7.7,0,2004-03-17,KHMT,K24,0,123,53
25134708,Pham Thi Tuan,1.97,4.92,1,2007-07-20,CKM,K25,0,106,84
25134709,Nguyen Van Nam,1.69,4.22,1,2003-03-03,KT,K23,0,56,71
25134710,Bui Thi Vy,2.61,6.52,1,2006-06-14,KTMT,K22,0,150,58
25134711,Truong Van Giang,1.64,4.1,1,2002-08-03,HTTT,K25,0,58,60
25134712,Dang Van Hieu,3.99,9.98,0,2002-01-31,KT,K21,1,117,67
25134713,Nguyen Van Phuc,2.54,6.35,0,2001-04-30,KT,K22,0,65,72
25134714,Dang Van Hai,3.79,9.47,0,2001-05-31,CNOT,K24,0,127,93
25134715,Vo Thi Vy,1.65,4.12,0,2007-07-06,KTMT,K25,0,42,58
25134716,Mai Thi Vy,2.0,5.0,1,2004-11-10,KHMT,K24,1,128,90
25134717,Hoang Van Ngoc,3.15,7.88,0,2002-01-20,KHMT,K24,0,83,68
25134718,Le Van An,2.87,7.18,0,2001-09-23,KT,K21,0,43,74
25134719,Hoang Van Thao,3.27,8.18,0,2002-07-29,DTVT,K21,0,31,69
25134720,Dang Van Minh,1.94,4.85,0,2006-03-22,CNTT,K21,0,114,52
25134721,Tran Thi Thao,2.56,6.4,1,2003-10-18,CKM,K22,0,43,87
25134722,Tran Thi Vy,2.23,5.58,1,2006-12-23,KHMT,K21,0,66,100
25134723,Le Van Quan,2.63,6.57,0,2002-03-15,KHMT,K21,1,145,85
25134724,Vo Thi Thao,2.5,6.25,1,2001-09-17,KTMT,K23,0,34,63
25134725,Pham Thi Vy,3.87,9.68,0,2005-02-02,KT,K25,0,95,73
25134726,Nguyen Van Phuc,2.12,5.3,0,2002-12-01,DTVT,K24,0,147,100
25134727,Huynh Van Minh,1.52,3.8,0,2003-12-25,CNTT,K21,1,50,93
25134728,Huynh Van Phuc,3.55,8.88,1,2006-09-02,HTTT,K25,0,65,62
25134729,Ngo Thi Tuan,3.02,7.55,1,2002-02-06,QTKD,K22,0,117,97
25134730,Duong Van Binh,3.01,7.52,1,2007-07-10,KTMT,K25,0,95,79
25134731,Pham Thi Thao,2.96,7.4,1,2002-08-31,KHMT,K23,0,134,95
25134732,Phan Thi Giang,2.66,6.65,1,2006-12-10,HTTT,K21,0,128,76
25134733,Vo Thi Nam,2.14,5.35,1,2007-04-05,QTKD,K23,0,117,72
25134734,Huynh Van Minh,3.59,8.97,0,2001-04-12,KTPM,K24,0,104,83
25134735,Phan Thi Minh,3.28,8.2,1,2001-09-11,CNOT,K24,0,130,77
25134736,Ngo Thi Khanh,2.29,5.72,1,2002-02-01,KHMT,K22,0,45,61
25134737,Duong Van Nam,2.36,5.9,1,2002-07-17,QTKD,K23,0,97,81
25134738,Nguyen Van Ngoc,2.71,6.78,1,2005-01-31,CNOT,K23,1,145,66
25134739,Dang Van Giang,3.68,9.2,1,2002-05-13,KHMT,K21,0,85,79
25134740,Truong Van Quan,3.41,8.53,0,2006-08-18,KTPM,K24,0,102,68
25134741,Dang Van Son,1.88,4.7,0,2001-11-19,KT,K25,0,59,95
25134742,Tran Thi Khanh,1.5,3.75,1,2002-03-27,DTVT,K25,0,120,58
25134743,Tran Thi Chi,2.3,5.75,1,2006-12-22,KTMT,K22,0,71,70
25134744,Do Van Tuan,2.26,5.65,1,2006-12-20,KT,K21,0,135,97
25134745,Duong Van Phuc,3.25,8.12,0,2007-07-19,KTPM,K22,0,118,97
25134746,Ngo Thi Hieu,3.18,7.95,0,2002-10-06,KHMT,K23,0,44,54
25134747,Huynh Van Binh,2.65,6.62,0,2007-03-27,CKM,K24,0,111,71
25134748,Hoang Van Quan,3.06,7.65,0,2007-01-29,HTTT,K23,0,79,83
25134749,Ngo Thi An,3.77,9.43,1,2006-05-24,KHMT,K21,0,44,54
25134750,Ngo Thi Trang,1.64,4.1,0,2002-02-25,HTTT,K24,0,39,94
25134751,Dang Van Son,1.57,3.93,1,2001-03-23,QTKD,K23,0,91,59
25134752,Nguyen Van Trang,3.71,9.28,0,2006-05-25,QTKD,K22,0,148,53
25134753,Pham Thi Chi,2.59,6.47,0,2002-12-09,CNOT,K23,0,131,90
25134754,Do Van Dung,3.04,7.6,0,2004-04-20,HTTT,K21,0,138,91
25134755,Vo Thi Ngoc,3.44,8.6,1,2003-08-30,DTVT,K24,0,64,66
25134756,Duong Van Quan,2.06,5.15,0,2007-03-19,KT,K23,0,95,53
25134757,Hoang Van Vy,2.14,5.35,0,2005-04-17,DTVT,K21,0,149,56
25134758,Vo Thi Tuan,1.57,3.93,0,2007-08-01,CNTT,K25,0,140,60
25134759,Vo Thi Hieu,3.78,9.45,0,2007-04-06,HTTT,K24,0,85,91
25134760,Bui Thi Son,3.23,8.07,1,2007-09-03,DTVT,K23,0,73,61
25134761,Duong Van Quan,2.89,7.23,0,2001-10-10,KTPM,K25,0,31,52
25134762,Pham Thi Linh,1.57,3.93,0,2003-06-28,QTKD,K25,0,101,77
25134763,Mai Thi Son,2.26,5.65,0,2006-03-16,KHMT,K24,0,99,60
25134764,Dang Van Hieu,2.48,6.2,1,2002-07-11,HTTT,K21,0,142,76
25134765,Tran Thi Ngoc,3.0,7.5,1,2004-09-01,HTTT,K21,0,127,74
25134766,Pham Thi Minh,1.89,4.72,1,2006-09-11,KHMT,K21,0,47,82
25134767,Phan Thi Hieu,2.98,7.45,1,2004-03-24,HTTT,K23,0,106,85
25134768,Duong Van Thao,2.16,5.4,1,2006-02-04,DTVT,K23,0,130,77
25134769,Truong Van Thao,3.54,8.85,1,2005-02-21,DTVT,K23,0,97,61
25134770,Dang Van Quan,1.96,4.9,1,2006-10-07,HTTT,K23,0,51,73
25134771,Bui Thi Vy,2.74,6.85,1,2001-09-30,QTKD,K25,0,110,51
25134772,Hoang Van Phuc,2.59,6.47,0,2005-10-08,HTTT,K24,1,48,79
25134773,Hoang Van Giang,3.51,8.77,0,2001-01-13,KT,K21,0,44,86
25134774,Dang Van Son,1.66,4.15,1,2002-02-03,QTKD,K23,0,136,59
25134775,Nguyen Van Tuan,2.52,6.3,1,2005-02-24,KTPM,K24,0,63,83
25134776,Dang Van Thao,3.96,9.9,0,2006-10-24,CKM,K24,0,141,81
25134777,Phan Thi An,1.7,4.25,1,2001-03-18,CNTT,K23,0,133,77
25134778,Tran Thi Ngoc,3.48,8.7,1,2003-01-05,CNOT,K23,0,40,72
25134779,Bui Thi Binh,2.08,5.2,0,2002-04-10,CKM,K25,0,123,98
25134780,Huynh Van Dung,2.09,5.22,1,2007-05-04,HTTT,K24,0,72,69
25134781,Huynh Van Linh,3.41,8.53,1,2007-03-08,CKM,K22,0,46,71
25134782,Truong Van An,2.91,7.28,0,2001-07-09,CKM,K24,1,54,89
25134783,Phan Thi Thao,3.19,7.97,0,2003-11-16,KT,K24,0,124,73
25134784,Le Van Hieu,2.31,5.78,0,2003-12-18,DTVT,K24,0,129,98
25134785,Huynh Van Hieu,2.17,5.42,1,2006-05-16,KT,K23,0,79,50
25134786,Ngo Thi Thao,3.73,9.32,0,2005-07-14,KTPM,K21,0,100,89
25134787,Vo Thi Tuan,2.41,6.03,0,2004-05-01,QTKD,K21,0,103,88
25134788,Phan Thi Dung,2.87,7.18,1,2007-07-11,KTMT,K25,0,132,62
25134789,Huynh Van Duc,3.81,9.53,0,2005-06-18,KTPM,K21,0,45,98
25134790,Ngo Thi Hai,2.72,6.8,1,2007-06-02,KTPM,K21,0,83,68
25134791,Phan Thi Hieu,3.36,8.4,1,2005-07-11,DTVT,K21,0,72,70
25134792,Nguyen Van Ngoc,2.94,7.35,1,2007-03-27,KHMT,K24,0,103,61
25134793,Hoang Van Tuan,1.75,4.38,0,2005-05-10,HTTT,K23,0,127,57
25134794,Duong Van Linh,2.35,5.88,1,2006-03-18,CKM,K23,0,145,81
25134795,Dang Van Son,2.49,6.23,1,2006-07-14,HTTT,K24,0,46,74
25134796,Ngo Thi Binh,2.49,6.23,1,2007-12-30,QTKD,K21,0,127,63
25134797,Pham Thi Khanh,3.48,8.7,0,2005-10-08,CNTT,K24,0,30,84
25134798,Truong Van Quan,1.85,4.62,1,2004-08-23,QTKD,K25,0,121,53
25134799,Tran Thi Chi,3.8,9.5,0,2005-09-25,DTVT,K22,0,127,85
25134800,Nguyen Van Duc,2.3,5.75,0,2007-08-23,DTVT,K23,0,94,75
25134801,Le Van An,3.58,8.95,0,2003-02-23,DTVT,K23,0,64,87
25134802,Vo Thi Binh,1.53,3.83,1,2001-12-13,KTMT,K21,0,74,62
25134803,Nguyen Van Minh,1.68,4.2,0,2004-02-15,QTKD,K21,0,39,60
25134804,Vo Thi Khanh,3.0,7.5,0,2004-01-01,HTTT,K23,0,66,84
25134805,Tran Thi Duc,3.95,9.88,1,2007-01-23,HTTT,K24,0,44,52
25134806,Duong Van Khanh,1.66,4.15,0,2003-10-15,CNOT,K21,0,104,69
25134807,Duong Van Duc,2.24,5.6,1,2002-11-02,CNOT,K24,0,46,67
25134808,Bui Thi Son,1.58,3.95,0,2003-01-04,KT,K23,1,123,68
25134809,Huynh Van Nam,2.53,6.32,1,2004-03-30,DTVT,K22,0,132,58
25134810,Bui Thi Chi,3.2,8.0,0,2002-04-24,HTTT,K21,0,63,73
25134811,Ngo Thi An,2.09,5.22,1,2002-08-21,CNTT,K22,0,80,93
25134812,Do Van Trang,1.51,3.77,1,2004-03-28,DTVT,K23,0,45,90
25134813,Truong Van Dung,2.77,6.92,0,2001-01-07,CKM,K25,0,117,51
25134814,Duong Van Hai,2.53,6.32,0,2001-03-18,QTKD,K21,0,76,94
25134815,Huynh Van Quan,2.13,5.32,1,2001-08-19,CNTT,K25,0,34,51
25134816,Truong Van Tuan,1.57,3.93,0,2001-07-16,KTPM,K22,0,54,68
25134817,Phan Thi Trang,2.57,6.42,1,2005-11-27,CNTT,K24,0,136,58
25134818,Le Van Ngoc,1.63,4.07,1,2006-05-01,CNTT,K24,0,30,65
25134819,Mai Thi Binh,3.0,7.5,1,2004-11-29,KTMT,K22,1,36,92
25134820,Truong Van Linh,3.01,7.52,1,2006-09-27,QTKD,K23,0,129,68
25134821,Dang Van Tuan,1.57,3.93,0,2004-02-05,QTKD,K22,0,80,77
25134822,Duong Van Vy,2.34,5.85,0,2006-07-18,HTTT,K21,0,64,89
25134823,Huynh Van Dung,1.7,4.25,1,2004-01-17,HTTT,K22,1,148,87
25134824,Hoang Van Phuc,3.64,9.1,1,2005-11-12,HTTT,K21,0,44,84
25134825,Tran Thi Binh,1.53,3.83,0,2004-08-17,DTVT,K22,0,115,95
25134826,Nguyen Van Tuan,2.17,5.42,1,2007-04-20,CNTT,K23,0,82,61
25134827,Huynh Van Nam,2.01,5.02,1,2001-08-23,KTMT,K24,0,128,73
25134828,Pham Thi Hai,2.63,6.57,0,2004-07-27,KTPM,K22,0,116,62
25134829,Phan Thi Tuan,2.17,5.42,1,2007-12-02,DTVT,K22,0,74,53
25134830,Duong Van Duc,2.76,6.9,1,2001-08-03,CNOT,K24,0,72,98
25134831,Mai Thi Phuc,1.81,4.53,0,2005-10-21,KT,K24,0,45,79
25134832,Mai Thi Hai,3.84,9.6,0,2001-08-28,CNOT,K22,0,112,57
25134833,Truong Van Hai,2.57,6.42,1,2005-05-30,CNTT,K22,0,121,80
25134834,Le Van Trang,2.65,6.62,0,2006-05-07,QTKD,K21,0,57,88
25134835,Hoang Van Trang,3.38,8.45,1,2001-04-23,KHMT,K24,0,124,87
25134836,Le Van Hai,3.68,9.2,0,2002-03-26,KTMT,K23,0,93,68
25134837,Do Van Chi,2.05,5.12,1,2002-07-18,CNTT,K22,0,91,73
25134838,Hoang Van Linh,3.79,9.47,0,2001-12-15,CNTT,K25,0,31,65
25134839,Phan Thi Hai,3.59,8.97,0,2005-04-08,KT,K23,0,48,64
25134840,Huynh Van Hai,2.3,5.75,0,2002-04-05,DTVT,K24,1,65,52
25134841,Mai Thi Phuc,2.69,6.72,0,2001-11-14,KTMT,K25,0,58,66
25134842,Ngo Thi Ngoc,2.99,7.48,1,2005-10-06,KHMT,K22,0,85,82
25134843,Duong Van Chi,3.89,9.72,1,2002-04-15,DTVT,K24,0,136,77
25134844,Truong Van Vy,1.52,3.8,1,2004-03-02,KTPM,K22,0,124,52
25134845,Mai Thi Ngoc,3.62,9.05,1,2007-03-21,KTMT,K25,0,118,60
25134846,Vo Thi An,1.98,4.95,1,2005-03-31,DTVT,K21,0,72,76
25134847,Nguyen Van Thao,1.54,3.85,1,2001-03-14,CNTT,K23,1,122,53
25134848,Huynh Van Hai,3.32,8.3,0,2002-09-05,CKM,K21,0,80,78
25134849,Mai Thi Minh,1.58,3.95,1,2007-09-03,KT,K24,0,80,85
25134850,Bui Thi Dung,3.5,8.75,0,2004-08-16,KHMT,K24,0,34,99
25134851,Huynh Van Ngoc,3.21,8.03,0,2001-05-05,HTTT,K23,1,103,63
25134852,Le Van Minh,1.75,4.38,1,2006-06-23,CKM,K21,0,57,77
25134853,Bui Thi Linh,3.77,9.43,0,2001-08-21,HTTT,K23,0,107,64
25134854,Le Van Chi,1.97,4.92,1,2006-10-07,DTVT,K23,0,104,88
25134855,Phan Thi Tuan,3.99,9.98,1,2002-11-14,CNOT,K25,0,124,87
25134856,Do Van Binh,2.72,6.8,0,2003-05-21,QTKD,K25,0,55,69
25134857,Hoang Van Tuan,2.61,6.52,0,2007-05-20,KTPM,K22,0,116,62
25134858,Duong Van Ngoc,1.72,4.3,1,2002-11-09,HTTT,K24,0,33,59
25134859,Tran Thi Duc,2.27,5.67,1,2003-07-02,CNTT,K23,0,106,57
25134860,Tran Thi Linh,1.74,4.35,0,2001-02-28,QTKD,K24,0,134,93
25134861,Do Van Duc,3.79,9.47,1,2007-07-05,CNOT,K21,0,58,96
25134862,Truong Van Tuan,2.07,5.17,0,2002-02-17,CKM,K24,0,76,67
25134863,Pham Thi Vy,2.43,6.08,0,2002-09-18,DTVT,K23,0,117,60
25134864,Truong Van Linh,3.77,9.43,0,2003-06-25,CNOT,K22,1,44,63
25134865,Le Van Khanh,3.44,8.6,1,2006-06-27,DTVT,K21,0,63,57
25134866,Vo Thi Hieu,3.69,9.22,1,2004-08-08,CNOT,K23,0,45,70
25134867,Hoang Van An,1.7,4.25,0,2006-06-28,DTVT,K22,0,128,83
25134868,Vo Thi Son,3.24,8.1,1,2002-05-16,DTVT,K24,0,132,79
25134869,Bui Thi Giang,2.69,6.72,0,2005-07-30,DTVT,K25,0,52,54
25134870,Nguyen Van Binh,3.64,9.1,1,2004-07-23,KT,K24,0,56,94
25134871,Vo Thi Chi,2.63,6.57,0,2007-06-11,KTPM,K23,0,66,66
25134872,Pham Thi Binh,1.69,4.22,1,2005-05-16,KHMT,K24,0,104,50
25134873,Truong Van Son,2.7,6.75,0,2003-10-08,HTTT,K25,0,62,79
25134874,Hoang Van Giang,3.56,8.9,1,2006-02-05,CNTT,K23,0,127,79
25134875,Duong Van Dung,3.83,9.57,0,2007-09-21,HTTT,K24,0,36,76
25134876,Truong Van Son,2.62,6.55,0,2001-07-05,DTVT,K23,0,128,59
25134877,Phan Thi Hai,3.15,7.88,1,2007-10-16,HTTT,K24,0,73,56
25134878,Do Van Nam,2.82,7.05,1,2001-10-13,DTVT,K23,0,106,55
25134879,Duong Van Giang,3.31,8.28,0,2004-08-19,CNOT,K25,0,42,81
25134880,Pham Thi Vy,2.01,5.02,1,2006-04-01,KHMT,K21,0,71,97
25134881,Truong Van Hai,2.58,6.45,1,2003-07-31,KHMT,K25,1,48,84
25134882,Do Van Khanh,2.67,6.67,0,2004-04-19,KTMT,K22,0,77,65
25134883,Ngo Thi Vy,3.86,9.65,0,2006-06-20,QTKD,K24,0,103,90
25134884,Mai Thi Quan,3.41,8.53,0,2004-07-08,CNTT,K25,0,115,90
25134885,Mai Thi Tuan,1.96,4.9,0,2001-12-06,CNTT,K22,0,123,96
25134886,Duong Van An,3.07,7.67,0,2005-09-09,DTVT,K25,0,37,61
25134887,Truong Van Quan,2.99,7.48,0,2006-12-20,KTMT,K21,0,146,51
25134888,Pham Thi Son,2.16,5.4,0,2003-01-06,CKM,K25,0,92,63
25134889,Nguyen Van Trang,3.56,8.9,0,2002-02-10,KHMT,K24,0,120,55
25134890,Mai Thi Hieu,1.74,4.35,1,2004-04-18,CKM,K25,0,32,94
25134891,Do Van Quan,2.41,6.03,0,2001-12-17,CNOT,K25,0,134,96
25134892,Hoang Van Ngoc,2.54,6.35,1,2007-10-07,KTMT,K23,0,70,71
25134893,Tran Thi Hai,1.6,4.0,0,2004-12-28,HTTT,K25,0,127,53
25134894,Dang Van Duc,2.64,6.6,0,2001-12-29,QTKD,K23,0,62,60
25134895,Duong Van Vy,3.95,9.88,0,2005-06-04,KHMT,K24,0,75,58
25134896,Le Van Thao,3.36,8.4,1,2006-05-21,QTKD,K21,0,96,95
25134897,Nguyen Van Minh,3.12,7.8,0,2004-05-01,CNOT,K24,0,134,71
25134898,Nguyen Van Chi,3.21,8.03,0,2007-01-23,CNOT,K23,0,133,59
25134899,Do Van Duc,3.07,7.67,0,2002-10-17,CNOT,K22,0,99,67
25134900,Ngo Thi Khanh,2.04,5.1,1,2001-01-28,KTPM,K22,0,114,80
25134901,Truong Van Vy,3.35,8.38,0,2003-11-25,HTTT,K21,0,132,75
25134902,Vo Thi Dung,2.8,7.0,1,2005-10-19,KTMT,K25,0,69,67
25134903,Do Van Khanh,2.59,6.47,1,2002-01-12,KT,K24,0,86,76
25134904,Tran Thi Thao,3.18,7.95,0,2001-05-26,KHMT,K22,0,142,66
25134905,Dang Van Ngoc,3.44,8.6,0,2004-11-25,KTPM,K21,0,120,70
25134906,Huynh Van Nam,2.89,7.23,1,2004-08-26,KHMT,K24,0,114,55
25134907,Nguyen Van Giang,4.0,10.0,1,2007-09-02,KTMT,K22,0,54,67
25134908,Mai Thi Linh,1.81,4.53,1,2001-11-28,KT,K23,0,39,61
25134909,Ngo Thi Hai,2.23,5.58,1,2004-07-13,KT,K24,0,62,79
25134910,Duong Van Nam,2.44,6.1,1,2001-12-08,QTKD,K21,1,73,82
25134911,Nguyen Van Thao,3.77,9.43,1,2003-11-11,CKM,K22,0,63,75
25134912,Vo Thi Dung,2.0,5.0,1,2007-02-10,DTVT,K21,0,64,82
25134913,Le Van Nam,1.89,4.72,0,2004-10-03,DTVT,K21,0,40,79
25134914,Bui Thi Binh,2.2,5.5,1,2004-08-23,CKM,K23,0,115,65
25134915,Ngo Thi Hai,3.47,8.68,0,2007-03-13,CNOT,K22,0,33,83
25134916,Dang Van Chi,2.62,6.55,0,2006-07-22,DTVT,K24,0,139,52
25134917,Hoang Van Duc,3.89,9.72,0,2001-06-16,KT,K24,0,132,68
25134918,Le Van Quan,2.62,6.55,0,2006-05-17,KTMT,K21,0,90,58
25134919,Hoang Van Quan,2.02,5.05,1,2007-01-06,KTMT,K23,0,36,86
25134920,Hoang Van Son,2.34,5.85,0,2001-08-14,KTPM,K22,0,136,91
25134921,Nguyen Van Phuc,3.29,8.22,1,2004-06-23,CKM,K24,0,139,88
25134922,Ngo Thi Phuc,2.93,7.33,0,2006-04-11,HTTT,K22,0,34,64
25134923,Ngo Thi Ngoc,1.67,4.17,1,2004-09-27,CKM,K23,0,63,66
25134924,Pham Thi Chi,1.57,3.93,0,2001-03-27,KT,K24,0,105,71
25134925,Vo Thi Linh,1.81,4.53,0,2007-06-30,CNTT,K22,0,43,73
25134926,Truong Van Quan,3.22,8.05,0,2007-01-19,KTPM,K22,0,122,90
25134927,Pham Thi Hieu,3.1,7.75,1,2004-05-29,CNOT,K21,1,103,63
25134928,Hoang Van Thao,3.07,7.67,1,2005-10-25,KTPM,K22,0,114,77
25134929,Mai Thi Quan,3.29,8.22,0,2004-05-09,KHMT,K24,0,121,53
25134930,Huynh Van An,1.78,4.45,1,2005-01-04,KTPM,K25,0,114,98
25134931,Bui Thi Chi,1.61,4.03,0,2007-06-16,QTKD,K22,0,76,64
25134932,Do Van Thao,1.55,3.88,1,2007-07-26,KT,K22,0,66,87
25134933,Vo Thi Quan,2.77,6.92,1,2002-06-20,CNOT,K24,0,101,69
25134934,Bui Thi An,3.79,9.47,1,2006-08-12,HTTT,K24,1,127,65
25134935,Pham Thi Quan,2.09,5.22,0,2002-10-18,QTKD,K24,0,127,82
25134936,Tran Thi Tuan,2.82,7.05,0,2002-12-01,KT,K22,0,129,71
25134937,Duong Van Hai,2.48,6.2,1,2004-03-30,DTVT,K25,0,144,100
25134938,Mai Thi Ngoc,2.89,7.23,1,2005-10-19,KHMT,K25,1,72,82
25134939,Duong Van Phuc,3.09,7.72,0,2004-04-16,HTTT,K22,1,103,71
25134940,Truong Van Minh,3.92,9.8,0,2003-10-16,DTVT,K23,0,129,62
25134941,Mai Thi Nam,1.81,4.53,0,2007-04-18,CNOT,K24,1,124,78
25134942,Do Van Khanh,2.61,6.52,0,2007-04-18,KT,K21,0,30,98
25134943,Hoang Van An,2.07,5.17,0,2001-12-20,QTKD,K25,0,141,90
25134944,Ngo Thi Binh,3.2,8.0,1,2003-09-02,QTKD,K23,0,65,60
25134945,Le Van Vy,2.49,6.23,0,2003-08-01,CNOT,K21,0,106,87
25134946,Mai Thi Tuan,1.6,4.0,0,2004-06-12,CNOT,K22,0,74,57
25134947,Huynh Van Tuan,1.92,4.8,1,2007-05-03,CNTT,K25,0,83,57
25134948,Ngo Thi Tuan,1.96,4.9,1,2006-04-17,KTMT,K24,0,106,91
25134949,Truong Van Trang,2.51,6.27,1,2002-11-19,KTPM,K23,0,112,78
25134950,Pham Thi Hai,2.41,6.03,0,2003-11-20,KT,K21,1,37,62
25134951,Vo Thi Tuan,3.21,8.03,1,2006-07-27,KTMT,K25,0,103,77
25134952,Pham Thi Duc,3.77,9.43,0,2001-05-24,KTMT,K23,0,139,58
25134953,Duong Van Thao,2.23,5.58,1,2002-06-24,CNOT,K24,1,54,72
25134954,Vo Thi Giang,3.89,9.72,0,2006-03-09,HTTT,K23,0,38,98
25134955,Hoang Van Binh,2.46,6.15,0,2004-11-16,HTTT,K25,0,64,85
25134956,Tran Thi Nam,1.82,4.55,1,2004-08-24,HTTT,K24,0,58,90
25134957,Le Van Son,3.12,7.8,0,2004-07-17,CKM,K22,0,127,79
25134958,Tran Thi Nam,1.82,4.55,0,2006-07-25,DTVT,K25,0,38,58
25134959,Phan Thi Duc,2.22,5.55,0,2001-12-04,QTKD,K23,0,79,53
25134960,Duong Van Vy,2.23,5.58,0,2005-10-31,KT,K24,0,33,80
25134961,Pham Thi Hieu,3.57,8.92,1,2007-09-18,CNTT,K23,0,51,88
25134962,Do Van Nam,3.13,7.82,0,2007-09-04,DTVT,K21,0,135,73
25134963,Duong Van Hieu,2.45,6.12,1,2001-08-23,KHMT,K23,0,98,89
25134964,Ngo Thi Khanh,2.51,6.27,0,2006-03-14,CNOT,K22,0,143,69
25134965,Tran Thi Linh,3.18,7.95,0,2006-09-28,KT,K22,0,74,57
25134966,Phan Thi Phuc,3.76,9.4,0,2005-07-21,CKM,K25,0,147,82
25134967,Huynh Van Khanh,1.57,3.93,1,2002-09-14,KHMT,K21,0,55,60
25134968,Duong Van Hai,3.24,8.1,0,2005-05-18,KTPM,K24,0,136,97
25134969,Tran Thi Tuan,3.3,8.25,0,2006-12-10,DTVT,K22,0,118,66
25134970,Ngo Thi Vy,3.56,8.9,1,2001-09-05,CKM,K23,0,126,85
25134971,Bui Thi Tuan,3.9,9.75,0,2002-01-29,KTPM,K25,0,109,59
25134972,Truong Van Giang,3.29,8.22,0,2003-09-27,KT,K24,1,60,52
25134973,Phan Thi Dung,3.63,9.07,0,2006-03-26,KTPM,K22,0,70,64
25134974,Nguyen Van Quan,3.79,9.47,1,2002-07-07,KT,K21,1,75,77
25134975,Duong Van Hai,3.47,8.68,0,2001-05-27,KT,K23,1,78,58
25134976,Duong Van Trang,1.71,4.28,1,2002-10-23,CNOT,K25,0,102,78
25134977,Pham Thi Vy,2.34,5.85,0,2002-08-01,CKM,K23,0,62,89
25134978,Bui Thi Linh,3.21,8.03,1,2006-01-11,CKM,K21,1,75,93
25134979,Dang Van Quan,2.16,5.4,1,2003-01-19,KTMT,K24,0,30,69
25134980,Bui Thi Trang,3.52,8.8,1,2004-03-19,KTMT,K21,0,45,52
25134981,Bui Thi Duc,3.94,9.85,0,2002-07-05,QTKD,K22,0,126,59
25134982,Pham Thi Giang,1.91,4.77,1,2003-12-25,CKM,K23,0,105,57
25134983,Phan Thi Chi,2.91,7.28,1,2005-01-04,CKM,K21,0,140,68
25134984,Vo Thi Binh,2.9,7.25,1,2001-02-24,QTKD,K22,0,119,62
25134985,Hoang Van Giang,1.67,4.17,1,2006-01-04,KHMT,K22,0,94,98
25134986,Truong Van Thao,3.07,7.67,0,2007-09-17,KHMT,K22,0,138,80
25134987,Do Van Thao,1.71,4.28,1,2005-06-15,CNOT,K23,0,35,71
25134988,Tran Thi Dung,2.83,7.08,0,2001-07-18,KTPM,K21,0,96,80
25134989,Hoang Van Minh,2.59,6.47,1,2004-06-09,KHMT,K23,0,113,52
25134990,Duong Van Thao,2.64,6.6,0,2007-01-26,KTPM,K25,0,76,72
25134991,Le Van Linh,2.47,6.18,1,2004-12-28,CKM,K21,0,122,76
25134992,Ngo Thi Khanh,2.8,7.0,1,2001-12-15,KTMT,K22,0,133,72
25134993,Pham Thi Ngoc,2.96,7.4,0,2005-10-25,KTPM,K25,0,44,100
25134994,Vo Thi Duc,2.45,6.12,0,2003-10-10,CKM,K22,0,72,87
25134995,Truong Van Duc,3.57,8.92,0,2004-01-02,KTMT,K21,0,110,80
25134996,Dang Van Hai,2.87,7.18,1,2007-05-19,KHMT,K24,0,66,52
25134997,Duong Van Trang,1.82,4.55,1,2007-06-14,HTTT,K21,0,59,64
25134998,Vo Thi Linh,2.34,5.85,1,2002-06-06,KTMT,K25,0,111,85
25134999,Huynh Van Ngoc,1.98,4.95,0,2004-02-02,KTPM,K22,0,141,65
25135000,Hoang Van Dung,1.6,4.0,1,2006-12-28,CNTT,K24,0,108,52
25135001,Tran Thi Duc,2.19,5.47,1,2003-03-15,DTVT,K21,1,131,90
25135002,Nguyen Van Minh,3.57,8.92,1,2007-03-20,HTTT,K24,0,56,63
25135003,Duong Van Hieu,1.54,3.85,0,2007-08-15,KTMT,K24,0,37,70
25135004,Mai Thi Tuan,3.65,9.12,1,2007-04-27,CNOT,K23,0,58,96
25135005,Bui Thi Minh,1.73,4.33,1,2003-02-23,DTVT,K21,0,150,85
25135006,Le Van Vy,3.79,9.47,0,2006-06-14,KTPM,K25,0,42,56
25135007,Le Van Nam,2.49,6.23,1,2006-10-28,CKM,K22,0,149,90
25135008,Nguyen Van Chi,3.73,9.32,1,2006-09-30,CKM,K23,1,93,70
25135009,Mai Thi Quan,2.42,6.05,1,2006-09-13,HTTT,K23,0,144,58
25135010,Huynh Van Hieu,1.67,4.17,1,2005-11-07,KT,K24,0,42,98
25135011,Hoang Van Hai,2.11,5.27,0,2003-08-28,DTVT,K23,0,119,51
25135012,Phan Thi Phuc,3.49,8.73,1,2003-01-03,CNOT,K25,0,129,52
25135013,Phan Thi Quan,1.65,4.12,1,2007-12-26,KHMT,K25,0,92,54
25135014,Nguyen Van Giang,3.86,9.65,0,2006-12-21,KTPM,K22,0,119,68
25135015,Tran Thi Trang,2.32,5.8,0,2007-03-04,CNTT,K21,1,36,94
25135016,Dang Van Dung,3.33,8.32,0,2006-04-28,QTKD,K25,0,119,52
25135017,Pham Thi Hieu,1.93,4.83,0,2006-05-13,CNOT,K22,0,70,59
25135018,Duong Van Duc,2.95,7.38,1,2002-07-01,KTMT,K24,1,111,57
25135019,Tran Thi Vy,2.68,6.7,1,2001-12-23,CNTT,K24,0,68,51
25135020,Hoang Van Tuan,2.41,6.03,1,2003-01-17,CNTT,K25,1,46,58
25135021,Duong Van Binh,1.89,4.72,1,2006-11-20,CNOT,K24,0,119,96
25135022,Nguyen Van Duc,2.11,5.27,0,2001-12-07,CKM,K23,0,68,64
25135023,Phan Thi Vy,2.9,7.25,1,2006-08-13,CNOT,K23,0,56,85
25135024,Duong Van Chi,3.14,7.85,0,2003-12-08,CNTT,K25,0,145,71
25135025,Hoang Van Nam,2.02,5.05,1,2002-11-22,DTVT,K24,0,128,78
25135026,Phan Thi Giang,1.97,4.92,1,2007-09-04,CNTT,K21,0,145,97
25135027,Do Van Minh,3.62,9.05,0,2002-03-29,CKM,K24,0,77,56
25135028,Le Van Chi,2.15,5.38,0,2005-03-01,CNOT,K25,1,121,52
25135029,Truong Van Giang,2.92,7.3,0,2003-02-09,KHMT,K24,0,86,87
25135030,Ngo Thi Duc,3.05,7.62,1,2005-06-18,QTKD,K23,0,103,79
25135031,Dang Van Hieu,2.73,6.83,1,2004-03-12,QTKD,K23,0,122,83
25135032,Mai Thi Trang,3.27,8.18,1,2001-04-21,CNOT,K24,0,128,51
25135033,Bui Thi Ngoc,3.67,9.18,1,2006-07-30,KTPM,K21,0,75,77
25135034,Duong Van Minh,1.6,4.0,0,2002-09-07,CKM,K25,0,70,67
25135035,Pham Thi Binh,1.71,4.28,0,2004-02-28,CNTT,K22,1,38,75
25135036,Bui Thi Nam,2.14,5.35,0,2002-08-19,DTVT,K24,0,91,94
25135037,Tran Thi Duc,3.1,7.75,0,2003-01-11,KTPM,K24,0,113,96
25135038,Vo Thi Chi,3.57,8.92,0,2007-03-07,CNOT,K21,0,89,83
25135039,Truong Van Son,3.61,9.03,1,2007-06-15,KTPM,K24,0,130,72
25135040,Vo Thi Hieu,2.85,7.12,1,2001-01-29,KT,K24,0,33,80
25135041,Tran Thi Binh,3.52,8.8,0,2003-07-10,KT,K24,0,147,83
25135042,Tran Thi Khanh,2.36,5.9,1,2001-06-25,HTTT,K22,0,100,87
25135043,Huynh Van Hieu,2.05,5.12,0,2005-02-11,DTVT,K23,0,68,54
25135044,Nguyen Van An,3.85,9.62,0,2002-01-09,KTMT,K23,0,103,69
25135045,Truong Van Minh,2.9,7.25,1,2006-01-07,CNOT,K25,0,39,65
25135046,Phan Thi Linh,3.17,7.92,0,2006-01-10,KTPM,K22,1,51,82
25135047,Huynh Van Minh,2.92,7.3,0,2005-04-06,QTKD,K23,0,121,71
25135048,Ngo Thi Chi,2.82,7.05,1,2007-07-26,KHMT,K24,0,34,63
25135049,Nguyen Van Quan,3.93,9.83,0,2007-04-06,QTKD,K22,0,31,67
25135050,Duong Van Nam,2.07,5.17,0,2001-12-06,CNOT,K23,0,137,87
25135051,Vo Thi Thao,1.7,4.25,1,2004-03-28,KTMT,K22,0,43,97
25135052,Do Van Thao,3.5,8.75,1,2006-03-02,KTPM,K23,0,44,84
25135053,Bui Thi Ngoc,2.77,6.92,1,2001-09-23,KTPM,K24,0,139,93
25135054,Huynh Van Minh,1.68,4.2,0,2006-09-01,DTVT,K21,0,61,97
25135055,Bui Thi Giang,3.44,8.6,1,2007-09-30,QTKD,K21,0,69,99
25135056,Tran Thi Vy,2.27,5.67,1,2007-11-02,KHMT,K23,0,30,88
25135057,Tran Thi Linh,3.27,8.18,1,2003-11-06,HTTT,K21,0,131,80
25135058,Bui Thi Thao,2.63,6.57,1,2004-06-19,QTKD,K25,0,131,62
25135059,Nguyen Van Minh,1.68,4.2,0,2003-07-10,KT,K21,0,110,55
25135060,Do Van Phuc,3.37,8.43,1,2006-10-15,CNOT,K25,0,85,64
25135061,Pham Thi Vy,2.17,5.42,0,2004-03-07,CNOT,K22,0,100,75
25135062,Nguyen Van Hai,3.2,8.0,1,2001-11-20,CNOT,K23,1,98,65
25135063,Vo Thi Phuc,1.76,4.4,1,2003-01-18,DTVT,K25,0,78,85
25135064,Pham Thi Quan,2.46,6.15,0,2003-12-20,CNTT,K24,0,92,75
25135065,Ngo Thi Binh,2.91,7.28,0,2004-05-31,QTKD,K21,0,97,97
25135066,Dang Van Nam,2.16,5.4,1,2007-10-06,KT,K24,0,67,51
25135067,Pham Thi Trang,3.1,7.75,1,2007-07-23,QTKD,K23,0,67,80
25135068,Do Van Khanh,2.29,5.72,0,2007-03-11,KTPM,K24,0,66,98
25135069,Nguyen Van Khanh,3.25,8.12,0,2002-05-28,DTVT,K23,0,140,63
25135070,Mai Thi Nam,2.74,6.85,0,2003-04-28,QTKD,K25,0,135,72
25135071,Bui Thi Hai,2.76,6.9,0,2007-04-07,QTKD,K22,0,145,52
25135072,Dang Van Hieu,1.52,3.8,1,2003-04-29,CKM,K21,0,66,76
25135073,Le Van Nam,3.5,8.75,1,2004-10-15,KTMT,K22,0,138,96
25135074,Truong Van Vy,2.8,7.0,0,2007-10-05,QTKD,K23,0,33,82
25135075,Dang Van Trang,1.95,4.88,1,2003-07-20,HTTT,K23,0,139,52
25135076,Nguyen Van Chi,3.25,8.12,1,2002-11-27,CNOT,K25,0,141,63
25135077,Do Van Nam,3.18,7.95,0,2001-08-03,DTVT,K24,0,32,95
25135078,Hoang Van Hieu,2.6,6.5,0,2003-02-12,KHMT,K22,0,149,91
25135079,Truong Van Thao,1.91,4.77,0,2001-08-26,CNTT,K23,0,33,73
25135080,Le Van An,3.27,8.18,1,2001-11-07,CNTT,K23,0,80,54
25135081,Bui Thi Ngoc,3.45,8.62,0,2005-06-12,KHMT,K22,0,81,52
25135082,Mai Thi Hai,2.34,5.85,0,2006-07-03,KT,K22,0,107,74
25135083,Dang Van Duc,2.84,7.1,1,2005-04-06,KT,K24,0,150,85
25135084,Nguyen Van Nam,3.65,9.12,0,2006-01-08,KHMT,K22,0,137,82
25135085,Tran Thi Hieu,2.38,5.95,0,2006-03-15,KHMT,K25,0,30,94
25135086,Le Van Trang,2.64,6.6,0,2007-05-05,CNTT,K21,0,85,94
25135087,Le Van Chi,3.16,7.9,0,2002-10-31,KT,K23,0,78,82
25135088,Duong Van Son,2.27,5.67,0,2007-05-14,CNOT,K22,0,145,85
25135089,Do Van Nam,2.55,6.38,0,2005-09-14,CKM,K22,0,69,97
25135090,Truong Van Thao,3.39,8.47,0,2005-02-26,DTVT,K21,0,106,76
25135091,Hoang Van Linh,2.66,6.65,1,2001-12-01,QTKD,K25,0,43,82
25135092,Truong Van An,2.92,7.3,0,2006-02-05,CNTT,K25,0,107,60
25135093,Ngo Thi Vy,3.23,8.07,1,2004-05-15,HTTT,K22,0,112,75
25135094,Hoang Van Ngoc,1.63,4.07,0,2002-12-17,QTKD,K23,0,150,84
25135095,Truong Van Trang,2.9,7.25,1,2004-08-06,QTKD,K22,0,86,79
25135096,Bui Thi Dung,3.71,9.28,0,2005-10-19,CNOT,K25,0,76,68
25135097,Mai Thi Trang,2.41,6.03,0,2002-06-22,HTTT,K23,0,130,50
25135098,Le Van Quan,3.22,8.05,0,2004-10-08,CNTT,K25,0,63,69
25135099,Tran Thi Tuan,2.07,5.17,1,2004-11-14,KT,K21,0,132,52
25135100,Pham Thi Hai,1.99,4.97,1,2005-12-14,KHMT,K21,0,34,56
25135101,Ngo Thi Minh,3.46,8.65,1,2001-11-13,CNTT,K24,0,85,73
25135102,Hoang Van Duc,2.52,6.3,1,2002-06-14,KTPM,K24,0,64,89
25135103,Bui Thi Nam,1.68,4.2,0,2002-09-09,HTTT,K21,0,130,65
25135104,Hoang Van Son,2.18,5.45,0,2006-08-07,DTVT,K25,0,58,52
25135105,Huynh Van Linh,3.93,9.83,1,2006-05-15,QTKD,K23,0,48,71
25135106,Hoang Van Hieu,2.98,7.45,0,2005-12-23,CNTT,K22,0,86,94
25135107,Truong Van Ngoc,3.7,9.25,1,2006-03-02,CKM,K23,0,41,79
25135108,Mai Thi Tuan,3.57,8.92,0,2006-07-10,KTPM,K24,0,71,60
25135109,Mai Thi Phuc,1.97,4.92,0,2006-12-25,KTMT,K25,0,120,84
25135110,Ngo Thi Binh,2.21,5.53,0,2007-10-19,CNOT,K24,1,148,81
25135111,Do Van Ngoc,3.66,9.15,1,2004-05-08,CNOT,K23,0,109,53
25135112,Dang Van Phuc,3.7,9.25,1,2007-12-07,HTTT,K23,0,78,59
25135113,Do Van Phuc,3.55,8.88,0,2005-03-24,CNOT,K25,1,64,73
25135114,Nguyen Van Nam,1.87,4.68,1,2004-10-20,CKM,K22,0,133,56
25135115,Pham Thi Chi,2.32,5.8,1,2006-06-18,HTTT,K25,0,47,83
25135116,Nguyen Van Binh,3.94,9.85,1,2007-04-15,KTMT,K23,1,40,82
25135117,Dang Van Vy,3.68,9.2,1,2001-10-21,QTKD,K21,1,88,71
25135118,Nguyen Van Linh,3.36,8.4,1,2004-05-15,HTTT,K23,0,113,67
25135119,Pham Thi Hai,3.91,9.78,0,2002-11-21,CKM,K21,0,67,82
25135120,Pham Thi Minh,2.25,5.62,1,2003-04-04,CKM,K22,0,57,92
25135121,Ngo Thi Trang,3.21,8.03,0,2005-11-10,CNOT,K24,0,80,50
25135122,Ngo Thi Vy,1.91,4.77,0,2005-02-19,CKM,K23,0,123,60
25135123,Ngo Thi Khanh,3.93,9.83,0,2007-01-20,QTKD,K23,0,101,68
25135124,Mai Thi Ngoc,2.36,5.9,0,2001-07-18,HTTT,K23,0,93,76
25135125,Vo Thi Phuc,2.03,5.07,0,2007-09-24,CNOT,K21,0,54,84
25135126,Bui Thi Tuan,2.09,5.22,0,2007-10-02,KTMT,K21,0,115,64
25135127,Truong Van Minh,3.16,7.9,1,2006-12-18,DTVT,K21,0,39,68
25135128,Ngo Thi Nam,2.64,6.6,1,2007-02-21,KTPM,K23,0,127,92
25135129,Huynh Van Vy,3.45,8.62,1,2002-06-01,CNOT,K22,0,135,75
25135130,Pham Thi Phuc,1.8,4.5,1,2002-02-16,CNOT,K23,0,103,92
25135131,Dang Van Minh,2.67,6.67,0,2006-04-10,CNTT,K25,1,128,54
25135132,Pham Thi Vy,1.95,4.88,0,2005-10-29,CNTT,K25,0,132,74
25135133,Huynh Van Khanh,3.26,8.15,1,2001-12-09,DTVT,K23,0,41,77
25135134,Hoang Van Duc,3.85,9.62,1,2005-11-02,CKM,K25,0,98,78
25135135,Truong Van Linh,3.44,8.6,1,2002-03-17,QTKD,K21,0,43,61
25135136,Hoang Van Giang,2.82,7.05,1,2007-10-31,HTTT,K22,0,101,64
25135137,Le Van Duc,2.16,5.4,1,2007-04-16,KHMT,K25,0,123,78
25135138,Duong Van An,2.79,6.97,1,2002-03-08,QTKD,K25,0,123,81
25135139,Truong Van Hai,3.97,9.93,1,2001-08-28,KTPM,K24,0,138,56
25135140,Mai Thi Phuc,3.36,8.4,0,2001-02-19,KT,K22,0,149,90
25135141,Do Van Phuc,3.18,7.95,1,2005-07-16,CNOT,K23,0,30,57
25135142,Le Van Vy,3.15,7.88,0,2006-12-06,KHMT,K22,0,46,58
25135143,Dang Van Son,3.12,7.8,1,2003-03-15,QTKD,K22,0,145,57
25135144,Duong Van Ngoc,1.87,4.68,0,2003-10-28,KTMT,K24,0,143,54
25135145,Pham Thi Linh,2.17,5.42,0,2007-06-14,KTMT,K25,0,41,99
25135146,Tran Thi Duc,1.57,3.93,1,2002-03-18,CNTT,K24,0,49,72
25135147,Huynh Van Khanh,3.52,8.8,0,2002-12-31,CKM,K24,0,85,71
25135148,Huynh Van Trang,1.85,4.62,1,2002-01-20,QTKD,K21,0,54,69
25135149,Huynh Van Duc,3.69,9.22,1,2006-07-26,QTKD,K24,0,114,100
25135150,Dang Van An,3.96,9.9,0,2006-12-12,CNOT,K24,0,92,56
25135151,Huynh Van Binh,2.22,5.55,1,2005-09-28,KTMT,K24,0,146,50
25135152,Phan Thi Trang,2.6,6.5,1,2004-01-08,QTKD,K25,0,91,61
25135153,Mai Thi Minh,3.42,8.55,0,2006-08-07,QTKD,K21,0,63,57
25135154,Phan Thi Duc,3.35,8.38,1,2004-04-19,CNTT,K21,0,49,62
25135155,Ngo Thi Thao,3.47,8.68,0,2001-09-05,KTPM,K25,0,52,59
25135156,Ngo Thi Vy,2.28,5.7,0,2002-09-25,KTPM,K21,0,77,84
25135157,Duong Van Hieu,3.8,9.5,0,2006-06-10,CNOT,K23,1,135,83
25135158,Duong Van Son,2.09,5.22,1,2002-02-13,CKM,K22,0,137,60
25135159,Do Van Dung,3.62,9.05,0,2004-11-04,CNTT,K23,1,52,83
25135160,Dang Van Duc,1.79,4.47,0,2002-05-25,HTTT,K21,0,75,67
25135161,Huynh Van Vy,1.83,4.58,0,2003-01-13,CNTT,K22,0,100,72
25135162,Ngo Thi Dung,3.17,7.92,1,2005-11-14,CNTT,K21,0,45,66
25135163,Truong Van Hieu,2.17,5.42,1,2007-07-03,CKM,K23,0,31,83
25135164,Nguyen Van Hieu,3.21,8.03,1,2006-03-12,HTTT,K24,0,118,93
25135165,Phan Thi Hieu,1.97,4.92,1,2006-05-28,DTVT,K21,0,40,53
25135166,Tran Thi Hieu,3.33,8.32,1,2003-09-06,CNTT,K22,0,129,98
25135167,Phan Thi Minh,1.9,4.75,1,2005-07-08,KTPM,K22,0,45,85
25135168,Le Van Nam,3.27,8.18,0,2006-08-08,CKM,K24,0,90,50
25135169,Dang Van Chi,2.6,6.5,1,2001-10-11,KTMT,K21,0,135,97
25135170,Pham Thi Ngoc,1.86,4.65,1,2002-02-16,KHMT,K23,0,131,84
25135171,Tran Thi Ngoc,1.89,4.72,1,2004-08-24,KTMT,K21,0,33,63
25135172,Duong Van Giang,3.27,8.18,1,2004-03-27,KHMT,K25,0,58,50
25135173,Ngo Thi Hieu,3.9,9.75,1,2006-04-09,KTMT,K22,0,44,62
25135174,Duong Van Tuan,3.03,7.57,0,2005-01-05,KHMT,K23,1,60,84
25135175,Bui Thi Son,2.14,5.35,1,2003-03-10,CKM,K23,0,63,55
25135176,Huynh Van Vy,3.0,7.5,0,2002-04-03,KTPM,K24,0,53,97
25135177,Truong Van Hai,2.28,5.7,1,2006-08-03,CNTT,K23,0,133,90
25135178,Tran Thi Trang,2.87,7.18,1,2006-11-04,CKM,K24,0,49,66
25135179,Phan Thi Duc,3.69,9.22,1,2006-09-26,KT,K23,0,66,99
25135180,Hoang Van Duc,2.95,7.38,0,2003-12-13,KHMT,K22,0,65,79
25135181,Hoang Van Hai,3.72,9.3,1,2006-08-11,CKM,K24,0,35,69
25135182,Hoang Van Hieu,1.84,4.6,0,2003-05-06,KHMT,K22,0,59,91
25135183,Truong Van Linh,3.99,9.98,0,2004-11-30,HTTT,K21,0,96,86
25135184,Do Van Son,3.59,8.97,1,2002-01-24,CNOT,K23,0,91,66
25135185,Nguyen Van Duc,1.55,3.88,1,2003-03-18,DTVT,K24,1,68,83
25135186,Bui Thi Tuan,3.85,9.62,1,2007-11-28,KT,K24,0,129,66
25135187,Dang Van Son,2.82,7.05,0,2005-03-10,CNTT,K22,0,114,97
25135188,Hoang Van Tuan,2.98,7.45,0,2002-02-16,CNTT,K24,0,131,51
25135189,Do Van Binh,1.58,3.95,1,2004-10-12,KTMT,K25,1,54,97
25135190,Ngo Thi Ngoc,1.64,4.1,0,2004-07-08,KHMT,K24,0,120,51
25135191,Ngo Thi Linh,2.06,5.15,0,2003-01-13,KTPM,K22,0,116,66
25135192,Huynh Van An,1.71,4.28,0,2006-09-25,KTMT,K24,0,34,80
25135193,Vo Thi Giang,3.89,9.72,1,2007-09-02,HTTT,K23,0,125,66
25135194,Tran Thi Quan,1.71,4.28,1,2001-11-12,KTPM,K25,0,77,54
25135195,Duong Van Chi,3.48,8.7,0,2001-11-06,KTMT,K21,1,93,84
25135196,Do Van Phuc,2.33,5.83,1,2002-06-29,KTMT,K22,0,149,97
25135197,Duong Van Trang,2.72,6.8,1,2007-11-25,KHMT,K23,0,39,62
25135198,Phan Thi Ngoc,3.63,9.07,0,2001-01-02,KTMT,K24,0,80,53
25135199,Dang Van An,1.59,3.98,0,2004-11-12,CKM,K21,0,43,93
25135200,Phan Thi Nam,3.19,7.97,1,2006-08-24,CNOT,K23,0,127,89
25135201,Huynh Van Minh,1.72,4.3,0,2005-12-29,CNTT,K23,0,147,90
25135202,Tran Thi Phuc,3.72,9.3,0,2002-07-26,CNTT,K21,0,120,80
25135203,Bui Thi Son,2.13,5.32,1,2007-04-22,QTKD,K21,0,61,50
25135204,Tran Thi Linh,3.84,9.6,1,2003-07-12,KTPM,K23,0,95,69
25135205,Le Van Linh,2.96,7.4,0,2004-06-18,CKM,K22,1,136,76
25135206,Ngo Thi An,3.69,9.22,1,2005-03-20,CKM,K23,0,55,50
25135207,Do Van Binh,2.73,6.83,1,2004-05-30,KT,K23,0,89,56
25135208,Ngo Thi Phuc,3.83,9.57,0,2007-09-06,KTMT,K23,0,114,55
25135209,Pham Thi Quan,2.3,5.75,0,2005-01-28,CNOT,K21,0,45,93
25135210,Hoang Van Hai,3.37,8.43,1,2006-10-27,KTMT,K22,0,64,94
25135211,Dang Van Hieu,3.66,9.15,0,2006-01-27,KT,K23,0,57,51
25135212,Dang Van Minh,2.22,5.55,1,2006-11-13,KTMT,K25,0,108,77
25135213,Bui Thi Chi,2.37,5.93,1,2001-12-23,CNTT,K24,1,85,75
25135214,Mai Thi Khanh,2.86,7.15,0,2005-07-17,HTTT,K23,0,57,58
25135215,Duong Van Khanh,1.77,4.42,0,2003-12-22,CNTT,K21,0,121,85
25135216,Truong Van Tuan,2.18,5.45,0,2002-08-19,KTPM,K23,0,97,71
25135217,Phan Thi Minh,2.63,6.57,0,2006-06-23,KT,K24,1,89,91
25135218,Nguyen Van Tuan,3.35,8.38,1,2002-05-26,HTTT,K25,0,76,67
25135219,Dang Van Minh,3.32,8.3,1,2006-01-03,CNTT,K22,0,70,82
25135220,Dang Van Chi,3.41,8.53,0,2006-11-06,KTMT,K24,0,41,94
25135221,Tran Thi Duc,2.73,6.83,1,2002-05-03,KTMT,K22,0,66,53
25135222,Bui Thi Duc,3.88,9.7,1,2001-08-10,KHMT,K25,0,113,57
25135223,Ngo Thi Duc,3.42,8.55,1,2004-01-18,DTVT,K24,0,32,86
25135224,Truong Van Khanh,2.07,5.17,1,2006-04-02,HTTT,K24,0,92,65
25135225,Truong Van Nam,2.06,5.15,0,2007-03-24,KTPM,K21,0,39,95
25135226,Nguyen Van Tuan,3.74,9.35,0,2007-12-03,KT,K23,0,70,73
25135227,Nguyen Van Vy,2.76,6.9,1,2003-12-16,QTKD,K24,0,104,56
25135228,Phan Thi Binh,3.17,7.92,0,2001-02-20,CNOT,K22,0,142,61
25135229,Phan Thi Khanh,2.82,7.05,0,2002-11-24,HTTT,K21,0,127,94
25135230,Dang Van Hieu,3.07,7.67,1,2001-11-29,CNTT,K22,0,102,71
25135231,Phan Thi Vy,1.62,4.05,0,2004-03-01,DTVT,K25,0,107,100
25135232,Hoang Van Linh,3.0,7.5,0,2006-10-27,KT,K21,0,71,72
25135233,Pham Thi Vy,3.38,8.45,1,2005-03-10,CNTT,K23,0,102,57
25135234,Duong Van Son,3.84,9.6,0,2005-03-06,CNTT,K23,0,43,90
25135235,Phan Thi An,2.2,5.5,1,2007-05-27,KT,K25,0,40,97
25135236,Vo Thi Minh,2.37,5.93,1,2007-11-09,KTMT,K22,0,95,92
25135237,Tran Thi Son,1.86,4.65,0,2007-12-01,CNOT,K21,1,64,79
25135238,Nguyen Van An,2.17,5.42,1,2004-09-17,CKM,K23,0,147,51
25135239,Vo Thi Phuc,3.07,7.67,1,2004-03-15,KTPM,K24,0,31,70
25135240,Mai Thi Phuc,3.39,8.47,0,2001-09-06,DTVT,K21,0,103,82
25135241,Do Van An,3.08,7.7,1,2005-10-12,KTPM,K24,0,42,84
25135242,Phan Thi Dung,2.54,6.35,1,2005-02-22,KTMT,K21,0,90,53
25135243,Hoang Van Giang,2.46,6.15,1,2004-01-11,DTVT,K23,1,115,90
25135244,Dang Van An,3.79,9.47,0,2007-01-31,KHMT,K23,0,78,81
25135245,Pham Thi Quan,3.78,9.45,1,2002-07-17,KTMT,K21,1,91,75
25135246,Tran Thi Trang,1.89,4.72,1,2006-07-04,KHMT,K24,0,39,51
25135247,Hoang Van Binh,3.27,8.18,1,2006-08-16,KTPM,K22,0,74,80
25135248,Do Van Trang,2.89,7.23,1,2002-09-25,KTPM,K24,0,70,82
25135249,Huynh Van Nam,3.52,8.8,1,2007-10-09,CKM,K25,0,134,96
25135250,Truong Van Hieu,2.27,5.67,1,2003-05-10,QTKD,K24,0,33,58
25135251,Huynh Van Vy,3.3,8.25,1,2005-08-18,KTPM,K23,1,107,68
25135252,Pham Thi Minh,1.65,4.12,1,2003-07-02,KHMT,K24,0,84,55
25135253,Ngo Thi Minh,2.35,5.88,0,2004-05-29,KT,K25,0,93,61
25135254,Truong Van An,2.16,5.4,1,2006-05-03,CNTT,K25,0,107,55
25135255,Mai Thi Giang,2.63,6.57,0,2006-04-06,KTPM,K23,1,58,76
25135256,Nguyen Van Hieu,2.88,7.2,1,2002-02-17,KT,K22,0,108,50
25135257,Dang Van An,3.88,9.7,1,2002-07-04,KTPM,K23,0,105,63
25135258,Ngo Thi Linh,3.74,9.35,1,2001-04-15,QTKD,K23,1,36,55
25135259,Huynh Van Duc,2.37,5.93,0,2003-01-29,KHMT,K23,1,37,68
25135260,Do Van Hieu,3.22,8.05,0,2004-01-11,KTMT,K22,1,147,72
25135261,Phan Thi Thao,3.41,8.53,1,2005-09-11,CNOT,K23,1,71,84
25135262,Bui Thi Trang,3.62,9.05,0,2003-01-27,KHMT,K21,1,83,64
25135263,Duong Van Minh,3.64,9.1,0,2007-05-11,CKM,K24,0,44,58
25135264,Do Van Linh,3.91,9.78,0,2003-08-23,KHMT,K22,1,41,91
25135265,Tran Thi Binh,2.63,6.57,1,2005-02-17,KTMT,K22,0,127,94
25135266,Bui Thi Minh,3.01,7.52,1,2003-03-13,CKM,K23,0,46,94
25135267,Huynh Van Trang,1.73,4.33,1,2007-06-23,KHMT,K24,0,132,75
25135268,Truong Van Trang,3.87,9.68,1,2007-04-12,DTVT,K23,1,75,86
25135269,Le Van Trang,2.14,5.35,1,2003-03-11,CNTT,K23,0,94,82
25135270,Do Van Phuc,3.25,8.12,1,2004-08-27,KTPM,K23,0,124,92
25135271,Dang Van Hai,2.67,6.67,1,2004-07-26,KTMT,K21,0,83,67
25135272,Phan Thi Minh,3.13,7.82,1,2007-08-09,KTMT,K24,1,96,71
25135273,Le Van Nam,3.09,7.72,1,2001-11-09,KT,K21,0,83,67
25135274,Mai Thi Quan,2.98,7.45,0,2006-08-19,HTTT,K22,0,106,65
25135275,Pham Thi Linh,3.97,9.93,0,2002-03-06,DTVT,K24,0,52,73
25135276,Tran Thi Dung,1.77,4.42,0,2004-12-25,KHMT,K25,0,127,53
25135277,Hoang Van Dung,2.91,7.28,0,2004-07-21,CKM,K21,0,62,71
25135278,Pham Thi Duc,3.52,8.8,1,2003-01-23,HTTT,K22,0,144,59
25135279,Ngo Thi Nam,2.42,6.05,1,2005-06-11,KTPM,K21,0,43,54
25135280,Hoang Van Linh,3.41,8.53,1,2007-02-03,CKM,K22,0,122,58
25135281,Pham Thi An,3.32,8.3,0,2005-01-23,KT,K23,0,48,71
25135282,Ngo Thi Dung,2.3,5.75,1,2004-01-14,CNOT,K24,0,103,100
25135283,Dang Van Ngoc,2.9,7.25,1,2001-01-23,HTTT,K21,0,56,96
25135284,Vo Thi Linh,1.77,4.42,1,2003-05-06,CKM,K23,0,61,58
25135285,Nguyen Van Hieu,2.6,6.5,1,2004-05-27,KHMT,K24,0,77,90
25135286,Phan Thi Hieu,3.77,9.43,1,2007-06-30,CNTT,K21,0,69,76
25135287,Truong Van Ngoc,3.5,8.75,1,2006-12-30,CNOT,K24,0,148,75
25135288,Le Van Giang,3.5,8.75,1,2002-05-07,KTMT,K25,0,121,75
25135289,Phan Thi Phuc,3.69,9.22,0,2006-10-21,KHMT,K25,0,63,59
25135290,Hoang Van Dung,3.61,9.03,0,2002-08-10,CNTT,K23,0,53,81
25135291,Mai Thi Trang,2.74,6.85,1,2002-01-12,KT,K25,0,142,72
25135292,Duong Van Binh,3.68,9.2,1,2003-01-04,KTPM,K23,0,139,85
25135293,Mai Thi Duc,3.5,8.75,0,2007-08-14,DTVT,K25,0,92,70
25135294,Le Van Tuan,3.11,7.77,0,2006-10-05,CKM,K23,0,77,67
25135295,Vo Thi An,2.78,6.95,0,2004-05-13,KHMT,K21,0,139,91
25135296,Tran Thi Binh,3.93,9.83,0,2006-07-19,CNTT,K21,0,90,58
25135297,Vo Thi Khanh,2.74,6.85,1,2004-11-09,KTPM,K22,0,112,57
25135298,Nguyen Van An,2.53,6.32,0,2003-11-19,KTPM,K21,0,69,66
25135299,Mai Thi Duc,2.05,5.12,0,2002-08-02,DTVT,K21,0,55,76
25135300,Mai Thi Phuc,1.89,4.72,0,2005-11-27,KHMT,K23,0,115,93
25135301,Hoang Van Hieu,2.0,5.0,0,2002-06-02,CKM,K21,0,52,67
25135302,Pham Thi Nam,3.99,9.98,1,2006-09-25,KT,K25,0,133,63
25135303,Truong Van Nam,2.34,5.85,0,2007-02-16,KHMT,K21,0,57,66
25135304,Mai Thi Hieu,3.88,9.7,1,2006-04-18,DTVT,K21,0,124,89
25135305,Huynh Van Binh,2.12,5.3,0,2002-05-27,CKM,K21,0,59,56
25135306,Hoang Van Linh,2.86,7.15,0,2003-08-13,KTPM,K21,0,40,71
25135307,Phan Thi Chi,1.72,4.3,0,2006-10-21,QTKD,K25,1,98,52
25135308,Phan Thi Ngoc,2.26,5.65,1,2003-10-21,QTKD,K24,0,60,80
25135309,Hoang Van Trang,2.76,6.9,0,2006-12-18,HTTT,K25,0,125,61
25135310,Vo Thi Binh,1.75,4.38,0,2004-10-07,KHMT,K21,0,59,56
25135311,Huynh Van Khanh,2.29,5.72,0,2003-03-22,KTPM,K24,0,63,76
25135312,Do Van Trang,1.98,4.95,1,2002-08-31,CNTT,K25,0,144,70
25135313,Bui Thi Ngoc,3.26,8.15,0,2003-05-08,CKM,K23,0,63,96
25135314,Vo Thi Dung,2.87,7.18,1,2001-09-25,QTKD,K22,0,35,65
25135315,Truong Van Giang,1.61,4.03,0,2006-12-19,KHMT,K23,0,122,82
25135316,Pham Thi Minh,1.81,4.53,0,2005-02-18,QTKD,K22,1,105,67
25135317,Do Van Phuc,3.03,7.57,0,2001-02-18,KTPM,K25,0,49,87
25135318,Dang Van Linh,1.87,4.68,1,2003-08-30,DTVT,K24,0,76,78
25135319,Huynh Van Thao,1.99,4.97,0,2001-11-29,KHMT,K21,0,118,99
25135320,Do Van Chi,1.86,4.65,1,2004-08-16,CNOT,K24,0,75,51
25135321,Tran Thi Binh,2.5,6.25,1,2001-12-07,KTMT,K24,0,97,63
25135322,Duong Van Phuc,3.05,7.62,1,2005-11-29,CNTT,K25,0,143,71
25135323,Nguyen Van Quan,1.89,4.72,1,2003-11-08,CKM,K25,0,83,86
25135324,Vo Thi Chi,3.67,9.18,1,2006-03-20,DTVT,K22,0,123,56
25135325,Ngo Thi Trang,2.29,5.72,1,2004-12-25,DTVT,K23,0,74,91
25135326,Do Van Phuc,1.53,3.83,0,2007-09-09,CKM,K23,0,39,55
25135327,Truong Van Binh,2.5,6.25,0,2001-05-08,KT,K23,0,100,88
25135328,Huynh Van Quan,2.41,6.03,0,2005-02-25,CKM,K23,0,60,67
25135329,Le Van Duc,3.76,9.4,1,2005-06-17,CNTT,K21,0,106,79
25135330,Le Van Giang,2.29,5.72,1,2002-09-24,QTKD,K24,0,104,98
25135331,Tran Thi An,2.8,7.0,1,2001-10-12,CNTT,K25,0,45,89
25135332,Vo Thi Minh,3.73,9.32,0,2002-05-22,DTVT,K21,0,91,80
25135333,Duong Van Minh,2.74,6.85,1,2006-07-23,CNTT,K24,1,85,80
25135334,Do Van Hieu,2.65,6.62,1,2001-01-31,HTTT,K24,0,148,100
25135335,Duong Van Hieu,1.52,3.8,1,2003-10-22,KT,K22,0,130,83
25135336,Tran Thi Vy,2.44,6.1,0,2001-09-07,KTMT,K21,0,121,71
25135337,Bui Thi Hai,1.53,3.83,1,2004-04-06,HTTT,K21,0,147,88
25135338,Phan Thi Hieu,3.56,8.9,0,2003-06-14,CKM,K24,0,80,56
25135339,Bui Thi Khanh,3.64,9.1,0,2007-07-08,DTVT,K25,0,41,58
25135340,Mai Thi Chi,2.11,5.27,1,2002-01-25,CNTT,K24,0,117,89
25135341,Duong Van Minh,3.21,8.03,1,2004-10-12,KHMT,K21,0,149,99
25135342,Nguyen Van Khanh,1.65,4.12,1,2003-11-09,KTPM,K24,1,79,98
25135343,Dang Van Hieu,3.22,8.05,0,2004-09-26,HTTT,K22,0,84,61
25135344,Vo Thi Son,1.87,4.68,1,2002-09-25,DTVT,K23,0,104,88
25135345,Mai Thi Vy,1.69,4.22,1,2001-01-09,CNOT,K21,0,81,88
25135346,Vo Thi Ngoc,3.35,8.38,1,2003-10-30,KTMT,K23,1,62,79
25135347,Huynh Van Son,3.31,8.28,1,2005-03-12,KTPM,K21,0,31,86
25135348,Tran Thi Linh,3.32,8.3,0,2007-02-09,DTVT,K22,0,111,84
25135349,Vo Thi Hieu,2.98,7.45,1,2001-07-18,KTMT,K21,0,99,63
25135350,Nguyen Van An,2.29,5.72,0,2001-01-19,CNTT,K25,0,88,96
25135351,Duong Van Nam,1.69,4.22,1,2003-05-12,QTKD,K25,0,75,52
25135352,Hoang Van An,2.09,5.22,0,2001-06-11,KTPM,K23,1,104,94
25135353,Tran Thi Phuc,1.62,4.05,0,2007-09-04,KHMT,K23,0,67,55
25135354,Phan Thi Binh,3.35,8.38,1,2005-03-15,KTPM,K21,0,46,87
25135355,Huynh Van Hai,2.16,5.4,1,2002-06-21,QTKD,K25,0,104,64
25135356,Do Van Linh,1.56,3.9,0,2001-04-22,CNOT,K23,1,48,61
25135357,Hoang Van Duc,3.01,7.52,1,2006-08-30,QTKD,K24,0,40,81
25135358,Do Van Thao,1.66,4.15,0,2002-02-09,DTVT,K23,0,84,55
25135359,Ngo Thi Hieu,2.28,5.7,0,2003-02-04,KHMT,K22,0,57,66
25135360,Phan Thi Khanh,2.29,5.72,1,2001-07-31,QTKD,K24,0,106,85
25135361,Duong Van Vy,3.73,9.32,0,2007-02-01,DTVT,K25,0,80,50
25135362,Mai Thi Vy,2.14,5.35,1,2001-03-13,KT,K24,0,81,63
25135363,Duong Van Tuan,3.58,8.95,1,2001-09-25,HTTT,K21,0,70,79
25135364,Hoang Van Khanh,1.97,4.92,0,2006-04-24,KTPM,K24,0,115,84
25135365,Le Van Linh,3.08,7.7,0,2006-08-26,DTVT,K25,0,79,84
25135366,Tran Thi Hieu,1.73,4.33,0,2006-11-07,CNTT,K22,0,99,56
25135367,Nguyen Van Vy,3.04,7.6,1,2004-11-04,CKM,K21,0,60,87
25135368,Mai Thi Binh,2.63,6.57,1,2002-12-31,DTVT,K22,0,85,90
25135369,Bui Thi Ngoc,3.74,9.35,1,2007-05-17,HTTT,K24,0,130,60
25135370,Huynh Van Vy,2.74,6.85,1,2001-03-16,CNTT,K24,0,141,50
25135371,Dang Van An,3.17,7.92,0,2003-03-29,KTMT,K24,0,69,84
25135372,Pham Thi Vy,1.55,3.88,0,2002-06-05,CKM,K25,1,107,81
25135373,Hoang Van Tuan,2.59,6.47,0,2007-08-02,CKM,K25,0,63,99
25135374,Do Van Tuan,3.64,9.1,1,2005-06-12,CKM,K22,0,127,61
25135375,Pham Thi Quan,1.53,3.83,1,2001-11-03,QTKD,K25,0,37,56
25135376,Le Van Phuc,3.83,9.57,0,2003-04-04,QTKD,K21,1,125,77
25135377,Pham Thi Hai,2.79,6.97,0,2004-11-25,QTKD,K24,0,42,73
25135378,Pham Thi Minh,1.72,4.3,0,2001-04-19,QTKD,K22,0,33,60
25135379,Do Van Vy,3.55,8.88,0,2003-08-11,CNTT,K23,0,99,97
25135380,Truong Van Giang,1.63,4.07,0,2005-03-13,HTTT,K24,0,121,90
25135381,Dang Van Vy,2.3,5.75,0,2002-06-29,CNOT,K24,0,111,87
25135382,Bui Thi Hieu,2.44,6.1,1,2007-07-23,KTMT,K23,1,44,55
25135383,Truong Van Duc,2.26,5.65,0,2002-10-31,CNTT,K22,0,89,55
25135384,Pham Thi Minh,2.0,5.0,1,2007-12-12,CKM,K24,1,37,57
25135385,Phan Thi Nam,3.73,9.32,0,2007-12-14,CNTT,K25,0,115,57
25135386,Le Van Trang,2.35,5.88,1,2001-10-28,KHMT,K22,0,32,53
25135387,Pham Thi Quan,3.83,9.57,1,2001-07-24,CNTT,K25,0,41,80
25135388,Tran Thi Thao,3.62,9.05,1,2003-06-16,KHMT,K23,0,109,87
25135389,Huynh Van Hai,1.6,4.0,0,2001-03-06,KHMT,K24,0,59,66
25135390,Dang Van Duc,2.06,5.15,0,2004-04-21,QTKD,K25,0,119,73
25135391,Tran Thi Hieu,1.84,4.6,0,2007-08-26,DTVT,K22,0,113,71
25135392,Tran Thi Minh,3.98,9.95,0,2001-09-15,KTPM,K23,1,123,91
25135393,Phan Thi Linh,2.84,7.1,0,2005-06-27,QTKD,K24,0,144,53
25135394,Duong Van Hai,3.32,8.3,1,2005-02-13,CKM,K24,0,62,67
25135395,Tran Thi Son,2.02,5.05,1,2003-06-18,DTVT,K24,0,81,51
25135396,Nguyen Van Nam,2.76,6.9,0,2004-04-20,CNTT,K25,0,126,70
25135397,Tran Thi Binh,3.76,9.4,0,2002-10-16,KTMT,K21,0,122,73
25135398,Huynh Van Son,3.86,9.65,0,2002-12-21,QTKD,K24,0,69,82
25135399,Truong Van Binh,3.7,9.25,1,2001-10-26,CNOT,K22,0,97,57
25135400,Mai Thi Thao,2.12,5.3,0,2001-01-04,CKM,K23,1,122,93
25135401,Phan Thi Linh,3.95,9.88,1,2005-10-07,QTKD,K23,0,111,77
25135402,Truong Van Minh,3.12,7.8,0,2005-06-19,CNTT,K25,0,45,100
25135403,Mai Thi Dung,3.76,9.4,0,2001-06-25,KHMT,K22,0,37,92
25135404,Truong Van Vy,3.49,8.73,1,2006-12-07,CNTT,K21,1,33,50
25135405,Phan Thi Giang,3.94,9.85,1,2007-04-24,KT,K24,1,47,68
25135406,Mai Thi Hai,1.57,3.93,1,2004-09-09,KT,K21,0,120,59
25135407,Bui Thi Vy,2.13,5.32,0,2002-03-01,KTMT,K21,0,136,97
25135408,Pham Thi Son,2.66,6.65,0,2001-09-05,KTPM,K22,0,44,99
25135409,Ngo Thi Minh,3.14,7.85,1,2002-10-03,KTPM,K24,0,134,94
25135410,Tran Thi Thao,3.44,8.6,1,2003-10-31,CNTT,K21,0,46,52
25135411,Dang Van Dung,2.97,7.43,1,2004-04-30,KTMT,K22,0,113,91
25135412,Pham Thi Ngoc,2.19,5.47,0,2006-02-04,CNOT,K25,0,76,71
25135413,Pham Thi Phuc,3.6,9.0,0,2001-03-04,CNOT,K22,0,140,71
25135414,Bui Thi Nam,1.83,4.58,1,2007-08-17,CKM,K23,0,147,93
25135415,Ngo Thi Hai,2.44,6.1,1,2003-12-06,KTPM,K25,1,101,82
25135416,Pham Thi Khanh,2.55,6.38,1,2004-07-05,CNOT,K24,0,80,60
25135417,Dang Van Thao,2.62,6.55,1,2004-01-28,KTPM,K25,0,80,82
25135418,Ngo Thi Vy,3.9,9.75,0,2001-01-12,KTPM,K23,0,78,79
25135419,Tran Thi Son,2.95,7.38,1,2001-07-28,QTKD,K22,0,37,82
25135420,Huynh Van Quan,1.94,4.85,1,2004-12-16,DTVT,K22,1,79,61
25135421,Do Van An,3.45,8.62,0,2005-04-13,DTVT,K25,0,94,84
25135422,Duong Van Vy,3.95,9.88,0,2006-10-26,CKM,K22,0,108,85
25135423,Pham Thi Minh,2.07,5.17,0,2007-06-30,KHMT,K25,0,80,97
25135424,Bui Thi Tuan,3.72,9.3,1,2004-03-18,HTTT,K25,1,95,64
25135425,Ngo Thi Phuc,1.69,4.22,0,2002-12-31,KHMT,K24,0,30,64
25135426,Le Van Binh,3.95,9.88,0,2005-08-06,KTMT,K25,1,53,76
25135427,Hoang Van Linh,1.8,4.5,0,2003-11-26,KTPM,K22,1,140,60
25135428,Do Van Khanh,2.24,5.6,1,2007-08-06,CNOT,K23,0,102,54
25135429,Bui Thi Ngoc,3.99,9.98,1,2003-05-04,KT,K23,0,70,62
25135430,Bui Thi Hieu,3.02,7.55,1,2002-09-25,CNTT,K21,0,104,68
25135431,Mai Thi Hieu,3.56,8.9,1,2003-02-21,HTTT,K25,0,65,77
25135432,Mai Thi Minh,2.64,6.6,1,2007-07-05,HTTT,K21,0,115,68
25135433,Truong Van Binh,2.05,5.12,0,2003-10-06,KTMT,K24,0,135,75
25135434,Phan Thi Linh,2.92,7.3,1,2006-06-03,QTKD,K25,0,104,69
25135435,Duong Van Dung,1.67,4.17,0,2006-03-15,CKM,K25,0,116,53
25135436,Tran Thi Thao,1.65,4.12,1,2003-04-20,KTPM,K22,0,94,63
25135437,Mai Thi Binh,2.54,6.35,1,2007-01-09,KT,K24,0,97,85
25135438,Vo Thi Hieu,2.84,7.1,0,2006-04-03,HTTT,K21,0,39,78
25135439,Mai Thi Trang,3.77,9.43,0,2001-07-06,CNOT,K22,0,114,97
25135440,Hoang Van Nam,3.68,9.2,0,2007-03-16,CNOT,K21,0,69,55
25135441,Bui Thi Tuan,3.45,8.62,0,2002-05-15,QTKD,K25,0,78,65
25135442,Hoang Van Khanh,3.91,9.78,0,2006-11-02,KHMT,K21,0,77,55
25135443,Nguyen Van Minh,2.05,5.12,0,2001-11-07,KTMT,K23,0,128,74
25135444,Huynh Van Phuc,2.94,7.35,1,2002-04-19,KT,K25,1,47,100
25135445,Tran Thi Nam,2.6,6.5,1,2004-09-30,CKM,K21,0,132,55
25135446,Bui Thi Minh,1.68,4.2,0,2003-02-01,KHMT,K23,0,144,94
25135447,Pham Thi Hieu,1.88,4.7,1,2006-07-25,DTVT,K23,0,47,99
25135448,Ngo Thi Dung,1.6,4.0,1,2007-06-07,HTTT,K25,0,124,87
25135449,Le Van Hai,1.61,4.03,0,2005-08-30,CNTT,K24,0,37,57
25135450,Bui Thi Dung,2.17,5.42,0,2005-02-17,KTPM,K22,0,59,88
25135451,Le Van Khanh,3.38,8.45,0,2002-03-01,DTVT,K22,0,44,98
25135452,Huynh Van Giang,2.09,5.22,1,2001-04-01,CNOT,K24,1,123,50
25135453,Bui Thi Linh,2.32,5.8,0,2005-07-06,KT,K23,0,81,71
25135454,Phan Thi Thao,2.34,5.85,0,2005-01-29,KHMT,K23,0,150,97
25135455,Nguyen Van Khanh,3.15,7.88,1,2007-04-01,KHMT,K23,0,131,51
25135456,Duong Van Thao,1.72,4.3,1,2007-03-03,CNOT,K21,0,57,98
25135457,Pham Thi Giang,3.84,9.6,0,2004-03-12,KTPM,K23,0,60,51
25135458,Dang Van Duc,2.73,6.83,1,2002-11-30,HTTT,K24,0,125,63
25135459,Pham Thi Chi,1.77,4.42,0,2007-03-05,KTMT,K23,1,105,58
25135460,Phan Thi Trang,3.05,7.62,0,2005-06-26,CNOT,K21,0,114,60
25135461,Vo Thi Chi,2.11,5.27,1,2003-12-23,CKM,K24,0,110,92
25135462,Le Van Giang,2.31,5.78,0,2006-03-20,KTMT,K23,0,131,100
25135463,Phan Thi Linh,3.39,8.47,0,2005-02-06,HTTT,K21,0,100,79
25135464,Huynh Van Dung,3.46,8.65,0,2003-12-05,KTPM,K23,0,117,66
25135465,Huynh Van Linh,3.97,9.93,1,2002-12-09,HTTT,K25,0,92,86
25135466,Nguyen Van Tuan,3.66,9.15,1,2003-02-03,KHMT,K23,0,126,75
25135467,Le Van Son,1.73,4.33,1,2002-06-12,CNOT,K24,0,130,70
25135468,Mai Thi Son,2.25,5.62,0,2001-08-23,HTTT,K21,0,126,64
25135469,Pham Thi Binh,2.26,5.65,1,2007-09-02,CKM,K23,1,145,50
25135470,Bui Thi Minh,2.35,5.88,0,2003-01-04,KTPM,K24,0,52,83
25135471,Vo Thi An,3.49,8.73,0,2004-03-12,KT,K24,0,87,77
25135472,Duong Van Hieu,1.54,3.85,1,2005-08-23,KTMT,K21,0,62,95
25135473,Vo Thi Phuc,2.79,6.97,0,2002-01-19,KT,K25,0,84,91
25135474,Huynh Van Giang,3.05,7.62,0,2003-11-05,CNOT,K24,1,93,67
25135475,Truong Van Duc,2.18,5.45,1,2006-10-22,HTTT,K24,0,34,70
25135476,Dang Van Binh,3.12,7.8,0,2002-12-26,CNTT,K25,0,134,55
25135477,Do Van Duc,3.27,8.18,1,2005-08-24,CKM,K21,0,93,77
25135478,Hoang Van Chi,2.19,5.47,0,2005-11-16,CNOT,K24,1,63,85
25135479,Duong Van Dung,2.73,6.83,1,2004-08-11,CNTT,K21,1,144,90
25135480,Mai Thi Khanh,1.59,3.98,1,2004-01-31,KHMT,K21,0,109,73
25135481,Ngo Thi Duc,2.48,6.2,1,2004-09-13,KTPM,K24,0,73,76
25135482,Tran Thi Thao,3.76,9.4,1,2002-12-07,CNOT,K23,0,30,53
25135483,Ngo Thi Giang,2.11,5.27,0,2005-12-13,QTKD,K24,0,141,62
25135484,Pham Thi Dung,2.35,5.88,0,2006-07-26,CKM,K25,0,140,68
25135485,Tran Thi An,3.12,7.8,1,2006-11-05,CNOT,K25,0,80,73
25135486,Bui Thi Dung,1.75,4.38,0,2004-11-23,KHMT,K21,0,101,90
25135487,Le Van Minh,2.91,7.28,0,2006-10-25,KTMT,K22,0,79,97
25135488,Ngo Thi Duc,3.41,8.53,1,2003-02-20,DTVT,K24,1,141,75
25135489,Nguyen Van Phuc,3.51,8.77,1,2005-11-20,KT,K22,0,126,80
25135490,Huynh Van Son,3.24,8.1,1,2002-08-28,CNTT,K25,0,52,56
25135491,Ngo Thi Quan,1.78,4.45,1,2004-01-02,KHMT,K22,1,103,93
25135492,Vo Thi Dung,3.7,9.25,0,2004-06-20,KTMT,K21,0,88,97
25135493,Vo Thi Giang,3.14,7.85,1,2001-02-13,KT,K25,0,142,97
25135494,Mai Thi Son,1.78,4.45,0,2005-08-24,KTPM,K23,1,143,90
25135495,Phan Thi Hieu,2.57,6.42,0,2002-07-30,CNTT,K23,0,105,54
25135496,Bui Thi An,2.75,6.88,1,2007-01-04,CNTT,K25,0,146,66
25135497,Le Van Khanh,2.25,5.62,1,2005-07-31,KTPM,K21,0,82,98
25135498,Dang Van Ngoc,1.96,4.9,0,2006-07-31,DTVT,K25,0,32,63
25135499,Nguyen Van Hai,3.48,8.7,0,2006-06-05,KHMT,K23,0,130,58
25135500,Pham Thi Trang,2.06,5.15,1,2002-03-27,KHMT,K22,1,88,59
25135501,Pham Thi Chi,3.75,9.38,1,2006-02-13,QTKD,K24,0,111,67
25135502,Do Van Phuc,2.52,6.3,0,2001-10-01,QTKD,K24,0,68,52
25135503,Ngo Thi Linh,3.54,8.85,0,2005-11-08,CKM,K24,1,65,85
25135504,Huynh Van Giang,3.23,8.07,1,2003-08-21,QTKD,K25,0,69,60
25135505,Do Van Chi,2.27,5.67,1,2005-11-18,QTKD,K23,0,66,77
25135506,Mai Thi Phuc,3.95,9.88,0,2007-12-11,HTTT,K23,0,120,55
25135507,Duong Van An,2.06,5.15,0,2002-01-23,KHMT,K24,0,146,68
25135508,Dang Van Ngoc,1.85,4.62,1,2002-07-14,DTVT,K21,1,48,94
25135509,Pham Thi Hieu,2.6,6.5,0,2003-07-27,CNOT,K22,0,96,75
25135510,Bui Thi Son,1.67,4.17,0,2002-04-29,CKM,K25,0,116,79
25135511,Pham Thi Hieu,2.57,6.42,1,2005-10-16,KTMT,K22,0,138,99
25135512,Do Van Chi,2.28,5.7,0,2003-03-26,KT,K24,1,86,63
25135513,Ngo Thi Trang,3.71,9.28,0,2002-09-22,CKM,K23,0,53,95
25135514,Duong Van Hieu,2.15,5.38,0,2001-10-31,KTPM,K24,0,128,60
25135515,Duong Van Giang,3.91,9.78,1,2001-06-15,KT,K22,1,138,76
25135516,Ngo Thi Quan,2.37,5.93,1,2003-06-24,CNOT,K22,0,115,68
25135517,Bui Thi Giang,3.22,8.05,0,2007-09-21,CNOT,K24,0,70,57
25135518,Mai Thi Ngoc,2.38,5.95,0,2003-05-24,CKM,K21,0,60,86
25135519,Mai Thi Son,2.75,6.88,0,2004-01-09,DTVT,K22,0,35,67
25135520,Nguyen Van Ngoc,3.11,7.77,0,2001-07-15,KHMT,K22,0,88,90
25135521,Nguyen Van Trang,1.6,4.0,1,2004-12-20,CKM,K24,0,57,74
25135522,Vo Thi Hieu,3.23,8.07,1,2001-03-12,HTTT,K23,0,95,91
25135523,Vo Thi Duc,3.47,8.68,1,2002-10-26,KTPM,K24,0,131,64
25135524,Tran Thi Thao,3.41,8.53,1,2002-12-31,HTTT,K24,0,117,99
25135525,Tran Thi Chi,2.83,7.08,1,2003-04-18,QTKD,K22,0,84,58
25135526,Vo Thi Nam,1.88,4.7,1,2004-06-10,CKM,K23,0,149,95
25135527,Vo Thi Linh,3.71,9.28,0,2005-09-21,QTKD,K21,0,96,64
25135528,Do Van Giang,2.79,6.97,0,2004-10-10,KHMT,K23,1,50,79
25135529,Do Van Hieu,3.44,8.6,1,2004-12-09,CNOT,K21,0,59,82
25135530,Truong Van Thao,3.77,9.43,1,2004-07-12,QTKD,K22,0,37,90
25135531,Do Van Tuan,3.09,7.72,1,2003-10-23,KTPM,K24,1,126,60
25135532,Hoang Van Trang,1.52,3.8,1,2007-01-11,CNTT,K25,1,30,99
25135533,Ngo Thi Thao,3.73,9.32,1,2003-03-01,DTVT,K21,0,32,55
25135534,Le Van An,1.96,4.9,0,2006-12-13,KTMT,K22,0,108,60
25135535,Dang Van Phuc,3.02,7.55,0,2004-05-01,KHMT,K23,0,51,83
25135536,Do Van Vy,3.81,9.53,1,2002-07-16,CNTT,K25,0,135,50
25135537,Do Van An,3.05,7.62,0,2005-04-26,KTPM,K21,0,76,89
25135538,Hoang Van Phuc,1.89,4.72,1,2005-05-04,KTMT,K22,0,137,52
25135539,Bui Thi Trang,3.79,9.47,1,2001-08-16,KHMT,K25,0,84,96
25135540,Huynh Van Dung,2.6,6.5,1,2003-01-31,KHMT,K25,0,42,85
25135541,Dang Van Khanh,1.76,4.4,0,2001-05-09,KHMT,K23,1,132,58
25135542,Mai Thi Quan,1.76,4.4,0,2007-04-19,CKM,K24,0,42,63
25135543,Bui Thi Dung,2.48,6.2,0,2001-06-30,KTMT,K24,0,90,59
25135544,Do Van Hieu,2.61,6.52,0,2003-01-17,QTKD,K22,0,104,85
25135545,Phan Thi Linh,3.2,8.0,1,2006-11-28,CNTT,K24,0,36,69
25135546,Truong Van Khanh,2.49,6.23,1,2002-08-24,KT,K22,1,100,64
25135547,Pham Thi Linh,2.83,7.08,0,2007-09-19,KT,K22,0,95,93
25135548,Bui Thi An,3.41,8.53,0,2006-07-27,CKM,K24,0,110,100
25135549,Bui Thi Chi,2.68,6.7,0,2005-10-28,HTTT,K21,0,145,53
25135550,Hoang Van Chi,3.93,9.83,1,2001-09-24,KT,K22,0,150,82
25135551,Phan Thi Tuan,1.93,4.83,1,2004-05-03,KTMT,K21,0,119,100
25135552,Pham Thi Trang,1.67,4.17,1,2004-06-17,CNTT,K22,0,93,58
25135553,Nguyen Van Son,3.07,7.67,1,2004-01-02,KT,K24,0,90,54
25135554,Le Van Khanh,1.73,4.33,0,2001-06-14,KTMT,K23,0,123,88
25135555,Nguyen Van Giang,2.7,6.75,0,2003-10-22,KHMT,K22,0,131,97
25135556,Bui Thi Khanh,3.25,8.12,1,2005-10-29,KTMT,K21,0,59,75
25135557,Phan Thi Giang,1.79,4.47,0,2004-01-23,KT,K25,0,112,70
25135558,Tran Thi Minh,1.74,4.35,1,2007-08-31,KTMT,K25,1,113,58
25135559,Bui Thi Giang,2.83,7.08,1,2007-12-05,QTKD,K22,0,58,100
25135560,Vo Thi Son,3.39,8.47,0,2007-02-15,HTTT,K24,0,79,59
25135561,Bui Thi Trang,3.6,9.0,1,2006-10-21,DTVT,K24,0,142,83
25135562,Bui Thi Ngoc,2.7,6.75,1,2002-10-11,QTKD,K21,0,64,75
25135563,Le Van Hieu,1.86,4.65,1,2006-04-20,DTVT,K25,0,99,55
25135564,Truong Van An,1.9,4.75,1,2002-07-28,DTVT,K25,0,80,70
25135565,Nguyen Van Linh,2.03,5.07,1,2003-09-09,KTMT,K22,0,112,72
25135566,Bui Thi Trang,1.72,4.3,1,2006-01-10,DTVT,K23,0,125,53
25135567,Vo Thi An,2.42,6.05,0,2005-04-19,KTMT,K22,0,69,62
25135568,Pham Thi Linh,2.97,7.43,0,2005-09-07,KHMT,K23,1,140,56
25135569,Tran Thi Hai,3.62,9.05,0,2001-10-14,KTPM,K24,0,108,70
25135570,Ngo Thi Minh,1.8,4.5,0,2007-09-22,HTTT,K21,0,145,85
25135571,Vo Thi Trang,3.89,9.72,1,2004-08-06,CNOT,K21,0,65,72
25135572,Huynh Van Vy,3.87,9.68,1,2006-04-15,KTMT,K21,0,75,68
25135573,Vo Thi Tuan,1.59,3.98,1,2001-08-24,KTMT,K25,1,37,69
25135574,Nguyen Van Hieu,3.14,7.85,1,2007-04-02,DTVT,K24,0,35,62
25135575,Duong Van Ngoc,3.99,9.98,0,2004-09-15,CKM,K21,0,116,69
25135576,Ngo Thi Duc,2.84,7.1,1,2006-09-02,KT,K24,0,64,99
25135577,Truong Van Hai,2.48,6.2,1,2002-05-12,QTKD,K24,0,134,96
25135578,Truong Van Hai,2.03,5.07,1,2002-10-29,CNTT,K22,0,75,99
25135579,Nguyen Van Nam,3.19,7.97,1,2006-01-17,CKM,K24,0,69,85
25135580,Hoang Van Linh,1.68,4.2,1,2001-10-28,QTKD,K24,0,107,86
25135581,Bui Thi Minh,3.39,8.47,0,2002-04-29,CKM,K23,0,42,75
25135582,Duong Van Binh,3.6,9.0,1,2003-01-27,KTPM,K22,0,118,62
25135583,Huynh Van Ngoc,1.57,3.93,0,2003-06-02,HTTT,K23,0,102,55
25135584,Ngo Thi Linh,3.92,9.8,1,2007-10-06,KTPM,K23,0,108,52
25135585,Huynh Van Chi,2.91,7.28,0,2002-01-06,KT,K24,0,118,63
25135586,Do Van Son,2.87,7.18,1,2006-02-20,KTMT,K21,0,94,78
25135587,Dang Van An,3.6,9.0,1,2003-11-18,KTPM,K24,0,79,70
25135588,Hoang Van Chi,3.03,7.57,1,2003-12-02,KHMT,K25,0,65,81
25135589,Hoang Van Minh,2.63,6.57,1,2003-08-21,HTTT,K25,0,36,92
25135590,Truong Van Hieu,3.46,8.65,1,2007-10-15,KT,K21,0,94,80
25135591,Mai Thi Trang,1.59,3.98,1,2003-08-28,CNOT,K21,0,31,89
25135592,Pham Thi Phuc,1.68,4.2,1,2003-11-19,CNOT,K25,0,131,65
25135593,Bui Thi Giang,1.68,4.2,1,2002-04-07,KTMT,K22,0,70,68
25135594,Le Van Trang,2.78,6.95,0,2006-09-24,KTPM,K21,0,141,68
25135595,Phan Thi Phuc,3.67,9.18,1,2001-11-20,CKM,K23,0,91,78
25135596,Phan Thi Chi,3.15,7.88,0,2004-01-10,KTMT,K22,0,68,91
25135597,Bui Thi Dung,1.72,4.3,1,2002-11-02,CKM,K23,0,144,94
25135598,Bui Thi Vy,1.77,4.42,1,2004-02-12,HTTT,K21,0,59,98
25135599,Bui Thi Nam,3.02,7.55,1,2006-09-14,KTMT,K21,0,71,79
25135600,Ngo Thi Duc,3.46,8.65,0,2001-06-23,QTKD,K22,0,131,81
25135601,Bui Thi Duc,3.05,7.62,0,2006-09-25,HTTT,K21,0,32,58
25135602,Huynh Van Linh,3.4,8.5,1,2002-06-17,KHMT,K25,1,71,50
25135603,Nguyen Van Duc,1.89,4.72,0,2001-12-24,KTPM,K23,0,118,62
25135604,Tran Thi Son,3.38,8.45,0,2003-06-27,HTTT,K25,0,133,65
25135605,Hoang Van Ngoc,3.2,8.0,0,2002-09-06,KTPM,K25,0,80,82
25135606,Bui Thi Khanh,2.01,5.02,1,2002-05-02,KHMT,K23,0,148,94
25135607,Nguyen Van Khanh,3.13,7.82,1,2002-04-28,KT,K21,0,142,57
25135608,Dang Van Ngoc,3.17,7.92,0,2002-12-30,DTVT,K21,0,34,59
25135609,Ngo Thi Nam,3.76,9.4,0,2003-03-10,DTVT,K22,0,146,83
25135610,Dang Van Binh,3.25,8.12,1,2007-06-16,KTMT,K23,1,103,81
25135611,Pham Thi Tuan,3.98,9.95,1,2007-05-12,KTPM,K24,0,130,53
25135612,Hoang Van Giang,1.74,4.35,1,2004-09-28,HTTT,K25,0,127,75
25135613,Pham Thi Trang,3.93,9.83,1,2004-03-16,CNOT,K21,0,146,57
25135614,Hoang Van Binh,2.83,7.08,0,2002-03-13,KTPM,K22,0,126,99
25135615,Truong Van Vy,1.87,4.68,0,2006-05-04,CNOT,K22,0,100,50
25135616,Ngo Thi Hieu,3.83,9.57,0,2001-11-20,DTVT,K25,0,54,92
25135617,Pham Thi Ngoc,3.48,8.7,0,2003-07-28,KHMT,K23,0,133,57
25135618,Ngo Thi An,3.96,9.9,1,2007-03-18,QTKD,K23,0,112,82
25135619,Vo Thi Tuan,3.33,8.32,1,2003-10-21,CKM,K22,0,72,76
25135620,Le Van An,2.6,6.5,1,2006-01-13,KT,K23,0,50,74
25135621,Truong Van Ngoc,1.51,3.77,1,2004-12-28,KTMT,K24,1,149,65
25135622,Mai Thi Phuc,1.98,4.95,0,2002-07-19,KTPM,K23,1,102,53
25135623,Pham Thi Son,2.12,5.3,0,2004-08-07,CNTT,K24,0,96,58
25135624,Mai Thi Nam,3.53,8.82,0,2006-08-24,KTPM,K24,0,63,70
25135625,Phan Thi Thao,1.53,3.83,1,2002-12-03,QTKD,K23,0,35,93
25135626,Huynh Van Duc,2.75,6.88,1,2007-06-10,QTKD,K22,0,77,89
25135627,Pham Thi Linh,3.83,9.57,1,2007-07-02,KT,K25,0,53,82
25135628,Do Van Khanh,3.37,8.43,0,2005-12-24,CNOT,K23,0,72,90
25135629,Dang Van Ngoc,3.51,8.77,1,2002-08-06,DTVT,K25,0,120,65
25135630,Duong Van Ngoc,2.08,5.2,0,2001-12-05,DTVT,K25,0,45,90
25135631,Mai Thi Nam,2.6,6.5,1,2006-01-20,QTKD,K24,0,62,73
25135632,Tran Thi Dung,3.67,9.18,0,2004-05-09,KT,K21,1,87,62
25135633,Bui Thi Giang,2.34,5.85,1,2001-09-29,CNOT,K25,0,31,95
25135634,Mai Thi An,1.72,4.3,0,2006-12-14,KT,K22,0,125,71
25135635,Ngo Thi Chi,2.82,7.05,0,2002-06-26,QTKD,K22,0,35,70
25135636,Duong Van Linh,2.58,6.45,0,2004-08-06,CNTT,K22,0,135,95
25135637,Vo Thi Ngoc,3.89,9.72,0,2006-01-20,CNTT,K25,0,78,55
25135638,Ngo Thi Duc,3.64,9.1,1,2007-06-23,KHMT,K25,1,131,52
25135639,Bui Thi Trang,3.83,9.57,1,2005-10-27,DTVT,K25,1,70,78
25135640,Bui Thi Hai,3.81,9.53,0,2002-06-26,CNOT,K24,0,63,53
25135641,Phan Thi Trang,2.36,5.9,0,2006-11-15,QTKD,K21,1,129,77
25135642,Pham Thi Vy,1.85,4.62,0,2003-10-09,KTMT,K23,0,138,70
25135643,Vo Thi Minh,1.67,4.17,0,2002-11-01,CNTT,K24,0,107,51
25135644,Phan Thi Chi,1.83,4.58,1,2001-11-21,DTVT,K21,0,116,74
25135645,Truong Van Trang,3.03,7.57,1,2006-01-05,CNTT,K24,0,129,80
25135646,Le Van Dung,2.59,6.47,0,2006-10-23,QTKD,K22,0,112,99
25135647,Do Van Minh,3.2,8.0,1,2003-08-28,QTKD,K23,0,101,54
25135648,Vo Thi An,3.84,9.6,0,2003-01-12,KT,K22,0,78,67
25135649,Vo Thi Hieu,3.19,7.97,1,2001-09-09,KT,K25,0,116,77
25135650,Truong Van Khanh,3.95,9.88,1,2003-09-09,HTTT,K25,0,108,55
25135651,Phan Thi Chi,3.5,8.75,1,2001-04-23,KHMT,K21,0,75,55
25135652,Do Van Quan,3.07,7.67,0,2002-06-04,QTKD,K22,0,142,80
25135653,Do Van Duc,1.69,4.22,0,2003-07-04,CKM,K23,0,80,69
25135654,Hoang Van Thao,2.92,7.3,1,2007-03-26,CNOT,K22,0,62,68
25135655,Tran Thi Duc,3.71,9.28,0,2002-04-04,DTVT,K23,0,92,69
25135656,Tran Thi Nam,1.84,4.6,1,2001-01-30,KT,K25,1,97,71
25135657,Nguyen Van Son,2.57,6.42,0,2004-10-22,HTTT,K25,0,142,65
25135658,Vo Thi Hai,2.71,6.78,1,2003-10-04,CNOT,K22,0,36,59
25135659,Bui Thi Dung,1.85,4.62,0,2007-09-14,KT,K25,0,89,100
25135660,Tran Thi Chi,1.92,4.8,0,2003-04-27,KT,K24,0,96,87
25135661,Le Van Minh,2.66,6.65,0,2006-10-09,KHMT,K23,1,56,55
25135662,Hoang Van Khanh,2.5,6.25,0,2003-11-27,CNTT,K21,0,135,66
25135663,Tran Thi Nam,2.76,6.9,0,2007-09-30,QTKD,K22,0,90,69
25135664,Bui Thi Quan,2.64,6.6,1,2004-03-07,DTVT,K22,0,61,73
25135665,Hoang Van Phuc,1.91,4.77,0,2004-04-14,CNOT,K21,0,131,65
25135666,Le Van Ngoc,3.77,9.43,0,2004-01-12,CKM,K25,0,126,86
25135667,Do Van Quan,3.53,8.82,1,2003-01-07,KHMT,K24,0,41,61
25135668,Hoang Van Duc,2.28,5.7,1,2001-01-04,CKM,K23,0,35,51
25135669,Truong Van Duc,3.96,9.9,1,2006-10-17,KHMT,K25,0,66,84
25135670,Mai Thi Dung,1.91,4.77,0,2003-05-23,KTMT,K23,0,57,73
25135671,Nguyen Van Giang,2.41,6.03,0,2007-12-31,KHMT,K23,0,131,62
25135672,Do Van Khanh,3.44,8.6,1,2004-04-05,KHMT,K21,0,102,72
25135673,Nguyen Van Trang,3.18,7.95,0,2003-09-08,CNTT,K24,0,35,77
25135674,Truong Van An,2.65,6.62,1,2007-08-13,KTMT,K22,0,126,99
25135675,Truong Van Giang,2.8,7.0,0,2006-03-23,HTTT,K24,0,36,94
25135676,Nguyen Van An,1.58,3.95,1,2001-11-12,CNOT,K24,0,74,60
25135677,Hoang Van Khanh,2.55,6.38,0,2003-11-06,KTPM,K23,0,56,82
25135678,Dang Van Dung,3.72,9.3,1,2006-05-22,CKM,K25,0,131,98
25135679,Hoang Van Khanh,1.69,4.22,1,2005-05-22,KHMT,K21,0,147,77
25135680,Bui Thi Thao,3.39,8.47,1,2003-10-05,KTPM,K23,0,116,53
25135681,Do Van Son,3.5,8.75,1,2003-08-22,DTVT,K23,0,109,92
25135682,Truong Van Hieu,3.34,8.35,1,2007-08-04,CKM,K22,0,83,95
25135683,Bui Thi Phuc,3.65,9.12,1,2002-02-23,QTKD,K21,0,56,95
25135684,Nguyen Van Binh,3.44,8.6,0,2002-04-12,KTMT,K24,0,79,90
25135685,Tran Thi Linh,1.52,3.8,0,2002-11-08,QTKD,K25,0,125,84
25135686,Huynh Van Khanh,1.69,4.22,0,2006-02-28,CKM,K24,0,140,74
25135687,Pham Thi Hieu,1.73,4.33,0,2006-04-02,KTPM,K24,0,125,63
25135688,Bui Thi Trang,1.73,4.33,0,2002-04-19,KT,K22,0,95,76
25135689,Do Van Nam,3.3,8.25,0,2004-06-30,KTPM,K21,0,126,78
25135690,Le Van Linh,3.77,9.43,1,2002-09-25,CNOT,K21,0,103,70
25135691,Tran Thi Trang,3.36,8.4,0,2007-04-08,CNOT,K25,0,71,50
25135692,Duong Van Linh,3.69,9.22,0,2003-03-24,CNOT,K22,0,73,55
25135693,Tran Thi Vy,2.4,6.0,1,2007-06-23,CKM,K23,0,60,82
25135694,Huynh Van Thao,3.52,8.8,1,2002-06-24,DTVT,K22,0,36,82
25135695,Vo Thi Son,1.87,4.68,0,2007-11-27,DTVT,K24,0,95,88
25135696,Do Van An,2.58,6.45,1,2003-12-13,CKM,K22,1,34,85
25135697,Do Van Phuc,2.02,5.05,1,2005-05-26,CNOT,K25,0,127,92
25135698,Phan Thi Trang,2.52,6.3,1,2007-06-01,KT,K21,1,85,86
25135699,Huynh Van Ngoc,3.99,9.98,0,2002-01-26,KTPM,K22,0,124,53
25135700,Dang Van Giang,3.17,7.92,0,2001-08-05,KTMT,K22,0,82,100
25135701,Ngo Thi Thao,3.26,8.15,1,2001-02-06,HTTT,K24,0,89,62
25135702,Nguyen Van Giang,2.21,5.53,0,2002-08-10,CNOT,K21,0,43,69
25135703,Pham Thi Phuc,1.97,4.92,1,2005-10-30,CNOT,K25,0,39,75
25135704,Hoang Van Trang,3.08,7.7,1,2003-12-31,HTTT,K23,0,107,60
25135705,Mai Thi Nam,3.0,7.5,0,2005-09-30,KT,K25,0,55,79
25135706,Hoang Van Duc,2.97,7.43,1,2006-07-01,KTMT,K24,0,115,94
25135707,Mai Thi Duc,2.41,6.03,1,2002-12-01,KTPM,K25,0,125,84
25135708,Duong Van Linh,3.13,7.82,0,2004-10-14,CNOT,K21,0,118,62
25135709,Huynh Van Son,3.12,7.8,1,2005-02-14,QTKD,K25,0,134,65
25135710,Le Van Hai,2.2,5.5,0,2006-04-12,DTVT,K22,0,99,76
25135711,Mai Thi An,2.79,6.97,0,2004-08-23,KTPM,K25,1,39,97
25135712,Duong Van Binh,3.19,7.97,0,2005-12-30,KHMT,K23,0,77,83
25135713,Truong Van Minh,2.09,5.22,1,2007-05-23,QTKD,K21,0,99,72
25135714,Truong Van Minh,3.1,7.75,0,2006-11-15,QTKD,K23,0,104,70
25135715,Hoang Van Son,3.81,9.53,0,2007-01-07,CKM,K23,0,47,95
25135716,Huynh Van Linh,2.03,5.07,0,2005-06-12,CNOT,K21,0,60,91
25135717,Ngo Thi Phuc,3.94,9.85,1,2007-04-22,DTVT,K25,0,68,70
25135718,Vo Thi Linh,2.16,5.4,0,2007-04-21,QTKD,K22,0,54,93
25135719,Le Van Dung,3.99,9.98,1,2006-11-05,KTMT,K25,0,47,96
25135720,Do Van Binh,2.32,5.8,1,2002-09-30,KHMT,K24,0,129,84
25135721,Le Van Binh,3.61,9.03,1,2006-06-29,CKM,K24,0,82,75
25135722,Tran Thi Dung,3.73,9.32,0,2007-10-14,KHMT,K24,0,149,54
25135723,Le Van Quan,3.53,8.82,0,2002-04-09,KTPM,K25,1,119,95
25135724,Le Van Ngoc,3.06,7.65,0,2005-11-02,CKM,K25,0,140,54
25135725,Duong Van Ngoc,2.99,7.48,0,2005-08-17,HTTT,K25,0,82,83
25135726,Vo Thi Linh,1.58,3.95,0,2006-09-18,KTPM,K21,0,112,74
25135727,Nguyen Van Ngoc,2.8,7.0,0,2005-12-21,CKM,K25,0,74,75
25135728,Huynh Van Khanh,2.55,6.38,0,2002-09-19,KHMT,K25,0,126,58
25135729,Vo Thi Phuc,2.22,5.55,1,2006-04-01,KT,K21,0,53,70
25135730,Bui Thi Linh,2.38,5.95,0,2005-04-25,KT,K25,0,37,63
25135731,Vo Thi Duc,3.54,8.85,1,2002-07-02,DTVT,K23,0,137,86
25135732,Tran Thi Minh,1.76,4.4,0,2001-02-23,KTPM,K24,1,120,53
25135733,Nguyen Van Dung,2.62,6.55,1,2002-03-21,HTTT,K23,0,125,87
25135734,Mai Thi Minh,2.93,7.33,1,2007-02-23,CNTT,K24,0,67,53
25135735,Do Van Minh,1.94,4.85,0,2003-01-24,CKM,K24,0,106,61
25135736,Tran Thi Minh,1.72,4.3,1,2003-05-31,CKM,K23,1,137,58
25135737,Hoang Van An,1.91,4.77,0,2001-06-26,KHMT,K22,1,83,89
25135738,Truong Van Ngoc,3.84,9.6,0,2007-01-06,KT,K23,0,117,80
25135739,Mai Thi Khanh,3.0,7.5,0,2007-06-20,HTTT,K25,0,104,54
25135740,Phan Thi An,2.52,6.3,0,2002-12-15,KTPM,K23,0,69,58
25135741,Dang Van Minh,1.72,4.3,1,2003-10-11,KTPM,K22,1,74,93
25135742,Dang Van Ngoc,3.58,8.95,1,2002-10-20,KTMT,K23,0,43,63
25135743,Nguyen Van Linh,2.63,6.57,1,2002-01-25,HTTT,K23,0,112,95
25135744,Hoang Van Linh,2.56,6.4,0,2001-04-12,DTVT,K24,1,60,72
25135745,Truong Van Phuc,2.56,6.4,1,2005-07-10,KTMT,K21,0,129,63
25135746,Dang Van Trang,3.26,8.15,1,2005-11-11,HTTT,K25,0,81,97
25135747,Pham Thi Trang,1.72,4.3,0,2001-06-26,KT,K22,0,89,70
25135748,Vo Thi Vy,3.83,9.57,0,2005-08-09,KT,K25,0,108,51
25135749,Do Van Hai,3.97,9.93,0,2002-05-27,KTMT,K23,0,141,73
25135750,Bui Thi Ngoc,1.68,4.2,1,2002-06-29,DTVT,K22,0,126,75
25135751,Bui Thi Khanh,2.69,6.72,1,2007-04-01,CKM,K23,1,56,51
25135752,Truong Van Giang,3.11,7.77,1,2001-01-09,KTPM,K24,0,94,89
25135753,Nguyen Van Khanh,3.07,7.67,1,2001-04-09,KTMT,K21,0,116,58
25135754,Vo Thi Hieu,3.89,9.72,0,2006-06-29,KHMT,K24,0,147,52
25135755,Duong Van Thao,1.66,4.15,1,2005-12-09,KTMT,K24,0,112,82
25135756,Do Van Khanh,3.65,9.12,1,2007-12-27,QTKD,K25,0,74,97
25135757,Ngo Thi Hai,3.52,8.8,1,2006-09-24,DTVT,K23,0,66,81
25135758,Huynh Van Quan,3.38,8.45,0,2002-11-26,CKM,K21,0,57,54
25135759,Phan Thi Dung,1.94,4.85,1,2004-07-02,HTTT,K25,0,34,99
25135760,Bui Thi Son,1.88,4.7,1,2003-01-20,KTMT,K23,0,146,89
25135761,Huynh Van Son,3.27,8.18,1,2005-02-13,KT,K25,0,42,55
25135762,Huynh Van Vy,3.31,8.28,0,2006-04-04,CNOT,K24,0,54,94
25135763,Truong Van Trang,2.53,6.32,0,2002-06-27,KTMT,K21,0,68,73
25135764,Dang Van Khanh,2.48,6.2,1,2005-02-12,CNOT,K24,0,95,88
25135765,Truong Van Trang,3.74,9.35,0,2006-02-21,KTPM,K21,0,89,63
25135766,Truong Van Khanh,3.61,9.03,1,2002-07-30,HTTT,K21,0,94,76
25135767,Ngo Thi Thao,3.12,7.8,1,2004-02-02,HTTT,K24,1,135,94
25135768,Le Van Son,1.9,4.75,0,2003-07-17,KTMT,K25,0,135,91
25135769,Do Van Chi,2.91,7.28,0,2006-04-30,HTTT,K24,0,147,78
25135770,Vo Thi Quan,2.74,6.85,0,2006-08-20,QTKD,K22,0,87,86
25135771,Hoang Van Duc,1.76,4.4,1,2004-06-20,KHMT,K24,0,37,58
25135772,Ngo Thi Vy,3.41,8.53,1,2005-09-02,KTMT,K23,0,42,84
25135773,Pham Thi Nam,3.21,8.03,1,2001-08-23,KHMT,K22,0,101,81
25135774,Hoang Van Quan,1.88,4.7,0,2005-03-29,KHMT,K23,0,132,55
25135775,Pham Thi Ngoc,2.69,6.72,0,2005-08-28,DTVT,K21,0,131,78
25135776,Phan Thi Ngoc,1.58,3.95,1,2002-05-28,CNOT,K25,0,107,56
25135777,Truong Van Trang,1.56,3.9,0,2006-11-15,KTMT,K25,0,91,91
25135778,Tran Thi Minh,3.26,8.15,0,2003-11-24,CKM,K22,1,83,91
25135779,Bui Thi Thao,1.56,3.9,0,2004-08-05,CNOT,K23,0,30,93
25135780,Bui Thi Duc,2.73,6.83,0,2003-05-07,KTPM,K24,0,139,54
25135781,Nguyen Van Giang,1.78,4.45,0,2001-08-08,CKM,K23,0,76,81
25135782,Hoang Van Vy,2.25,5.62,1,2005-03-20,KTMT,K24,0,141,62
25135783,Huynh Van Quan,2.31,5.78,0,2003-11-27,KHMT,K25,0,52,56
25135784,Phan Thi Vy,1.51,3.77,0,2007-07-16,DTVT,K23,0,65,56
25135785,Tran Thi Giang,2.38,5.95,1,2007-02-22,KTPM,K25,0,38,73
25135786,Pham Thi Tuan,1.7,4.25,0,2004-01-25,DTVT,K21,0,87,50
25135787,Bui Thi Linh,3.52,8.8,1,2005-05-22,CNTT,K22,0,49,56
25135788,Do Van Trang,2.66,6.65,0,2003-08-12,KT,K25,0,64,100
25135789,Do Van Chi,2.56,6.4,0,2006-04-24,CKM,K21,1,74,70
25135790,Pham Thi Khanh,1.71,4.28,0,2003-11-27,HTTT,K25,1,102,84
25135791,Truong Van Nam,2.12,5.3,1,2002-05-27,KTPM,K24,0,81,95
25135792,Duong Van Nam,3.15,7.88,0,2004-05-10,KHMT,K24,1,49,85
25135793,Duong Van Phuc,1.86,4.65,0,2002-06-05,CNOT,K21,0,48,82
25135794,Duong Van Hai,2.34,5.85,1,2005-06-29,DTVT,K21,1,59,78
25135795,Dang Van Nam,3.53,8.82,0,2001-09-30,CNTT,K21,0,128,69
25135796,Mai Thi Phuc,2.5,6.25,1,2003-09-05,KT,K21,0,130,83
25135797,Vo Thi Thao,3.84,9.6,1,2007-03-16,CKM,K22,0,112,100
25135798,Dang Van Son,2.88,7.2,1,2004-01-08,HTTT,K22,0,136,59
25135799,Bui Thi Vy,3.01,7.52,1,2007-07-22,QTKD,K23,1,104,72
25135800,Vo Thi An,1.74,4.35,0,2005-01-05,HTTT,K25,0,133,84
25135801,Ngo Thi Nam,2.18,5.45,1,2006-01-24,KTPM,K24,0,86,85
25135802,Truong Van Trang,2.4,6.0,0,2007-12-06,CKM,K23,0,49,65
25135803,Truong Van Nam,3.18,7.95,0,2005-07-18,HTTT,K25,0,55,70
25135804,Phan Thi Ngoc,2.85,7.12,0,2002-02-13,QTKD,K24,0,52,69
25135805,Ngo Thi An,1.96,4.9,1,2004-09-02,KHMT,K23,0,31,73
25135806,Duong Van Quan,2.95,7.38,1,2004-08-09,CKM,K25,0,117,87
25135807,Hoang Van Linh,2.08,5.2,0,2003-05-20,CNTT,K25,1,60,75
25135808,Truong Van Son,2.81,7.03,1,2007-08-25,HTTT,K25,0,90,63
25135809,Huynh Van Hieu,1.64,4.1,1,2004-07-29,KHMT,K25,0,34,67
25135810,Huynh Van Hieu,2.98,7.45,0,2004-10-02,KHMT,K21,0,83,87
25135811,Do Van Hieu,1.86,4.65,0,2006-11-27,CKM,K24,1,40,81
25135812,Phan Thi Nam,2.84,7.1,1,2007-04-11,KT,K24,0,89,82
25135813,Phan Thi Giang,3.05,7.62,0,2007-01-08,KHMT,K23,0,148,66
25135814,Huynh Van Vy,2.13,5.32,1,2007-10-05,HTTT,K23,0,129,99
25135815,Tran Thi Linh,3.2,8.0,0,2007-02-19,CNTT,K24,0,94,69
25135816,Bui Thi Hieu,2.12,5.3,1,2005-02-12,HTTT,K22,0,129,50
25135817,Phan Thi Ngoc,2.31,5.78,1,2005-09-11,CNTT,K24,0,57,87
25135818,Bui Thi Minh,2.24,5.6,0,2001-01-14,QTKD,K25,0,43,67
25135819,Dang Van Giang,2.87,7.18,1,2002-02-20,KHMT,K21,0,30,81
25135820,Ngo Thi Chi,2.31,5.78,1,2006-06-11,CNOT,K23,0,57,55
25135821,Nguyen Van Vy,2.41,6.03,0,2005-05-23,HTTT,K22,0,66,58
25135822,Do Van Duc,1.82,4.55,1,2002-08-12,KHMT,K24,0,41,87
25135823,Le Van An,3.43,8.58,1,2007-06-01,CNTT,K23,0,68,87
25135824,Tran Thi Dung,2.31,5.78,1,2001-06-10,CNOT,K24,0,122,99
25135825,Ngo Thi Binh,3.75,9.38,1,2003-07-20,KHMT,K21,0,41,84
25135826,Huynh Van Khanh,3.73,9.32,1,2003-11-03,KTMT,K21,0,136,83
25135827,Dang Van Dung,2.15,5.38,1,2004-10-20,DTVT,K22,1,113,54
25135828,Dang Van Hieu,1.59,3.98,1,2001-12-26,KHMT,K24,0,32,69
25135829,Vo Thi Giang,3.15,7.88,1,2001-02-26,QTKD,K22,0,49,78
25135830,Do Van Minh,2.3,5.75,0,2005-07-13,KTPM,K23,0,149,60
25135831,Tran Thi Thao,3.22,8.05,0,2006-10-16,KTPM,K24,0,32,72
25135832,Hoang Van Son,3.98,9.95,1,2003-01-21,QTKD,K25,0,37,91
25135833,Dang Van Tuan,1.62,4.05,0,2006-03-29,QTKD,K24,0,76,57
25135834,Vo Thi Thao,2.57,6.42,1,2007-05-22,CNTT,K23,0,56,94
25135835,Hoang Van Hai,3.35,8.38,1,2001-06-18,CNTT,K24,0,64,78
25135836,Tran Thi Phuc,2.29,5.72,0,2004-10-02,DTVT,K25,0,137,65
25135837,Tran Thi Linh,3.48,8.7,0,2004-11-12,QTKD,K22,0,135,80
25135838,Phan Thi Ngoc,2.24,5.6,1,2005-07-14,KTMT,K22,0,68,59
25135839,Ngo Thi Phuc,3.28,8.2,1,2003-07-30,HTTT,K23,0,47,85
25135840,Huynh Van Duc,1.54,3.85,0,2001-02-19,CKM,K24,0,93,89
25135841,Mai Thi Quan,2.78,6.95,0,2001-05-23,KTPM,K22,0,46,97
25135842,Truong Van Hieu,1.55,3.88,1,2001-07-14,KTPM,K23,0,53,79
25135843,Ngo Thi Chi,2.81,7.03,0,2005-12-19,HTTT,K24,0,46,96
25135844,Do Van Quan,1.93,4.83,0,2001-06-01,CKM,K22,0,115,76
25135845,Duong Van Chi,3.18,7.95,0,2007-09-23,CNOT,K24,0,94,98
25135846,Phan Thi Phuc,3.43,8.58,1,2006-05-04,KT,K25,1,38,78
25135847,Duong Van Khanh,2.58,6.45,0,2001-12-11,KTPM,K21,1,57,52
25135848,Mai Thi Duc,2.11,5.27,0,2001-11-08,QTKD,K24,0,40,59
25135849,Vo Thi Trang,1.8,4.5,0,2007-02-12,KT,K25,0,34,52
25135850,Le Van Hai,2.73,6.83,0,2004-04-24,KT,K22,1,108,93
25135851,Dang Van Chi,2.46,6.15,0,2006-05-02,CKM,K22,0,57,88
25135852,Tran Thi Ngoc,3.04,7.6,0,2002-01-23,KT,K21,0,82,70
25135853,Le Van Trang,3.88,9.7,1,2006-10-11,KHMT,K24,0,91,73
25135854,Dang Van Minh,3.66,9.15,0,2004-10-31,CNOT,K22,0,78,69
25135855,Vo Thi Minh,1.83,4.58,0,2006-11-21,CNTT,K23,0,78,63
25135856,Huynh Van An,2.69,6.72,0,2006-01-23,CKM,K24,1,60,81
25135857,Ngo Thi Chi,3.8,9.5,1,2002-01-14,CNOT,K22,0,35,61
25135858,Do Van Phuc,1.86,4.65,1,2007-10-14,KTPM,K25,1,83,88
25135859,Dang Van Thao,1.57,3.93,0,2003-12-05,DTVT,K22,0,59,89
25135860,Do Van Hai,2.17,5.42,0,2002-05-02,KTPM,K21,0,78,54
25135861,Mai Thi Binh,3.6,9.0,0,2007-10-16,KTPM,K21,1,38,75
25135862,Vo Thi An,1.77,4.42,0,2003-01-07,KHMT,K25,0,149,51
25135863,Tran Thi Son,2.42,6.05,1,2003-11-29,KHMT,K21,1,98,81
25135864,Bui Thi Linh,3.28,8.2,0,2003-09-28,CNTT,K23,0,132,57
25135865,Tran Thi Binh,2.11,5.27,0,2002-09-06,CNTT,K23,0,77,79
25135866,Do Van Linh,3.37,8.43,0,2001-10-01,CKM,K21,0,55,90
25135867,Nguyen Van Linh,3.3,8.25,1,2004-04-04,DTVT,K23,0,128,55
25135868,Hoang Van Binh,1.6,4.0,1,2002-06-07,KHMT,K23,0,123,97
25135869,Nguyen Van Minh,1.71,4.28,0,2003-03-03,CNOT,K21,1,108,56
25135870,Nguyen Van Hieu,2.53,6.32,1,2007-08-13,KTPM,K25,0,73,70
25135871,Pham Thi Minh,3.06,7.65,0,2005-01-29,DTVT,K22,0,111,76
25135872,Bui Thi Hai,3.93,9.83,1,2007-02-19,QTKD,K25,0,86,94
25135873,Dang Van Hai,2.4,6.0,0,2005-01-24,QTKD,K24,0,85,66
25135874,Le Van Ngoc,1.66,4.15,1,2003-05-12,HTTT,K21,0,117,64
25135875,Le Van Phuc,3.93,9.83,0,2006-09-23,HTTT,K24,0,47,65
25135876,Pham Thi Son,2.83,7.08,0,2005-09-21,KHMT,K25,0,126,62
25135877,Duong Van Ngoc,1.6,4.0,0,2007-10-12,KHMT,K25,0,40,60
25135878,Pham Thi Son,3.77,9.43,0,2006-12-19,KHMT,K23,0,36,69
25135879,Dang Van Duc,3.97,9.93,1,2001-02-20,DTVT,K22,0,92,81
25135880,Bui Thi Khanh,2.53,6.32,0,2003-12-01,DTVT,K21,0,122,83
25135881,Ngo Thi Hai,3.57,8.92,1,2003-04-27,KTMT,K22,0,105,94
25135882,Duong Van Trang,1.52,3.8,1,2003-09-30,HTTT,K22,0,64,96
25135883,Vo Thi Hai,3.24,8.1,0,2002-02-16,CKM,K21,0,102,79
25135884,Ngo Thi Vy,2.82,7.05,0,2002-09-09,DTVT,K24,0,30,76
25135885,Mai Thi Giang,3.98,9.95,1,2004-02-24,KT,K25,0,87,90
25135886,Bui Thi Ngoc,2.96,7.4,1,2007-03-06,KTPM,K25,0,86,57
25135887,Bui Thi Son,2.23,5.58,0,2007-10-24,HTTT,K22,0,59,51
25135888,Do Van Thao,2.55,6.38,1,2002-05-07,KTMT,K24,1,98,63
25135889,Truong Van An,1.98,4.95,0,2004-12-01,HTTT,K23,0,42,56
25135890,Bui Thi Dung,1.77,4.42,1,2005-01-14,CKM,K25,0,51,89
25135891,Le Van Khanh,2.4,6.0,1,2001-10-04,KTPM,K24,1,83,92
25135892,Pham Thi Hai,3.87,9.68,1,2005-12-05,KTMT,K21,0,148,91
25135893,Mai Thi Son,3.0,7.5,1,2007-03-13,CNOT,K23,1,103,91
25135894,Bui Thi Tuan,2.15,5.38,1,2007-01-02,QTKD,K25,0,128,74
25135895,Huynh Van Tuan,3.52,8.8,0,2002-08-05,QTKD,K22,0,44,90
25135896,Hoang Van Hai,2.61,6.52,1,2006-04-08,CNTT,K23,0,60,79
25135897,Hoang Van Hieu,2.82,7.05,0,2007-07-04,CNTT,K23,0,86,91
25135898,Tran Thi Dung,3.79,9.47,1,2004-12-06,KTMT,K22,0,94,69
25135899,Do Van Thao,2.84,7.1,1,2007-05-13,CNTT,K25,0,33,65
25135900,Bui Thi Linh,1.82,4.55,0,2006-02-06,HTTT,K24,0,136,89
25135901,Le Van Chi,3.78,9.45,0,2004-01-09,CNOT,K23,0,46,85
25135902,Truong Van Ngoc,2.59,6.47,1,2001-09-09,KTPM,K25,0,43,71
25135903,Tran Thi Hieu,3.82,9.55,0,2003-09-15,HTTT,K22,0,81,76
25135904,Vo Thi Hai,2.6,6.5,0,2006-03-10,QTKD,K23,0,49,72
25135905,Vo Thi Phuc,2.05,5.12,0,2004-08-26,KT,K23,0,72,91
25135906,Le Van Thao,3.75,9.38,1,2002-05-02,KTMT,K25,0,82,99
25135907,Huynh Van Hieu,2.35,5.88,0,2002-05-21,CNOT,K22,0,63,57
25135908,Hoang Van Hieu,3.8,9.5,0,2006-04-07,QTKD,K25,0,111,57
25135909,Nguyen Van Phuc,3.63,9.07,0,2006-08-13,KHMT,K22,0,126,53
25135910,Bui Thi Chi,2.88,7.2,1,2006-07-21,KHMT,K22,0,74,70
25135911,Vo Thi Tuan,2.94,7.35,0,2004-08-22,QTKD,K21,0,51,74
25135912,Ngo Thi Vy,2.34,5.85,0,2003-03-11,KTMT,K21,0,116,61
25135913,Vo Thi Quan,3.88,9.7,1,2005-08-09,QTKD,K24,0,54,77
25135914,Ngo Thi Khanh,3.38,8.45,0,2003-04-04,CNTT,K23,1,139,98
25135915,Phan Thi Hai,3.25,8.12,1,2007-07-10,DTVT,K22,0,135,74
25135916,Hoang Van Dung,3.37,8.43,1,2002-11-23,KTMT,K25,0,65,93
25135917,Duong Van Linh,2.15,5.38,1,2001-02-07,HTTT,K25,1,46,95
25135918,Duong Van Linh,2.42,6.05,1,2002-07-08,CNOT,K25,0,100,84
25135919,Ngo Thi Trang,1.66,4.15,0,2005-02-02,HTTT,K23,0,147,74
25135920,Vo Thi Quan,1.51,3.77,0,2003-02-10,CNOT,K25,0,148,79
25135921,Do Van An,3.02,7.55,0,2002-12-06,KTPM,K21,0,96,91
25135922,Vo Thi Phuc,3.7,9.25,1,2001-02-26,CKM,K22,0,133,68
25135923,Duong Van Hai,3.04,7.6,1,2004-04-06,DTVT,K24,0,44,67
25135924,Truong Van Minh,3.67,9.18,1,2005-01-03,HTTT,K21,0,52,80
25135925,Le Van Duc,1.71,4.28,1,2001-07-05,CKM,K24,0,93,58
25135926,Tran Thi Tuan,3.16,7.9,1,2003-07-07,DTVT,K22,1,82,52
25135927,Le Van Dung,1.62,4.05,0,2004-12-11,QTKD,K25,0,64,93
25135928,Hoang Van Phuc,2.34,5.85,0,2004-10-19,KHMT,K22,0,69,83
25135929,Vo Thi Ngoc,3.81,9.53,1,2001-08-12,HTTT,K24,0,47,65
25135930,Duong Van Binh,2.39,5.98,1,2004-03-20,CNTT,K24,0,37,58
25135931,Huynh Van Linh,3.11,7.77,0,2007-08-20,HTTT,K23,1,56,68
25135932,Duong Van Vy,3.64,9.1,1,2004-01-13,KHMT,K21,1,40,85
25135933,Huynh Van Duc,3.05,7.62,1,2007-06-18,CKM,K25,0,125,66
25135934,Vo Thi Dung,2.39,5.98,0,2001-07-06,HTTT,K23,0,42,63
25135935,Duong Van Hai,2.59,6.47,0,2005-06-03,DTVT,K21,0,115,75
25135936,Phan Thi Dung,3.25,8.12,1,2005-02-12,KT,K24,0,98,69
25135937,Le Van Trang,3.22,8.05,1,2003-04-19,HTTT,K23,0,134,98
25135938,Dang Van Nam,2.09,5.22,1,2007-02-11,KT,K25,0,89,58
25135939,Hoang Van Tuan,1.58,3.95,1,2005-06-22,QTKD,K22,0,99,75
25135940,Dang Van Dung,1.58,3.95,1,2003-03-25,CKM,K21,0,71,64
25135941,Hoang Van Minh,2.4,6.0,0,2005-01-25,KTMT,K23,0,149,70
25135942,Do Van Khanh,3.81,9.53,1,2001-03-27,KT,K22,0,124,98
25135943,Hoang Van Khanh,3.99,9.98,1,2002-05-16,KT,K24,0,96,85
25135944,Vo Thi Khanh,3.0,7.5,0,2004-04-19,CKM,K22,0,93,78
25135945,Le Van Binh,2.46,6.15,0,2001-02-06,QTKD,K22,0,102,54
25135946,Tran Thi Linh,3.54,8.85,1,2007-01-19,CNTT,K24,0,96,70
25135947,Le Van Hieu,1.8,4.5,1,2003-03-27,DTVT,K21,0,87,81
25135948,Truong Van Son,3.95,9.88,1,2001-01-14,HTTT,K24,0,60,64
25135949,Nguyen Van Tuan,2.88,7.2,0,2002-01-16,HTTT,K21,0,100,51
25135950,Mai Thi Chi,3.15,7.88,0,2004-03-10,CNOT,K23,0,39,81
25135951,Le Van Hieu,3.88,9.7,1,2002-02-22,HTTT,K22,0,51,84
25135952,Pham Thi Vy,3.46,8.65,0,2007-12-15,CKM,K25,0,121,66
25135953,Bui Thi Vy,2.67,6.67,0,2004-11-29,CNTT,K24,0,65,86
25135954,Do Van Minh,1.76,4.4,0,2002-02-16,KT,K25,0,41,67
25135955,Bui Thi Vy,3.94,9.85,1,2006-10-19,QTKD,K24,0,87,92
25135956,Hoang Van Phuc,3.31,8.28,1,2007-05-14,KTMT,K25,0,123,86
25135957,Ngo Thi Tuan,3.37,8.43,0,2001-01-23,KHMT,K22,0,119,92
25135958,Le Van Binh,1.68,4.2,1,2007-02-02,CNOT,K25,0,44,89
25135959,Truong Van Tuan,2.4,6.0,1,2003-07-20,KTPM,K22,0,84,84
25135960,Pham Thi Thao,2.8,7.0,0,2005-01-21,KHMT,K24,0,119,51
25135961,Ngo Thi Hai,2.15,5.38,0,2001-06-13,KTMT,K21,0,37,91
25135962,Pham Thi An,1.91,4.77,0,2004-08-30,CNOT,K25,1,53,98
25135963,Tran Thi Trang,2.77,6.92,0,2005-11-22,DTVT,K25,0,146,97
25135964,Duong Van Ngoc,2.86,7.15,0,2006-06-17,KTMT,K22,0,107,54
25135965,Pham Thi Giang,2.12,5.3,1,2005-10-24,HTTT,K21,1,81,59
25135966,Mai Thi Giang,3.57,8.92,0,2006-12-29,CNOT,K24,0,55,76
25135967,Le Van Phuc,1.53,3.83,0,2005-08-21,CKM,K25,0,49,86
25135968,Le Van Ngoc,2.9,7.25,1,2003-06-27,CNOT,K23,0,98,91
25135969,Le Van Hieu,2.19,5.47,1,2001-06-11,HTTT,K22,0,103,84
25135970,Huynh Van Duc,3.83,9.57,1,2007-12-28,KHMT,K25,1,34,66
25135971,Pham Thi Hieu,2.29,5.72,1,2004-04-12,KTMT,K23,0,49,90
25135972,Nguyen Van Giang,3.67,9.18,1,2005-05-27,DTVT,K22,1,137,88
25135973,Duong Van Phuc,2.58,6.45,0,2002-03-27,CKM,K22,0,38,57
25135974,Phan Thi Chi,3.42,8.55,1,2005-03-03,HTTT,K24,1,44,50
25135975,Duong Van Phuc,3.33,8.32,1,2002-12-08,CNOT,K25,0,91,86
25135976,Phan Thi Vy,2.54,6.35,0,2004-01-07,CKM,K21,0,117,67
25135977,Phan Thi Binh,2.97,7.43,0,2004-06-05,KTMT,K21,0,38,51
25135978,Mai Thi Dung,1.99,4.97,1,2007-08-16,HTTT,K24,1,55,74
25135979,Le Van Khanh,2.42,6.05,1,2006-02-08,QTKD,K22,0,114,92
25135980,Ngo Thi Chi,2.89,7.23,1,2005-09-17,HTTT,K21,0,34,87
25135981,Truong Van An,2.14,5.35,0,2005-09-05,HTTT,K23,0,77,79
25135982,Ngo Thi Chi,1.99,4.97,1,2007-05-13,CNTT,K22,0,132,82
25135983,Truong Van Khanh,2.12,5.3,1,2005-07-18,CNOT,K24,0,135,57
25135984,Bui Thi Minh,3.99,9.98,0,2003-12-26,CNOT,K24,0,126,91
25135985,Pham Thi Khanh,3.15,7.88,0,2003-11-23,CKM,K21,0,109,63
25135986,Bui Thi Chi,3.94,9.85,1,2002-03-14,CNOT,K22,1,54,83
25135987,Mai Thi Hai,3.49,8.73,0,2002-02-10,KT,K23,0,149,78
25135988,Mai Thi Hieu,3.68,9.2,0,2004-08-09,KTPM,K23,0,38,68
25135989,Ngo Thi Nam,2.97,7.43,1,2004-02-09,DTVT,K23,0,71,93
25135990,Mai Thi An,2.09,5.22,0,2006-08-11,KHMT,K21,0,71,82
25135991,Pham Thi Son,3.89,9.72,1,2003-01-10,KTPM,K25,0,51,84
25135992,Duong Van Chi,3.5,8.75,1,2003-09-18,DTVT,K23,0,125,65
25135993,Pham Thi Giang,3.4,8.5,1,2001-07-16,KHMT,K25,0,50,79
25135994,Bui Thi Nam,1.77,4.42,1,2004-02-04,DTVT,K22,0,49,94
25135995,Truong Van Nam,1.72,4.3,1,2001-01-04,CKM,K22,0,112,66
25135996,Mai Thi Binh,1.68,4.2,0,2005-02-26,KHMT,K24,0,142,77
25135997,Hoang Van Chi,3.27,8.18,0,2005-12-25,HTTT,K21,0,108,88
25135998,Do Van Hai,2.02,5.05,1,2004-04-17,KTMT,K21,0,112,79
25135999,Ngo Thi Minh,1.55,3.88,0,2004-11-27,HTTT,K24,0,98,53
25136000,Ngo Thi Hai,1.7,4.25,0,2004-12-05,HTTT,K21,1,68,65
25136001,Huynh Van Quan,1.51,3.77,1,2004-01-06,QTKD,K23,0,100,66
25136002,Dang Van Binh,2.61,6.52,0,2005-04-05,QTKD,K21,0,39,86
25136003,Vo Thi Phuc,3.13,7.82,1,2006-06-26,CNTT,K25,0,58,72
25136004,Phan Thi Giang,3.64,9.1,0,2007-03-21,CNTT,K25,0,92,62
25136005,Truong Van Hai,1.69,4.22,0,2004-01-03,CNTT,K23,0,96,96
25136006,Dang Van Minh,1.81,4.53,0,2002-03-22,QTKD,K21,1,109,93
25136007,Mai Thi Duc,2.93,7.33,0,2007-05-24,KT,K25,0,52,78
25136008,Tran Thi Ngoc,3.28,8.2,0,2003-01-09,CNTT,K22,0,99,64
25136009,Truong Van Giang,1.75,4.38,0,2001-02-20,DTVT,K23,0,35,75
25136010,Phan Thi Vy,3.26,8.15,1,2007-06-21,CNTT,K25,1,141,56
25136011,Vo Thi An,1.82,4.55,0,2006-03-05,KTPM,K25,0,62,72
25136012,Vo Thi Khanh,2.75,6.88,0,2003-07-19,KT,K21,0,121,64
25136013,Dang Van Vy,3.06,7.65,1,2002-05-20,DTVT,K25,0,72,73
25136014,Le Van Trang,3.05,7.62,0,2002-11-18,HTTT,K24,0,110,62
25136015,Truong Van Dung,2.64,6.6,1,2004-07-20,KHMT,K24,0,117,86
25136016,Do Van Hai,2.52,6.3,1,2001-01-25,CNOT,K24,0,88,77
25136017,Mai Thi Duc,2.36,5.9,0,2004-09-05,KT,K24,0,108,93
25136018,Mai Thi Thao,3.75,9.38,1,2004-07-12,KT,K25,0,110,80
25136019,Phan Thi Son,2.41,6.03,1,2004-01-29,CNOT,K22,0,142,92
25136020,Vo Thi Binh,1.71,4.28,0,2005-04-09,CNOT,K22,0,87,67
25136021,Ngo Thi Tuan,1.96,4.9,1,2005-01-20,CNTT,K22,0,111,71
25136022,Pham Thi Vy,2.6,6.5,0,2002-05-10,KT,K22,0,78,67
25136023,Dang Van Chi,3.01,7.52,0,2004-09-28,KT,K23,0,70,98
25136024,Hoang Van Vy,2.67,6.67,0,2006-07-14,DTVT,K23,0,38,67
25136025,Tran Thi Hieu,2.5,6.25,0,2002-12-04,CNOT,K21,0,70,70
25136026,Huynh Van Khanh,3.25,8.12,0,2003-12-10,KTPM,K21,0,77,56
25136027,Do Van Quan,2.4,6.0,1,2005-08-27,KTPM,K25,0,61,80
25136028,Nguyen Van Quan,3.03,7.57,1,2003-05-22,DTVT,K23,0,90,70
25136029,Le Van Duc,1.7,4.25,1,2001-05-08,HTTT,K25,0,62,60
25136030,Bui Thi Chi,1.67,4.17,1,2003-09-09,KTMT,K21,0,104,54
25136031,Nguyen Van Vy,2.8,7.0,1,2007-04-12,KT,K23,0,31,75
25136032,Tran Thi Dung,2.01,5.02,0,2005-07-14,QTKD,K23,0,93,53
25136033,Pham Thi Nam,3.74,9.35,0,2003-12-12,CNTT,K21,0,106,65
25136034,Mai Thi Tuan,2.57,6.42,1,2002-03-02,KHMT,K22,0,74,70
25136035,Dang Van Hai,3.31,8.28,0,2001-02-04,DTVT,K21,1,53,62
25136036,Phan Thi Ngoc,2.88,7.2,1,2006-11-01,CNOT,K23,0,80,89
25136037,Do Van Chi,3.73,9.32,0,2004-01-02,CNOT,K24,0,48,73
25136038,Phan Thi Thao,3.85,9.62,0,2001-06-09,CNOT,K23,0,106,92
25136039,Vo Thi Giang,1.74,4.35,1,2004-08-27,KHMT,K21,0,148,64
25136040,Mai Thi Vy,3.99,9.98,0,2002-06-25,KTPM,K23,0,93,72
25136041,Duong Van Nam,1.75,4.38,1,2004-06-12,HTTT,K22,0,42,87
25136042,Mai Thi Vy,1.88,4.7,1,2004-07-06,KTPM,K23,0,97,55
25136043,Mai Thi Ngoc,2.52,6.3,0,2002-07-14,CNTT,K25,0,52,67
25136044,Do Van Tuan,3.78,9.45,0,2001-08-26,KTMT,K22,1,79,85
25136045,Duong Van Hai,3.52,8.8,1,2004-01-12,CKM,K24,0,111,51
25136046,Duong Van Binh,2.05,5.12,0,2007-12-25,CNOT,K23,0,146,98
25136047,Do Van Ngoc,2.44,6.1,0,2003-06-16,DTVT,K21,0,102,86
25136048,Huynh Van Tuan,3.05,7.62,0,2006-01-27,KHMT,K24,0,137,89
25136049,Truong Van Giang,2.17,5.42,0,2005-05-22,KTPM,K23,1,112,54
25136050,Mai Thi Phuc,3.26,8.15,0,2007-12-03,KTMT,K24,0,91,73
25136051,Truong Van Hai,3.81,9.53,0,2002-12-09,DTVT,K22,1,42,76
25136052,Phan Thi Khanh,3.2,8.0,1,2001-10-09,CNOT,K22,0,53,66
25136053,Le Van Quan,3.13,7.82,0,2005-12-06,KTMT,K25,1,132,66
25136054,Nguyen Van Binh,3.41,8.53,1,2002-05-04,KT,K21,0,149,63
25136055,Bui Thi Quan,1.73,4.33,0,2004-06-13,DTVT,K24,0,51,74
25136056,Do Van Giang,3.43,8.58,0,2007-05-22,HTTT,K23,0,117,85
25136057,Pham Thi Hieu,2.18,5.45,0,2007-06-14,KHMT,K21,0,118,80
25136058,Dang Van Chi,1.71,4.28,0,2005-10-05,CKM,K25,0,83,62
25136059,Do Van Duc,3.08,7.7,1,2003-07-03,KTPM,K23,0,119,92
25136060,Vo Thi Dung,3.76,9.4,1,2001-07-18,KT,K22,0,133,55
25136061,Mai Thi Ngoc,2.22,5.55,0,2006-07-30,KT,K25,0,63,50
25136062,Vo Thi Thao,2.68,6.7,1,2004-04-30,DTVT,K21,0,43,53
25136063,Mai Thi Chi,2.14,5.35,0,2002-01-06,KT,K23,0,130,64
25136064,Ngo Thi Vy,3.95,9.88,0,2004-07-19,DTVT,K25,0,82,54
25136065,Mai Thi Quan,3.21,8.03,1,2002-10-13,CNOT,K21,0,93,65
25136066,Mai Thi Binh,1.91,4.77,1,2003-06-08,KTMT,K21,1,71,54
25136067,Bui Thi Chi,3.0,7.5,0,2003-02-16,KTPM,K24,0,79,70
25136068,Mai Thi Nam,1.54,3.85,1,2001-10-19,KTMT,K25,0,131,53
25136069,Huynh Van Son,2.49,6.23,1,2001-04-12,QTKD,K21,0,30,71
25136070,Ngo Thi Tuan,1.6,4.0,0,2003-08-04,QTKD,K22,0,50,61
25136071,Do Van Khanh,3.67,9.18,0,2006-04-02,KT,K23,0,142,97
25136072,Vo Thi Binh,2.67,6.67,1,2004-04-27,KTPM,K24,0,47,52
25136073,Nguyen Van Dung,1.67,4.17,0,2004-11-10,KTMT,K24,0,61,59
25136074,Truong Van Thao,2.31,5.78,0,2002-09-26,QTKD,K21,0,130,60
25136075,Do Van Hai,2.14,5.35,0,2001-11-12,QTKD,K22,0,35,76
25136076,Phan Thi Binh,1.53,3.83,1,2005-04-25,KHMT,K21,0,56,82
25136077,Le Van Tuan,3.59,8.97,0,2004-06-03,CNOT,K25,0,41,64
25136078,Duong Van Chi,2.44,6.1,0,2004-10-05,DTVT,K21,0,68,57
25136079,Bui Thi Nam,1.53,3.83,1,2001-05-02,KTPM,K24,0,91,96
25136080,Le Van Chi,1.82,4.55,0,2007-01-04,KHMT,K23,0,113,87
25136081,Vo Thi Tuan,1.95,4.88,1,2001-05-24,DTVT,K25,0,120,99
25136082,Duong Van Linh,3.25,8.12,1,2003-01-18,QTKD,K22,0,115,62
25136083,Pham Thi An,1.57,3.93,1,2003-03-30,CKM,K25,0,33,74
25136084,Duong Van Chi,3.32,8.3,0,2002-11-17,HTTT,K24,0,33,54
25136085,Mai Thi Phuc,2.1,5.25,0,2004-09-05,KTMT,K25,0,39,62
25136086,Nguyen Van Vy,2.64,6.6,1,2007-02-13,KHMT,K24,0,71,53
25136087,Do Van Dung,3.45,8.62,0,2006-04-30,DTVT,K22,0,95,50
25136088,Phan Thi Chi,3.78,9.45,1,2001-06-08,KHMT,K25,0,91,80
25136089,Do Van Vy,1.67,4.17,0,2005-03-30,KTMT,K21,0,96,59
25136090,Ngo Thi Hieu,2.25,5.62,1,2007-08-14,KHMT,K24,0,67,51
25136091,Tran Thi Khanh,2.03,5.07,1,2005-05-31,KTPM,K22,0,109,82
25136092,Ngo Thi Son,3.11,7.77,1,2002-01-01,KTPM,K22,0,129,96
25136093,Bui Thi Nam,2.99,7.48,0,2002-08-21,KTPM,K23,1,126,69
25136094,Bui Thi Vy,3.12,7.8,1,2004-02-25,KHMT,K25,0,123,88
25136095,Tran Thi Linh,1.66,4.15,0,2003-02-18,CNOT,K23,0,58,55
25136096,Dang Van Duc,3.05,7.62,1,2001-07-20,CKM,K25,0,128,93
25136097,Duong Van Duc,3.81,9.53,1,2004-08-04,CKM,K24,0,55,93
25136098,Le Van Thao,2.94,7.35,1,2003-02-23,KTPM,K21,0,107,57
25136099,Do Van Nam,3.0,7.5,0,2004-05-20,KHMT,K24,0,35,61
25136100,Tran Thi Tuan,2.2,5.5,1,2003-09-17,CNTT,K22,0,57,67
25136101,Ngo Thi Son,3.27,8.18,0,2005-09-13,KHMT,K24,0,136,63
25136102,Duong Van Tuan,2.04,5.1,1,2003-01-21,KTMT,K21,0,89,67
25136103,Tran Thi Quan,3.02,7.55,0,2006-03-23,QTKD,K22,1,132,60
25136104,Mai Thi Minh,1.67,4.17,1,2005-05-12,CNTT,K25,0,125,75
25136105,Truong Van Dung,1.74,4.35,0,2005-06-28,KTMT,K22,0,130,51
25136106,Ngo Thi Khanh,3.49,8.73,0,2002-02-12,CNTT,K24,0,110,86
25136107,Hoang Van Minh,3.53,8.82,0,2007-02-16,CNOT,K24,1,115,54
25136108,Truong Van Son,3.71,9.28,0,2004-12-20,CNTT,K24,0,40,59
25136109,Nguyen Van Ngoc,3.74,9.35,0,2001-04-28,CNOT,K25,0,125,78
25136110,Dang Van Vy,2.79,6.97,1,2007-05-31,KT,K22,1,111,60
25136111,Le Van Hieu,2.71,6.78,1,2004-09-02,KTPM,K24,0,85,71
25136112,Mai Thi Vy,2.97,7.43,0,2004-09-13,CNTT,K21,0,102,78
25136113,Nguyen Van Duc,2.13,5.32,1,2004-04-23,CNTT,K25,0,127,52
25136114,Vo Thi Phuc,3.3,8.25,1,2004-01-16,KTPM,K21,0,53,53
25136115,Phan Thi Chi,3.23,8.07,0,2007-01-05,KHMT,K21,0,58,84
25136116,Ngo Thi Minh,2.67,6.67,0,2007-01-12,DTVT,K23,0,90,63
25136117,Nguyen Van Minh,3.13,7.82,1,2006-05-26,CNOT,K23,0,89,72
25136118,Hoang Van Tuan,3.25,8.12,0,2001-01-23,KHMT,K25,0,114,53
25136119,Ngo Thi Trang,2.22,5.55,1,2005-06-29,CNOT,K23,1,76,91
25136120,Ngo Thi Quan,2.33,5.83,1,2002-03-12,QTKD,K21,0,47,50
25136121,Truong Van Thao,3.7,9.25,1,2003-11-03,CNTT,K25,0,34,68
25136122,Nguyen Van Nam,3.43,8.58,0,2001-05-15,QTKD,K22,0,118,70
25136123,Huynh Van Thao,2.77,6.92,0,2004-12-16,CNOT,K24,0,35,71
25136124,Pham Thi Khanh,2.81,7.03,0,2004-10-01,KHMT,K24,0,112,58
25136125,Bui Thi Linh,3.37,8.43,0,2004-06-23,QTKD,K24,1,145,73
25136126,Huynh Van Chi,3.48,8.7,1,2006-06-02,KHMT,K24,0,68,59
25136127,Pham Thi Vy,1.92,4.8,1,2005-10-03,QTKD,K21,1,127,74
25136128,Truong Van Nam,2.45,6.12,1,2001-12-18,QTKD,K25,0,41,81
25136129,Pham Thi Chi,2.7,6.75,1,2002-12-10,CNOT,K23,1,132,65
25136130,Nguyen Van Trang,3.84,9.6,1,2005-09-30,QTKD,K23,0,56,96
25136131,Dang Van Duc,2.06,5.15,0,2007-08-09,KTMT,K22,0,45,55
25136132,Pham Thi Giang,1.75,4.38,0,2004-07-15,HTTT,K21,0,109,83
25136133,Mai Thi Trang,3.6,9.0,0,2001-12-10,KTPM,K21,0,78,91
25136134,Dang Van Quan,3.22,8.05,0,2005-07-13,CNOT,K25,0,103,100
25136135,Truong Van Vy,1.85,4.62,1,2006-03-11,HTTT,K25,0,47,96
25136136,Do Van Giang,3.9,9.75,1,2002-03-14,KTPM,K24,1,113,59
25136137,Dang Van Son,3.11,7.77,0,2001-07-18,KTPM,K22,0,70,83
25136138,Huynh Van Linh,1.73,4.33,0,2002-09-07,CKM,K22,1,32,93
25136139,Hoang Van Son,3.61,9.03,1,2006-01-27,CKM,K23,0,35,97
25136140,Duong Van Thao,3.22,8.05,1,2007-10-20,HTTT,K21,0,34,92
25136141,Hoang Van Thao,1.53,3.83,1,2004-03-11,CNOT,K22,0,76,80
25136142,Dang Van Dung,2.66,6.65,1,2003-03-06,CKM,K25,1,141,52
25136143,Le Van Ngoc,3.23,8.07,1,2004-10-26,KT,K24,0,134,63
25136144,Dang Van Phuc,1.62,4.05,0,2007-08-01,CNOT,K22,0,32,78
25136145,Bui Thi Binh,3.67,9.18,0,2007-08-17,KHMT,K21,0,61,90
25136146,Pham Thi Dung,3.98,9.95,1,2005-01-14,HTTT,K21,0,119,77
25136147,Mai Thi Hai,3.75,9.38,0,2005-12-10,KHMT,K24,0,62,77
25136148,Truong Van Ngoc,1.62,4.05,0,2006-11-12,KTMT,K22,1,85,86
25136149,Vo Thi Thao,1.68,4.2,1,2006-06-12,KTPM,K23,0,62,91
25136150,Nguyen Van Dung,3.04,7.6,1,2004-11-15,KTPM,K25,0,95,75
25136151,Do Van Nam,2.43,6.08,1,2007-01-12,KHMT,K21,0,30,86
25136152,Le Van Nam,3.27,8.18,1,2007-10-13,CNOT,K23,0,99,72
25136153,Tran Thi Son,1.76,4.4,0,2002-11-16,KTMT,K21,0,73,50
25136154,Huynh Van Dung,2.11,5.27,1,2003-09-10,KT,K23,0,148,66
25136155,Ngo Thi Trang,3.32,8.3,1,2006-03-22,KHMT,K24,0,30,80
25136156,Vo Thi Quan,3.07,7.67,0,2005-04-04,QTKD,K25,0,65,53
25136157,Duong Van Chi,2.08,5.2,1,2003-04-08,DTVT,K24,1,134,77
25136158,Ngo Thi Hai,3.65,9.12,0,2002-08-30,CKM,K24,1,142,71
25136159,Truong Van Vy,3.45,8.62,0,2001-11-01,KTMT,K25,1,56,99
25136160,Le Van Linh,3.51,8.77,1,2007-06-27,CKM,K22,0,79,96
25136161,Hoang Van Khanh,1.51,3.77,1,2006-02-15,KTPM,K22,0,107,80
25136162,Nguyen Van Thao,1.83,4.58,1,2004-11-09,QTKD,K24,0,144,75
25136163,Ngo Thi Hai,1.74,4.35,1,2003-01-01,KTPM,K25,0,147,57
25136164,Bui Thi Giang,2.38,5.95,0,2007-04-25,HTTT,K25,0,104,95
25136165,Mai Thi Trang,3.46,8.65,1,2004-03-10,KTPM,K25,0,71,91
25136166,Hoang Van Binh,1.98,4.95,1,2005-04-24,CNTT,K24,0,75,50
25136167,Duong Van Vy,1.71,4.28,1,2005-11-22,QTKD,K25,0,91,58
25136168,Duong Van An,1.51,3.77,1,2005-03-19,DTVT,K25,0,120,58
25136169,Phan Thi Nam,3.2,8.0,1,2004-08-18,KT,K23,0,62,79
25136170,Le Van Ngoc,1.89,4.72,0,2004-04-03,CNOT,K22,0,37,57
25136171,Le Van Quan,1.53,3.83,0,2003-06-15,KTMT,K23,0,106,81
25136172,Pham Thi Thao,3.97,9.93,1,2002-04-22,KTPM,K22,0,115,88
25136173,Hoang Van Vy,1.68,4.2,1,2003-04-01,KT,K24,0,122,74
25136174,Nguyen Van Minh,2.55,6.38,1,2005-02-22,KTPM,K21,0,109,98
25136175,Truong Van Giang,2.16,5.4,1,2006-09-29,CNOT,K25,0,68,52
25136176,Le Van Son,1.74,4.35,1,2005-12-09,CNTT,K24,0,39,91
25136177,Duong Van Son,3.92,9.8,0,2002-12-06,CNOT,K24,0,85,89
25136178,Dang Van Quan,3.39,8.47,1,2001-04-07,CNOT,K25,0,133,65
25136179,Truong Van Ngoc,1.8,4.5,0,2007-12-09,KTMT,K22,0,31,69
25136180,Truong Van Giang,3.34,8.35,0,2007-02-09,CNOT,K23,0,72,86
25136181,Pham Thi Dung,1.82,4.55,1,2002-07-01,CNOT,K21,0,96,55
25136182,Mai Thi Hieu,3.07,7.67,1,2001-12-12,KT,K24,0,91,53
25136183,Tran Thi Linh,3.6,9.0,1,2005-12-06,KTMT,K24,0,110,97
25136184,Duong Van Hai,2.54,6.35,1,2002-07-03,KHMT,K24,0,81,56
25136185,Dang Van An,3.51,8.77,1,2004-09-10,DTVT,K25,0,82,64
25136186,Truong Van Hieu,3.27,8.18,1,2004-03-27,CKM,K24,0,68,71
25136187,Phan Thi Thao,3.57,8.92,1,2004-04-28,HTTT,K21,0,139,51
25136188,Duong Van Linh,3.22,8.05,0,2001-04-04,CNTT,K25,0,131,50
25136189,Le Van Vy,2.27,5.67,0,2001-07-20,KHMT,K23,0,32,89
25136190,Duong Van Son,2.53,6.32,0,2007-07-29,CNTT,K24,0,63,89
25136191,Vo Thi Giang,3.83,9.57,0,2005-03-05,KT,K22,0,30,53
25136192,Dang Van Binh,2.34,5.85,1,2007-03-08,CKM,K21,0,103,60
25136193,Huynh Van Khanh,3.19,7.97,1,2004-05-27,DTVT,K22,0,134,62
25136194,Ngo Thi Phuc,3.61,9.03,0,2004-05-19,KHMT,K24,0,95,74
25136195,Le Van Nam,3.83,9.57,0,2007-11-25,CKM,K25,0,68,64
25136196,Ngo Thi Quan,1.59,3.98,0,2003-05-19,KT,K25,0,128,69
25136197,Ngo Thi Binh,2.35,5.88,1,2004-08-04,DTVT,K23,0,122,55
25136198,Le Van Quan,1.87,4.68,1,2003-06-10,CNTT,K24,0,76,59
25136199,Vo Thi Ngoc,1.97,4.92,1,2004-03-18,CNOT,K21,0,34,84
25136200,Bui Thi An,2.75,6.88,0,2003-12-06,HTTT,K23,0,97,78
25136201,Hoang Van Trang,3.19,7.97,1,2002-10-22,HTTT,K22,0,31,52
25136202,Vo Thi Dung,1.52,3.8,0,2005-01-31,CNOT,K24,0,117,54
25136203,Tran Thi Ngoc,2.46,6.15,1,2005-10-26,KTPM,K24,0,115,88
25136204,Duong Van Son,1.57,3.93,0,2005-01-18,KTPM,K22,0,50,94
25136205,Phan Thi Dung,3.38,8.45,1,2001-04-27,KTMT,K24,0,48,87
25136206,Truong Van Linh,2.16,5.4,0,2007-05-22,KT,K23,0,40,96
25136207,Bui Thi Hieu,3.71,9.28,0,2004-01-10,KT,K24,0,134,68
25136208,Phan Thi Ngoc,3.96,9.9,0,2002-06-04,QTKD,K21,0,148,86
25136209,Bui Thi Khanh,2.91,7.28,1,2003-05-11,CNOT,K23,0,31,90
25136210,Duong Van Thao,3.24,8.1,0,2007-04-26,KTPM,K21,0,77,54
25136211,Dang Van Hieu,1.99,4.97,0,2001-05-05,KT,K22,0,141,83
25136212,Dang Van Son,3.4,8.5,0,2007-05-24,DTVT,K21,0,72,54
25136213,Truong Van Trang,3.02,7.55,1,2005-07-10,KHMT,K22,0,104,63
25136214,Ngo Thi Quan,3.03,7.57,1,2007-02-23,KT,K25,0,51,56
25136215,Truong Van Trang,2.81,7.03,1,2005-05-03,KHMT,K25,0,54,91
25136216,Mai Thi Duc,1.85,4.62,1,2006-04-12,KHMT,K24,0,61,52
25136217,Mai Thi Chi,3.04,7.6,0,2004-07-07,DTVT,K23,0,92,75
25136218,Le Van Khanh,3.83,9.57,0,2006-10-18,DTVT,K24,1,34,98
25136219,Le Van Quan,1.53,3.83,1,2001-01-19,CNTT,K23,1,107,90
25136220,Mai Thi Thao,3.34,8.35,0,2005-10-01,CNTT,K25,1,95,96
25136221,Do Van Binh,2.43,6.08,0,2004-05-17,KHMT,K23,0,84,98
25136222,Pham Thi Vy,3.76,9.4,1,2003-06-04,CNTT,K22,0,119,99
25136223,Dang Van Nam,3.68,9.2,1,2002-02-23,QTKD,K21,0,103,68
25136224,Bui Thi An,3.65,9.12,1,2005-01-20,DTVT,K22,0,49,76
25136225,Nguyen Van Trang,3.7,9.25,0,2002-10-31,CNTT,K22,0,111,61
25136226,Bui Thi Linh,1.84,4.6,1,2005-10-30,KHMT,K25,0,33,83
25136227,Truong Van Khanh,3.36,8.4,0,2002-08-06,HTTT,K23,0,98,74
25136228,Le Van Thao,1.63,4.07,1,2001-10-04,QTKD,K24,1,94,98
25136229,Duong Van Hai,3.82,9.55,1,2007-11-14,KTPM,K22,0,81,55
25136230,Dang Van Duc,2.21,5.53,0,2003-12-21,KTMT,K25,0,149,88
25136231,Vo Thi Giang,3.41,8.53,1,2004-05-13,KTPM,K22,0,122,52
25136232,Nguyen Van Chi,3.42,8.55,0,2007-05-30,CNTT,K22,0,58,95
25136233,Duong Van An,2.85,7.12,0,2005-04-12,KTMT,K23,0,92,75
25136234,Vo Thi Nam,2.11,5.27,1,2007-07-05,KT,K24,0,104,91
25136235,Do Van Tuan,3.96,9.9,0,2007-05-11,KT,K24,0,110,66
25136236,Hoang Van Dung,2.59,6.47,0,2001-02-21,HTTT,K25,0,142,98
25136237,Ngo Thi Thao,3.12,7.8,0,2005-10-20,DTVT,K21,0,60,66
25136238,Dang Van Duc,2.45,6.12,0,2006-12-24,CKM,K23,0,136,99
25136239,Huynh Van Thao,3.95,9.88,0,2005-09-05,CNTT,K22,1,38,66
25136240,Phan Thi Phuc,3.65,9.12,0,2005-01-02,CNOT,K22,0,82,59
25136241,Truong Van Phuc,1.82,4.55,0,2007-02-08,HTTT,K21,0,105,54
25136242,Mai Thi Hieu,3.96,9.9,1,2007-03-10,QTKD,K25,0,38,53
25136243,Dang Van Quan,2.5,6.25,0,2002-04-02,CNOT,K23,0,89,66
25136244,Duong Van Duc,3.5,8.75,1,2001-07-14,KTMT,K22,0,35,54
25136245,Mai Thi Ngoc,2.62,6.55,0,2007-09-17,HTTT,K21,0,144,82
25136246,Duong Van Ngoc,3.05,7.62,1,2002-09-20,KT,K22,0,117,85
25136247,Hoang Van Chi,3.08,7.7,0,2003-02-25,QTKD,K25,0,84,64
25136248,Hoang Van Thao,1.8,4.5,1,2005-01-12,KHMT,K22,0,44,62
25136249,Mai Thi Phuc,3.91,9.78,1,2006-12-12,CNOT,K25,0,96,95
25136250,Do Van Linh,1.72,4.3,1,2006-11-22,CNOT,K23,0,65,73
25136251,Nguyen Van Chi,3.64,9.1,1,2002-04-06,KTMT,K22,0,150,74
25136252,Ngo Thi Quan,1.64,4.1,1,2005-08-17,QTKD,K22,0,137,81
25136253,Bui Thi Phuc,3.42,8.55,1,2003-03-19,HTTT,K23,0,138,80
25136254,Pham Thi Linh,3.87,9.68,1,2006-07-15,KTPM,K25,0,77,95
25136255,Le Van Giang,2.56,6.4,1,2004-02-26,HTTT,K22,0,145,71
25136256,Vo Thi Hieu,3.17,7.92,1,2002-12-16,QTKD,K21,0,81,64
25136257,Ngo Thi Duc,2.75,6.88,1,2006-08-21,KT,K24,0,86,79
25136258,Nguyen Van Son,3.49,8.73,1,2004-06-28,DTVT,K22,0,95,75
25136259,Pham Thi Khanh,1.75,4.38,0,2006-03-21,KT,K22,0,88,92
25136260,Nguyen Van Son,2.85,7.12,1,2006-05-16,KT,K22,0,114,73
25136261,Duong Van Thao,3.12,7.8,1,2006-12-15,KHMT,K23,0,119,79
25136262,Phan Thi Binh,3.24,8.1,0,2002-05-06,KHMT,K25,0,88,93
25136263,Pham Thi Khanh,2.48,6.2,1,2006-12-26,QTKD,K23,1,100,82
25136264,Duong Van Ngoc,2.79,6.97,1,2006-07-14,QTKD,K24,0,93,77
25136265,Tran Thi Duc,2.53,6.32,1,2005-10-04,QTKD,K24,0,31,85
25136266,Bui Thi Ngoc,2.74,6.85,0,2006-07-17,KHMT,K25,0,131,59
25136267,Dang Van Giang,2.08,5.2,0,2007-07-28,CNTT,K22,0,94,85
25136268,Pham Thi Thao,2.11,5.27,0,2003-07-16,CKM,K23,0,57,91
25136269,Vo Thi Son,2.23,5.58,1,2007-12-18,CNOT,K25,0,134,96
25136270,Dang Van An,1.76,4.4,1,2007-02-16,KHMT,K21,0,122,99
25136271,Dang Van Linh,3.05,7.62,1,2007-02-03,HTTT,K24,1,104,74
25136272,Dang Van Minh,2.56,6.4,0,2001-02-12,QTKD,K24,0,76,57
25136273,Pham Thi Binh,3.53,8.82,0,2005-04-03,KT,K23,0,33,87
25136274,Do Van Ngoc,1.55,3.88,0,2005-01-04,QTKD,K21,0,92,57
25136275,Phan Thi Dung,2.01,5.02,0,2002-04-17,KTMT,K21,0,51,93
25136276,Mai Thi Binh,1.98,4.95,1,2005-12-30,KTMT,K25,1,140,88
25136277,Vo Thi Chi,2.14,5.35,1,2001-06-28,QTKD,K25,0,51,90
25136278,Nguyen Van Linh,3.04,7.6,0,2001-12-29,CKM,K25,0,142,91
25136279,Dang Van Binh,1.94,4.85,0,2005-03-08,CNOT,K24,0,59,53
25136280,Vo Thi Dung,3.8,9.5,0,2004-05-15,HTTT,K24,0,36,98
25136281,Dang Van Khanh,2.32,5.8,0,2003-09-12,CNOT,K25,0,124,52
25136282,Vo Thi Linh,1.7,4.25,1,2001-02-26,KTMT,K24,0,67,84
25136283,Dang Van Hai,3.41,8.53,0,2005-08-21,HTTT,K24,1,37,67
25136284,Vo Thi Ngoc,2.32,5.8,0,2004-09-03,HTTT,K25,0,32,73
25136285,Hoang Van Phuc,3.42,8.55,1,2007-09-08,CNTT,K24,0,34,56
25136286,Mai Thi Ngoc,2.9,7.25,1,2007-09-01,HTTT,K22,0,107,73
25136287,Pham Thi Tuan,2.63,6.57,1,2006-05-30,CNTT,K21,0,71,73
25136288,Tran Thi Tuan,2.8,7.0,0,2006-04-01,KT,K23,0,117,84
25136289,Bui Thi Giang,2.13,5.32,0,2005-09-19,KT,K21,0,110,68
25136290,Hoang Van Hieu,3.82,9.55,1,2005-11-14,HTTT,K25,0,139,90
25136291,Pham Thi Dung,3.26,8.15,0,2002-09-04,KTMT,K23,0,71,80
25136292,Do Van Son,1.82,4.55,1,2005-08-21,CNTT,K25,0,73,61
25136293,Do Van Dung,3.72,9.3,0,2002-02-02,KT,K23,0,65,82
25136294,Bui Thi Linh,3.98,9.95,1,2002-12-11,KTPM,K22,0,42,81
25136295,Huynh Van Ngoc,3.38,8.45,1,2007-08-24,KTPM,K24,0,53,52
25136296,Nguyen Van Tuan,3.59,8.97,1,2003-11-28,QTKD,K22,0,95,69
25136297,Truong Van An,3.74,9.35,0,2007-11-29,DTVT,K25,0,107,87
25136298,Do Van Hai,3.16,7.9,0,2006-10-02,HTTT,K24,0,141,100
25136299,Huynh Van Son,2.57,6.42,1,2006-06-14,QTKD,K24,0,104,100
25136300,Hoang Van Son,3.69,9.22,0,2002-03-14,KT,K25,0,64,51
25136301,Nguyen Van Dung,3.8,9.5,0,2006-04-17,KTPM,K25,0,96,73
25136302,Huynh Van Phuc,3.48,8.7,1,2003-08-22,KTMT,K22,0,68,98
25136303,Duong Van An,2.86,7.15,1,2003-08-27,KHMT,K21,0,90,88
25136304,Hoang Van An,3.18,7.95,1,2007-09-13,QTKD,K23,0,57,56
25136305,Pham Thi Linh,1.77,4.42,0,2006-08-21,HTTT,K21,0,47,89
25136306,Hoang Van Son,3.22,8.05,0,2005-01-15,CKM,K25,0,108,66
25136307,Ngo Thi Linh,3.14,7.85,1,2003-11-30,CNOT,K23,0,72,69
25136308,Phan Thi Hieu,2.64,6.6,1,2005-05-05,KT,K24,0,48,80
25136309,Mai Thi Hieu,3.69,9.22,0,2005-02-18,CNOT,K22,0,97,99
25136310,Hoang Van Ngoc,3.64,9.1,1,2001-09-09,CNTT,K24,0,68,57
25136311,Duong Van Hai,2.78,6.95,1,2003-05-10,DTVT,K24,1,89,88
25136312,Vo Thi Ngoc,2.83,7.08,0,2002-09-14,CNOT,K21,0,49,50
25136313,Bui Thi An,2.88,7.2,1,2005-10-22,HTTT,K23,0,33,94
25136314,Dang Van Khanh,3.97,9.93,0,2003-05-18,CKM,K22,0,94,89
25136315,Hoang Van Hai,1.66,4.15,0,2003-12-19,KT,K22,0,108,79
25136316,Huynh Van Giang,3.33,8.32,0,2006-09-24,QTKD,K22,0,147,77
25136317,Tran Thi Hieu,3.1,7.75,0,2005-01-15,KT,K21,0,65,64
25136318,Duong Van Khanh,3.09,7.72,0,2005-09-26,CNTT,K21,0,56,84
25136319,Mai Thi Hai,3.7,9.25,0,2004-10-13,KTMT,K23,0,78,78
25136320,Phan Thi Phuc,2.59,6.47,0,2007-10-24,KTPM,K23,0,138,86
25136321,Ngo Thi Khanh,3.18,7.95,0,2003-02-18,QTKD,K21,0,147,53
25136322,Le Van Binh,2.63,6.57,1,2002-04-28,KTPM,K24,0,125,55
25136323,Phan Thi Giang,2.3,5.75,1,2003-01-10,KT,K24,0,68,88
25136324,Le Van Binh,2.54,6.35,0,2006-07-01,KHMT,K22,0,40,77
25136325,Bui Thi Trang,3.25,8.12,0,2006-08-04,CNTT,K22,0,37,65
25136326,Do Van Hai,2.13,5.32,0,2003-09-25,CNOT,K21,0,45,81
25136327,Bui Thi Minh,3.36,8.4,1,2005-04-07,KTMT,K21,0,125,76
25136328,Pham Thi Linh,1.78,4.45,0,2001-12-15,CKM,K21,0,91,96
25136329,Do Van Chi,1.78,4.45,1,2004-01-09,HTTT,K25,0,140,57
25136330,Huynh Van Binh,2.87,7.18,1,2001-07-08,KTMT,K25,0,134,51
25136331,Vo Thi Giang,1.62,4.05,0,2002-10-07,CNTT,K24,0,144,68
25136332,Phan Thi Minh,3.29,8.22,1,2007-01-27,CKM,K25,0,87,91
25136333,Truong Van Linh,2.37,5.93,1,2006-07-07,QTKD,K23,0,118,57
25136334,Duong Van Hieu,2.85,7.12,1,2007-04-30,CNOT,K25,0,63,71
25136335,Bui Thi Nam,3.09,7.72,0,2005-05-28,KTMT,K23,0,125,67
25136336,Le Van Quan,3.96,9.9,0,2001-05-12,QTKD,K24,0,79,96
25136337,Do Van Chi,2.69,6.72,0,2005-12-24,KT,K25,0,105,58
25136338,Phan Thi Chi,2.21,5.53,1,2004-09-05,CKM,K24,0,54,90
25136339,Truong Van Thao,2.13,5.32,0,2001-09-03,CNTT,K22,1,105,81
25136340,Huynh Van Vy,1.63,4.07,1,2005-03-13,KTMT,K24,0,126,66
25136341,Duong Van Hieu,1.86,4.65,1,2006-09-24,CNTT,K22,0,121,100
25136342,Tran Thi Dung,2.48,6.2,1,2002-07-05,CNTT,K22,0,57,99
25136343,Tran Thi An,2.44,6.1,1,2007-07-24,QTKD,K24,0,104,74
25136344,Do Van Duc,2.98,7.45,1,2006-07-07,CNOT,K25,1,72,89
25136345,Dang Van Hai,2.65,6.62,0,2001-10-24,KTPM,K23,1,142,75
25136346,Le Van Giang,3.13,7.82,1,2004-09-22,CNOT,K25,0,40,88
25136347,Duong Van Ngoc,3.52,8.8,0,2004-02-21,CNOT,K23,0,91,90
25136348,Duong Van Dung,1.9,4.75,1,2007-02-07,KT,K22,0,100,52
25136349,Mai Thi Chi,2.73,6.83,0,2004-04-22,QTKD,K21,0,39,81
25136350,Duong Van Son,3.61,9.03,0,2003-08-14,CNTT,K21,0,65,79
25136351,Pham Thi Thao,2.31,5.78,1,2005-12-29,KTPM,K21,0,75,61
25136352,Truong Van Thao,2.25,5.62,0,2003-01-02,KHMT,K25,0,62,73
25136353,Hoang Van Hai,1.9,4.75,0,2004-05-20,CKM,K24,0,111,83
25136354,Ngo Thi An,1.6,4.0,0,2001-10-18,KTMT,K25,1,130,86
25136355,Phan Thi Khanh,3.94,9.85,1,2007-04-19,KTMT,K22,0,145,88
25136356,Mai Thi Son,3.57,8.92,0,2005-11-23,CKM,K21,0,95,87
25136357,Huynh Van Dung,1.77,4.42,0,2005-04-11,KT,K25,0,91,70
25136358,Nguyen Van Binh,2.8,7.0,0,2006-11-02,CNOT,K23,1,96,100
25136359,Tran Thi Linh,3.51,8.77,0,2007-08-06,KTMT,K23,0,115,85
25136360,Huynh Van Phuc,3.77,9.43,1,2007-02-09,CKM,K24,0,86,80
25136361,Huynh Van Vy,2.48,6.2,1,2001-02-07,CKM,K24,0,94,54
25136362,Pham Thi Binh,3.33,8.32,1,2001-03-25,KTPM,K22,0,49,61
25136363,Duong Van Thao,2.85,7.12,1,2003-03-04,CNOT,K22,1,144,72
25136364,Duong Van Thao,1.77,4.42,0,2005-12-18,KT,K25,1,121,90
25136365,Hoang Van Hieu,3.19,7.97,0,2003-10-11,DTVT,K25,0,140,66
25136366,Bui Thi An,3.94,9.85,1,2003-12-09,KHMT,K24,0,137,78
25136367,Huynh Van Quan,3.27,8.18,1,2007-09-17,HTTT,K23,0,140,98
25136368,Pham Thi Chi,1.74,4.35,0,2005-08-20,HTTT,K25,0,141,93
25136369,Nguyen Van Quan,2.95,7.38,1,2001-01-05,DTVT,K22,0,98,64
25136370,Pham Thi Trang,2.35,5.88,0,2007-07-10,KTMT,K25,0,61,83
25136371,Pham Thi Linh,2.6,6.5,0,2003-05-29,CNTT,K24,0,146,75
25136372,Mai Thi Nam,1.96,4.9,0,2004-08-17,CNTT,K21,0,85,90
25136373,Pham Thi Thao,3.29,8.22,1,2006-05-27,CNOT,K23,0,97,84
25136374,Tran Thi Hai,3.97,9.93,0,2003-05-11,KTPM,K21,0,140,91
25136375,Bui Thi Linh,1.53,3.83,0,2001-02-11,CKM,K21,0,92,80
25136376,Hoang Van Thao,1.91,4.77,1,2004-01-13,CKM,K21,0,82,71
25136377,Vo Thi Binh,3.13,7.82,0,2006-07-15,QTKD,K25,0,66,64
25136378,Phan Thi Son,2.55,6.38,0,2003-11-29,HTTT,K22,0,47,87
25136379,Huynh Van Phuc,2.23,5.58,1,2005-07-25,KT,K21,0,99,81
25136380,Duong Van Minh,3.5,8.75,0,2006-03-23,CKM,K22,0,139,59
25136381,Pham Thi Hai,1.71,4.28,0,2002-08-25,CNTT,K22,0,39,69
25136382,Truong Van Giang,2.86,7.15,1,2001-04-13,KTMT,K25,0,54,77
25136383,Ngo Thi Thao,2.51,6.27,0,2002-06-03,HTTT,K21,0,94,65
25136384,Dang Van Giang,3.06,7.65,1,2006-10-14,KT,K24,0,140,83
25136385,Hoang Van Ngoc,1.54,3.85,0,2005-02-19,QTKD,K22,0,48,52
25136386,Truong Van Minh,2.21,5.53,1,2004-05-26,CNOT,K21,0,51,56
25136387,Ngo Thi Khanh,2.08,5.2,0,2006-10-11,KT,K23,0,104,99
25136388,Phan Thi Tuan,3.28,8.2,1,2004-08-23,KT,K22,0,137,97
25136389,Phan Thi Phuc,3.99,9.98,1,2001-05-25,KTMT,K23,0,72,94
25136390,Ngo Thi Binh,2.93,7.33,1,2006-01-25,KTPM,K22,0,90,89
25136391,Mai Thi Hieu,3.04,7.6,0,2007-12-08,CNTT,K24,0,77,60
25136392,Tran Thi Minh,3.25,8.12,0,2004-12-01,CNTT,K24,1,150,78
25136393,Nguyen Van Trang,2.19,5.47,0,2001-12-15,KT,K25,0,126,51
25136394,Le Van Chi,1.91,4.77,1,2004-06-25,KT,K25,0,148,53
25136395,Le Van Quan,1.99,4.97,1,2005-12-01,DTVT,K25,0,33,88
25136396,Bui Thi Tuan,2.19,5.47,1,2003-10-15,KTMT,K24,0,122,57
25136397,Duong Van Ngoc,3.46,8.65,0,2003-10-16,CKM,K21,0,58,97
25136398,Le Van Ngoc,2.53,6.32,0,2005-04-18,KTMT,K23,0,92,76
25136399,Bui Thi Nam,2.4,6.0,0,2005-10-15,CKM,K25,0,60,92
25136400,Mai Thi Trang,3.38,8.45,1,2003-01-02,KHMT,K24,0,127,95
25136401,Duong Van Giang,3.9,9.75,0,2007-03-06,CKM,K22,0,141,67
25136402,Phan Thi Khanh,2.44,6.1,1,2004-10-30,KTPM,K25,0,36,78
25136403,Phan Thi Vy,2.91,7.28,1,2007-05-12,HTTT,K22,0,127,97
25136404,Duong Van Minh,3.43,8.58,0,2004-04-22,HTTT,K25,0,97,92
25136405,Huynh Van Duc,1.64,4.1,0,2004-12-23,CNTT,K25,0,113,58
25136406,Le Van Minh,1.6,4.0,1,2001-03-23,CNTT,K22,0,89,61
25136407,Ngo Thi Khanh,3.88,9.7,1,2002-05-21,KTMT,K24,0,74,60
25136408,Dang Van Khanh,1.58,3.95,0,2006-11-22,DTVT,K24,0,43,50
25136409,Pham Thi Quan,1.72,4.3,0,2005-05-18,DTVT,K22,0,32,88
25136410,Phan Thi Phuc,1.6,4.0,0,2005-07-14,CNTT,K23,0,54,81
25136411,Pham Thi Linh,3.26,8.15,1,2006-07-14,DTVT,K22,0,136,69
25136412,Phan Thi Quan,1.83,4.58,0,2002-03-20,HTTT,K25,0,82,74
25136413,Pham Thi Linh,1.75,4.38,1,2006-11-09,QTKD,K25,0,100,80
25136414,Le Van Trang,2.47,6.18,1,2001-06-15,CKM,K23,0,89,59
25136415,Le Van Giang,1.69,4.22,0,2006-03-04,KTMT,K22,0,86,54
25136416,Nguyen Van An,3.38,8.45,0,2002-12-19,KT,K21,1,46,53
25136417,Le Van Ngoc,3.88,9.7,1,2005-09-27,QTKD,K23,0,146,89
25136418,Duong Van Thao,1.89,4.72,1,2002-07-31,HTTT,K25,0,33,80
25136419,Truong Van Thao,3.09,7.72,1,2005-07-16,HTTT,K21,0,90,81
25136420,Dang Van Minh,2.1,5.25,1,2004-06-10,CKM,K21,0,79,67
25136421,Mai Thi Khanh,1.93,4.83,1,2004-01-06,KT,K22,0,38,76
25136422,Huynh Van Phuc,3.75,9.38,0,2003-01-03,CKM,K24,0,91,54
25136423,Dang Van Quan,2.87,7.18,0,2005-01-21,DTVT,K22,0,63,69
25136424,Phan Thi Phuc,2.91,7.28,1,2003-10-08,CNTT,K22,0,131,74
25136425,Duong Van Ngoc,3.57,8.92,1,2005-09-08,KHMT,K23,0,140,58
25136426,Ngo Thi Son,2.15,5.38,1,2007-12-23,KHMT,K22,0,133,50
25136427,Bui Thi An,2.66,6.65,1,2005-12-26,HTTT,K24,0,50,85
25136428,Huynh Van Quan,1.66,4.15,1,2001-05-25,KT,K21,0,117,80
25136429,Phan Thi Thao,2.27,5.67,1,2002-04-08,KTPM,K21,0,64,98
25136430,Le Van Linh,3.69,9.22,1,2003-03-20,QTKD,K22,0,132,72
25136431,Dang Van Chi,3.81,9.53,1,2005-12-01,QTKD,K24,0,139,77
25136432,Bui Thi Dung,2.24,5.6,0,2005-07-17,CKM,K23,0,149,85
25136433,Bui Thi Son,3.15,7.88,0,2007-04-17,KHMT,K22,0,62,67
25136434,Nguyen Van Son,1.92,4.8,0,2002-11-14,KTMT,K22,0,31,59
25136435,Tran Thi Phuc,3.64,9.1,0,2002-09-22,DTVT,K24,0,71,72
25136436,Truong Van Tuan,3.07,7.67,0,2003-08-03,CNTT,K24,0,128,83
25136437,Duong Van Vy,2.08,5.2,1,2002-07-09,KT,K25,0,70,71
25136438,Tran Thi Quan,2.23,5.58,0,2005-08-07,CNOT,K23,0,33,50
25136439,Hoang Van Thao,1.51,3.77,1,2007-09-09,CNOT,K23,0,132,89
25136440,Huynh Van Trang,3.67,9.18,0,2002-10-15,KT,K23,1,46,66
25136441,Le Van Tuan,3.64,9.1,1,2005-08-01,CNTT,K25,1,146,100
25136442,Tran Thi Nam,3.84,9.6,0,2002-02-20,QTKD,K25,0,94,87
25136443,Mai Thi Phuc,3.82,9.55,1,2005-10-28,QTKD,K23,0,123,77
25136444,Vo Thi Chi,2.12,5.3,0,2006-03-22,KHMT,K22,0,116,85
25136445,Truong Van Nam,2.83,7.08,1,2006-10-12,CKM,K24,0,141,71
25136446,Tran Thi An,1.56,3.9,0,2007-04-21,DTVT,K24,1,44,65
25136447,Vo Thi Chi,3.54,8.85,0,2005-07-26,HTTT,K21,1,60,65
25136448,Do Van Hai,2.05,5.12,0,2004-08-20,QTKD,K23,0,49,70
25136449,Duong Van Hai,3.13,7.82,1,2004-03-03,CNTT,K22,0,78,50
25136450,Duong Van Thao,2.44,6.1,0,2002-03-14,KT,K23,0,90,54
25136451,Phan Thi Minh,2.92,7.3,0,2005-12-12,CKM,K25,0,86,96
25136452,Huynh Van Hieu,2.5,6.25,1,2003-10-28,KTPM,K22,0,71,62
25136453,Ngo Thi Tuan,2.02,5.05,0,2007-02-28,DTVT,K21,0,150,91
25136454,Duong Van Tuan,3.62,9.05,0,2003-09-14,KHMT,K25,0,71,82
25136455,Hoang Van Tuan,3.85,9.62,1,2003-09-10,CNOT,K24,0,66,73
25136456,Le Van An,1.64,4.1,1,2003-10-21,KHMT,K21,0,142,52
25136457,Ngo Thi Hai,3.49,8.73,1,2003-10-06,KHMT,K25,0,36,59
25136458,Truong Van Vy,2.61,6.52,0,2006-12-30,DTVT,K23,0,106,99
25136459,Vo Thi Quan,2.5,6.25,1,2006-07-31,DTVT,K25,0,130,67
25136460,Mai Thi Chi,3.97,9.93,1,2004-03-17,HTTT,K25,0,132,79
25136461,Phan Thi Binh,2.61,6.52,0,2007-06-12,CNOT,K21,0,97,75
25136462,Hoang Van Vy,2.8,7.0,1,2004-04-07,KTPM,K21,0,62,60
25136463,Hoang Van An,3.34,8.35,0,2003-12-16,CNOT,K24,1,96,68
25136464,Truong Van Quan,2.12,5.3,1,2006-08-29,KT,K21,0,57,63
25136465,Truong Van Tuan,3.84,9.6,1,2005-12-25,KHMT,K22,1,60,89
25136466,Mai Thi Trang,2.13,5.32,0,2007-10-05,QTKD,K24,0,112,98
25136467,Le Van Phuc,3.3,8.25,0,2003-12-10,HTTT,K21,0,137,99
25136468,Phan Thi Phuc,2.56,6.4,0,2007-01-25,HTTT,K22,0,88,79
25136469,Do Van Duc,3.44,8.6,0,2003-08-22,CKM,K25,0,43,55
25136470,Hoang Van Duc,3.75,9.38,1,2002-01-24,KT,K22,0,135,53
25136471,Ngo Thi Phuc,2.0,5.0,0,2003-04-23,KTMT,K23,0,77,84
25136472,Pham Thi Linh,1.69,4.22,1,2004-02-22,CNOT,K24,0,150,77
25136473,Vo Thi Tuan,3.5,8.75,1,2005-02-11,CNOT,K24,0,99,54
25136474,Truong Van Duc,3.86,9.65,0,2001-01-23,KTPM,K22,0,58,78
25136475,Ngo Thi Hieu,2.0,5.0,0,2001-12-23,KTMT,K24,1,41,52
25136476,Tran Thi Nam,2.63,6.57,0,2002-02-02,DTVT,K24,0,80,54
25136477,Huynh Van Binh,2.23,5.58,1,2006-05-24,KTPM,K24,0,79,70
25136478,Bui Thi Nam,1.8,4.5,0,2006-03-23,QTKD,K25,0,65,89
25136479,Huynh Van Phuc,2.6,6.5,1,2007-05-20,CNOT,K22,0,30,70
25136480,Huynh Van Chi,2.03,5.07,1,2006-01-31,QTKD,K21,0,53,58
25136481,Ngo Thi Chi,3.54,8.85,0,2002-02-24,CNOT,K24,0,107,70
25136482,Duong Van Thao,3.16,7.9,1,2006-07-18,HTTT,K22,0,108,86
25136483,Pham Thi Binh,2.23,5.58,0,2004-09-07,KT,K21,0,110,57
25136484,Hoang Van Hai,3.67,9.18,1,2004-12-05,CNTT,K23,0,102,51
25136485,Ngo Thi Ngoc,3.7,9.25,1,2006-05-22,DTVT,K25,0,120,92
25136486,Huynh Van Son,3.16,7.9,0,2001-12-09,CNTT,K22,0,55,90
25136487,Huynh Van Nam,2.54,6.35,1,2001-02-28,KTPM,K24,0,55,85
25136488,Do Van Chi,2.62,6.55,1,2005-07-20,KT,K22,0,97,100
25136489,Truong Van Phuc,1.81,4.53,0,2001-03-16,KTMT,K24,0,117,80
25136490,Duong Van Ngoc,3.13,7.82,1,2004-04-12,KHMT,K25,0,92,53
25136491,Pham Thi Nam,3.23,8.07,0,2007-12-27,HTTT,K23,0,132,73
25136492,Do Van Ngoc,2.89,7.23,0,2006-04-08,KHMT,K25,0,134,71
25136493,Huynh Van Giang,3.59,8.97,0,2001-11-26,DTVT,K24,1,117,98
25136494,Pham Thi Son,2.07,5.17,0,2005-03-04,KTPM,K21,0,33,86
25136495,Mai Thi Hai,2.97,7.43,0,2002-09-18,HTTT,K25,1,119,88
25136496,Huynh Van Linh,3.69,9.22,1,2006-06-03,KTPM,K24,0,102,70
25136497,Mai Thi Nam,2.73,6.83,1,2001-07-23,DTVT,K25,0,88,67
25136498,Tran Thi Quan,1.67,4.17,0,2005-10-26,HTTT,K23,0,137,73
25136499,Duong Van Hieu,2.01,5.02,0,2004-03-03,CNOT,K25,0,96,70
25136500,Bui Thi Hai,1.81,4.53,1,2004-04-15,HTTT,K25,0,83,78
25136501,Pham Thi Son,2.95,7.38,0,2005-11-27,KHMT,K21,0,107,50
25136502,Bui Thi Vy,2.89,7.23,0,2005-07-12,KT,K25,0,103,54
25136503,Tran Thi Quan,2.78,6.95,1,2006-05-29,KTPM,K22,1,75,68
25136504,Nguyen Van Linh,1.57,3.93,0,2004-03-26,DTVT,K23,1,68,59
25136505,Le Van Vy,1.77,4.42,1,2006-08-05,HTTT,K24,0,89,64
25136506,Tran Thi Minh,2.43,6.08,0,2006-08-08,CKM,K21,0,52,89
25136507,Duong Van Vy,3.61,9.03,1,2003-03-05,HTTT,K22,0,61,62
25136508,Tran Thi Minh,1.96,4.9,1,2002-09-24,KTPM,K24,0,134,99
25136509,Pham Thi Thao,2.76,6.9,1,2001-11-04,QTKD,K21,0,148,85
25136510,Tran Thi Tuan,2.94,7.35,1,2003-03-07,HTTT,K22,1,30,84
25136511,Duong Van Minh,2.66,6.65,1,2001-10-31,KHMT,K21,0,90,63
25136512,Mai Thi Trang,2.22,5.55,0,2005-05-20,CNTT,K23,0,41,52
25136513,Le Van Hai,3.63,9.07,1,2005-12-04,CKM,K22,0,87,82
25136514,Phan Thi Hieu,3.0,7.5,0,2007-06-03,QTKD,K25,0,138,73
25136515,Dang Van Trang,1.73,4.33,0,2006-07-22,KTMT,K21,0,145,91
25136516,Truong Van Nam,3.47,8.68,1,2003-04-01,CKM,K25,0,47,69
25136517,Do Van Vy,3.65,9.12,0,2005-01-10,QTKD,K21,1,108,68
25136518,Mai Thi Chi,2.95,7.38,1,2005-03-31,HTTT,K24,0,91,60
25136519,Truong Van Binh,2.38,5.95,1,2004-02-06,HTTT,K21,0,79,77
25136520,Phan Thi Khanh,1.71,4.28,0,2003-03-29,CKM,K24,0,142,50
25136521,Do Van Khanh,1.87,4.68,0,2001-03-11,KHMT,K21,0,119,53
25136522,Huynh Van Thao,3.69,9.22,0,2005-02-25,CKM,K22,1,124,50
25136523,Duong Van An,1.99,4.97,1,2002-09-10,DTVT,K23,0,134,87
25136524,Tran Thi Trang,2.05,5.12,0,2006-07-09,QTKD,K24,0,37,83
25136525,Do Van Duc,3.96,9.9,1,2004-10-10,KHMT,K25,0,105,68
25136526,Pham Thi An,1.96,4.9,0,2006-12-28,KT,K22,0,115,73
25136527,Phan Thi Linh,2.27,5.67,0,2007-09-12,CNOT,K24,1,89,92
25136528,Dang Van Khanh,3.24,8.1,1,2003-10-31,CNTT,K25,0,103,100
25136529,Le Van Dung,3.52,8.8,0,2004-07-16,CNOT,K25,0,77,58
25136530,Duong Van Binh,3.84,9.6,1,2005-10-24,DTVT,K22,0,101,60
25136531,Duong Van Ngoc,2.62,6.55,0,2007-07-15,CNTT,K24,0,60,59
25136532,Le Van Thao,2.85,7.12,1,2004-08-22,DTVT,K21,0,86,97
25136533,Pham Thi Binh,2.68,6.7,0,2006-05-17,QTKD,K25,0,59,99
25136534,Le Van Thao,2.25,5.62,0,2006-11-29,KHMT,K23,0,40,52
25136535,Truong Van Tuan,1.84,4.6,0,2001-11-29,CKM,K22,0,104,61
25136536,Bui Thi Nam,2.17,5.42,0,2005-09-22,CNOT,K21,0,118,82
25136537,Truong Van Giang,3.47,8.68,0,2006-10-17,CKM,K24,0,91,82
25136538,Tran Thi Trang,1.99,4.97,0,2006-05-30,KT,K23,1,145,72
25136539,Truong Van Dung,2.61,6.52,1,2002-07-02,DTVT,K21,0,83,84
25136540,Le Van Trang,2.83,7.08,0,2003-10-02,HTTT,K24,0,55,95
25136541,Bui Thi Giang,1.85,4.62,0,2001-02-10,DTVT,K24,0,127,95
25136542,Tran Thi Khanh,3.86,9.65,0,2005-07-15,DTVT,K24,0,86,51
25136543,Do Van Hai,2.93,7.33,1,2002-02-07,QTKD,K24,0,93,93
25136544,Le Van Tuan,3.15,7.88,1,2006-05-03,QTKD,K21,0,48,79
25136545,Mai Thi Vy,2.8,7.0,1,2001-11-17,KHMT,K22,0,51,92
25136546,Phan Thi Minh,1.53,3.83,1,2005-07-09,KT,K21,0,137,83
25136547,Mai Thi Thao,3.15,7.88,1,2003-07-15,CKM,K25,0,124,80
25136548,Dang Van Minh,3.31,8.28,0,2004-10-18,HTTT,K21,0,55,93
25136549,Huynh Van Nam,2.08,5.2,0,2004-11-09,KT,K23,1,148,87
25136550,Do Van Nam,2.62,6.55,0,2001-12-19,QTKD,K25,0,70,71
25136551,Vo Thi An,3.35,8.38,1,2006-11-18,HTTT,K21,0,31,76
25136552,Huynh Van Vy,3.93,9.83,1,2006-12-03,HTTT,K22,0,133,55
25136553,Dang Van Vy,1.98,4.95,0,2007-11-13,CNOT,K25,0,92,73
25136554,Mai Thi Tuan,3.3,8.25,0,2006-11-06,KT,K25,0,37,85
25136555,Dang Van Nam,2.37,5.93,0,2004-07-26,KHMT,K21,1,126,81
25136556,Nguyen Van Khanh,2.54,6.35,1,2005-10-13,CNOT,K21,0,63,54
25136557,Duong Van Minh,1.74,4.35,1,2005-09-04,KT,K24,0,83,100
25136558,Truong Van An,2.2,5.5,1,2005-07-29,KTPM,K25,0,114,84
25136559,Vo Thi Hieu,2.59,6.47,0,2002-04-26,CNTT,K23,0,150,51
25136560,Truong Van Ngoc,3.43,8.58,0,2004-05-30,QTKD,K23,0,80,53
25136561,Hoang Van Dung,3.88,9.7,1,2002-12-17,CNTT,K21,0,51,68
25136562,Truong Van Vy,4.0,10.0,1,2004-12-09,HTTT,K22,0,48,63
25136563,Tran Thi Quan,1.86,4.65,0,2003-11-20,CNTT,K25,0,68,92
25136564,Do Van Dung,1.8,4.5,0,2001-08-15,KTPM,K22,0,134,79
25136565,Nguyen Van An,2.45,6.12,0,2006-11-02,CKM,K22,0,32,76
25136566,Hoang Van Quan,3.89,9.72,1,2007-02-18,KT,K21,0,109,60
25136567,Dang Van Trang,1.9,4.75,1,2003-01-07,HTTT,K23,0,74,57
25136568,Dang Van Binh,2.64,6.6,0,2004-01-17,QTKD,K23,0,81,98
25136569,Nguyen Van Minh,2.1,5.25,1,2006-03-02,KT,K23,0,66,74
25136570,Pham Thi Phuc,3.56,8.9,0,2001-08-31,CKM,K21,1,93,74
25136571,Truong Van Trang,2.83,7.08,0,2005-01-04,CKM,K23,0,56,81
25136572,Nguyen Van Hieu,3.1,7.75,1,2001-06-08,HTTT,K25,0,52,59
25136573,Tran Thi Vy,2.38,5.95,1,2007-05-04,KT,K23,1,74,58
25136574,Do Van Nam,1.75,4.38,0,2003-08-31,KTPM,K21,0,141,84
25136575,Nguyen Van Hai,3.58,8.95,1,2005-06-14,KHMT,K21,0,49,78
25136576,Hoang Van Linh,1.78,4.45,1,2002-10-04,KHMT,K23,0,91,64
25136577,Le Van Quan,3.38,8.45,0,2007-06-19,CNTT,K22,0,100,54
25136578,Vo Thi Chi,2.01,5.02,1,2003-06-14,CKM,K23,0,137,82
25136579,Truong Van Chi,3.08,7.7,0,2005-06-07,CNTT,K23,0,104,72
25136580,Truong Van Hai,3.02,7.55,0,2007-07-27,CNOT,K25,0,103,51
25136581,Tran Thi Ngoc,3.64,9.1,0,2003-03-11,CKM,K22,0,106,83
25136582,Truong Van Chi,2.5,6.25,0,2006-01-12,HTTT,K22,0,102,81
25136583,Nguyen Van Khanh,2.24,5.6,1,2007-08-28,DTVT,K23,0,116,59
25136584,Duong Van Hieu,2.06,5.15,1,2001-06-26,KHMT,K25,0,76,75
25136585,Mai Thi Hieu,2.07,5.17,0,2003-12-06,CNTT,K21,0,103,66
25136586,Ngo Thi Phuc,3.49,8.73,1,2005-03-24,KTPM,K24,0,54,62
25136587,Ngo Thi Minh,1.71,4.28,0,2005-03-10,CNOT,K23,1,31,74
25136588,Vo Thi Phuc,2.68,6.7,0,2004-01-07,CNTT,K23,0,64,73
25136589,Nguyen Van Minh,2.17,5.42,1,2001-01-25,QTKD,K22,0,117,64
25136590,Tran Thi An,2.92,7.3,0,2002-02-23,KT,K24,0,39,76
25136591,Dang Van Khanh,2.8,7.0,0,2005-07-14,KT,K23,1,66,51
25136592,Tran Thi Tuan,3.46,8.65,1,2001-01-15,CKM,K25,0,134,97
25136593,Truong Van Thao,2.6,6.5,1,2004-02-03,QTKD,K23,0,72,67
25136594,Vo Thi Vy,1.8,4.5,0,2006-09-07,CNTT,K25,0,90,94
25136595,Do Van Nam,2.32,5.8,0,2007-02-20,DTVT,K21,1,150,64
25136596,Bui Thi Ngoc,2.53,6.32,1,2002-09-17,CNTT,K24,0,96,68
25136597,Hoang Van Dung,3.42,8.55,0,2003-02-28,KTMT,K22,0,126,97
25136598,Bui Thi Vy,2.75,6.88,0,2007-05-08,KTMT,K24,0,80,52
25136599,Huynh Van Phuc,1.98,4.95,1,2003-10-21,HTTT,K24,0,150,75
25136600,Huynh Van Quan,2.17,5.42,1,2006-02-21,KTMT,K22,0,145,67
25136601,Bui Thi Son,2.14,5.35,0,2007-03-04,KT,K22,1,54,60
25136602,Nguyen Van Tuan,2.6,6.5,0,2004-02-10,HTTT,K23,0,132,67
25136603,Huynh Van Dung,1.9,4.75,1,2002-10-26,HTTT,K23,1,82,73
25136604,Dang Van Tuan,2.48,6.2,1,2002-01-09,KTMT,K21,1,36,51
25136605,Bui Thi Chi,2.44,6.1,0,2001-08-24,KT,K25,0,128,77
25136606,Mai Thi Giang,2.77,6.92,1,2002-08-08,KTMT,K22,0,122,85
25136607,Do Van Phuc,1.85,4.62,1,2005-12-01,HTTT,K24,0,89,69
25136608,Nguyen Van Vy,2.96,7.4,1,2003-10-28,DTVT,K21,1,119,84
25136609,Mai Thi Trang,2.8,7.0,1,2001-09-22,KT,K22,1,112,87
25136610,Phan Thi Chi,3.15,7.88,0,2006-01-17,QTKD,K23,0,115,95
25136611,Do Van Hai,2.99,7.48,0,2007-10-26,DTVT,K25,0,64,100
25136612,Truong Van Quan,3.91,9.78,0,2006-07-14,QTKD,K25,0,48,72
25136613,Le Van Minh,2.41,6.03,0,2007-08-20,CNTT,K23,0,139,52
25136614,Tran Thi Ngoc,1.87,4.68,0,2007-09-01,HTTT,K24,0,57,92
25136615,Le Van Vy,2.06,5.15,0,2004-09-18,KTPM,K23,0,68,97
25136616,Duong Van Thao,2.7,6.75,0,2005-01-31,KHMT,K23,0,90,83
25136617,Nguyen Van Binh,2.64,6.6,1,2005-04-27,HTTT,K21,0,34,68
25136618,Ngo Thi Hai,2.44,6.1,0,2001-11-25,HTTT,K22,0,136,89
25136619,Truong Van Son,2.56,6.4,1,2002-04-21,KTPM,K22,0,143,98
25136620,Tran Thi Vy,3.56,8.9,0,2001-08-22,DTVT,K22,0,99,74
25136621,Vo Thi Dung,2.78,6.95,0,2003-12-15,KTPM,K24,0,59,78
25136622,Tran Thi Chi,3.89,9.72,0,2002-02-18,KTPM,K24,0,148,57
25136623,Nguyen Van Son,3.56,8.9,0,2003-10-11,QTKD,K23,0,107,57
25136624,Vo Thi Son,3.59,8.97,1,2007-11-04,KTPM,K25,0,86,95
25136625,Phan Thi Thao,1.68,4.2,1,2006-01-29,QTKD,K24,0,46,77
25136626,Huynh Van Quan,2.16,5.4,1,2004-10-01,KTPM,K21,0,133,54
25136627,Nguyen Van Khanh,2.34,5.85,1,2004-11-20,QTKD,K21,0,101,93
25136628,Hoang Van Nam,3.81,9.53,0,2003-07-21,DTVT,K23,0,134,70
25136629,Hoang Van Trang,3.94,9.85,1,2007-03-27,CNTT,K22,1,108,69
25136630,Pham Thi Chi,3.08,7.7,0,2005-09-25,CNOT,K22,0,120,57
25136631,Mai Thi Khanh,1.93,4.83,1,2007-05-04,KTMT,K25,1,117,79
25136632,Huynh Van Thao,1.57,3.93,1,2006-02-10,DTVT,K25,0,52,81
25136633,Vo Thi Tuan,3.94,9.85,1,2004-11-09,CNTT,K25,0,88,65
25136634,Le Van Binh,2.54,6.35,0,2003-11-30,KT,K23,0,50,95
25136635,Dang Van Vy,1.58,3.95,1,2002-01-13,DTVT,K25,0,138,54
25136636,Huynh Van Ngoc,1.83,4.58,0,2003-05-11,KHMT,K22,0,58,59
25136637,Ngo Thi Vy,3.82,9.55,1,2005-04-19,QTKD,K23,0,72,50
25136638,Duong Van Linh,3.55,8.88,0,2005-06-07,QTKD,K22,0,128,97
25136639,Phan Thi An,3.98,9.95,1,2002-08-17,QTKD,K23,0,117,86
25136640,Truong Van Trang,2.2,5.5,1,2006-07-24,HTTT,K24,0,76,96
25136641,Nguyen Van Giang,3.46,8.65,1,2005-09-22,CNOT,K21,1,83,55
25136642,Bui Thi Minh,3.03,7.57,0,2002-07-18,DTVT,K24,0,34,60
25136643,Nguyen Van Phuc,2.41,6.03,0,2005-10-29,CNOT,K22,1,141,96
25136644,Dang Van Trang,3.46,8.65,1,2007-09-23,CNTT,K23,1,130,69
25136645,Mai Thi Hieu,2.03,5.07,0,2003-09-05,DTVT,K22,0,107,66
25136646,Phan Thi Trang,2.26,5.65,1,2002-06-03,KT,K24,0,77,66
25136647,Do Van An,2.27,5.67,0,2004-11-26,QTKD,K22,1,69,53
25136648,Duong Van Dung,1.73,4.33,1,2004-10-08,CNTT,K22,1,132,76
25136649,Ngo Thi Son,3.81,9.53,0,2006-05-05,HTTT,K24,0,78,96
25136650,Pham Thi Trang,1.76,4.4,0,2006-12-24,CNOT,K22,0,81,80
25136651,Huynh Van Trang,3.22,8.05,1,2003-04-27,CKM,K24,0,59,54
25136652,Vo Thi An,2.19,5.47,0,2006-04-18,KHMT,K21,0,105,70
25136653,Mai Thi Hai,3.6,9.0,0,2001-03-10,CNOT,K24,0,111,52
25136654,Nguyen Van Hai,3.15,7.88,1,2002-09-17,KHMT,K21,1,102,73
25136655,Truong Van Thao,3.24,8.1,1,2001-10-25,DTVT,K24,0,85,85
25136656,Duong Van Chi,2.43,6.08,0,2001-10-21,KT,K21,0,93,67
25136657,Tran Thi An,2.95,7.38,0,2006-10-08,KT,K22,0,81,90
25136658,Nguyen Van Thao,2.45,6.12,0,2005-08-24,KHMT,K23,0,30,97
25136659,Do Van Khanh,3.07,7.67,0,2005-12-12,CNTT,K22,1,94,94
25136660,Dang Van Quan,1.89,4.72,1,2002-11-10,CNTT,K21,0,144,66
25136661,Bui Thi Thao,2.64,6.6,1,2006-04-09,CNTT,K22,0,40,54
25136662,Duong Van Phuc,2.2,5.5,0,2004-05-23,CNOT,K24,0,47,95
25136663,Vo Thi Giang,3.56,8.9,0,2002-12-27,CKM,K21,0,104,54
25136664,Vo Thi Ngoc,1.93,4.83,1,2002-12-07,KTMT,K21,0,147,77
25136665,Do Van Tuan,2.83,7.08,1,2005-03-09,CKM,K22,0,50,86
25136666,Tran Thi Dung,2.92,7.3,1,2005-04-17,CNOT,K23,0,89,67
25136667,Le Van Phuc,3.22,8.05,0,2001-03-12,CKM,K24,0,52,99
25136668,Truong Van Son,3.79,9.47,1,2003-08-07,KTMT,K23,0,57,100
25136669,Do Van Hieu,3.01,7.52,1,2006-01-31,QTKD,K24,0,46,55
25136670,Bui Thi Nam,2.31,5.78,1,2001-06-21,KHMT,K22,0,132,96
25136671,Do Van Hieu,2.45,6.12,0,2005-04-11,CKM,K21,0,87,95
25136672,Hoang Van Duc,2.93,7.33,0,2003-12-20,CNTT,K22,0,136,74
25136673,Huynh Van Nam,1.89,4.72,0,2005-12-29,KHMT,K25,0,67,64
25136674,Duong Van Thao,2.4,6.0,0,2002-07-05,DTVT,K25,0,70,90
25136675,Tran Thi Thao,2.56,6.4,1,2006-06-21,QTKD,K24,0,121,77
25136676,Pham Thi Hieu,3.24,8.1,0,2003-09-03,CNTT,K22,1,87,74
25136677,Ngo Thi Giang,3.96,9.9,0,2006-12-10,KT,K22,0,84,67
25136678,Mai Thi Chi,2.42,6.05,1,2002-03-04,CNOT,K25,0,48,54
25136679,Ngo Thi Phuc,1.9,4.75,1,2001-12-03,CNOT,K24,0,33,89
25136680,Dang Van Thao,1.7,4.25,0,2006-09-11,QTKD,K21,0,84,66
25136681,Pham Thi Linh,2.35,5.88,0,2003-09-25,DTVT,K24,0,107,85
25136682,Bui Thi Minh,2.92,7.3,1,2007-04-13,KTMT,K25,0,92,80
25136683,Bui Thi Trang,3.97,9.93,1,2002-12-09,KTMT,K25,0,62,61
25136684,Do Van Quan,1.77,4.42,0,2007-10-15,HTTT,K22,0,94,90
25136685,Pham Thi Phuc,1.92,4.8,0,2001-09-30,KHMT,K25,0,113,85
25136686,Nguyen Van Tuan,3.08,7.7,0,2002-11-23,KTPM,K24,0,34,100
25136687,Truong Van Hai,3.13,7.82,0,2002-01-21,QTKD,K24,0,55,83
25136688,Mai Thi Nam,2.17,5.42,0,2005-05-29,KT,K24,0,135,88
25136689,Vo Thi Linh,2.31,5.78,0,2002-01-25,KHMT,K23,0,101,85
25136690,Vo Thi Nam,3.2,8.0,1,2003-06-12,KT,K25,0,90,58
25136691,Phan Thi Son,3.36,8.4,1,2003-05-10,KTPM,K23,0,44,75
25136692,Do Van Minh,1.88,4.7,1,2004-08-03,KHMT,K24,0,81,81
25136693,Bui Thi Nam,3.98,9.95,0,2002-05-24,KTPM,K25,0,145,59
25136694,Ngo Thi Dung,3.29,8.22,0,2003-10-12,KT,K23,1,56,67
25136695,Vo Thi Son,1.59,3.98,0,2003-07-10,KHMT,K23,0,104,96
25136696,Le Van Minh,3.16,7.9,1,2007-05-22,DTVT,K21,1,36,60
25136697,Bui Thi Duc,3.2,8.0,1,2007-06-23,HTTT,K23,1,65,75
25136698,Mai Thi Dung,3.98,9.95,0,2003-05-06,HTTT,K22,1,139,55
25136699,Phan Thi Hai,2.0,5.0,1,2007-02-14,QTKD,K22,0,30,85
25136700,Le Van Duc,2.58,6.45,1,2005-12-08,CNTT,K24,0,30,94
25136701,Nguyen Van Nam,1.83,4.58,0,2007-12-02,CNOT,K23,0,105,72
25136702,Nguyen Van Tuan,3.61,9.03,1,2003-05-12,KHMT,K23,0,131,89
25136703,Phan Thi Vy,3.58,8.95,1,2004-01-19,CKM,K22,0,143,94
25136704,Tran Thi Khanh,1.74,4.35,0,2004-10-08,DTVT,K25,0,132,99
25136705,Vo Thi Minh,3.24,8.1,0,2003-05-09,QTKD,K22,0,71,73
25136706,Ngo Thi Vy,3.84,9.6,0,2003-04-23,CNTT,K22,0,83,98
25136707,Do Van Dung,2.4,6.0,1,2004-03-08,KHMT,K25,0,107,85
25136708,Huynh Van Binh,2.33,5.83,0,2006-03-05,HTTT,K25,0,119,54
25136709,Dang Van Nam,3.28,8.2,1,2005-09-22,KT,K25,0,33,65
25136710,Duong Van Minh,3.97,9.93,1,2003-09-03,CKM,K21,0,114,75
25136711,Nguyen Van Dung,2.34,5.85,1,2003-03-05,CKM,K21,0,140,57
25136712,Vo Thi Quan,3.92,9.8,0,2001-09-20,HTTT,K24,1,127,75
25136713,Truong Van Quan,2.29,5.72,1,2003-08-26,KTMT,K21,0,77,68
25136714,Dang Van Chi,3.22,8.05,1,2006-04-09,KTMT,K22,0,63,88
25136715,Do Van Giang,3.78,9.45,0,2007-04-28,HTTT,K21,0,67,86
25136716,Do Van Giang,1.55,3.88,1,2003-04-11,CNTT,K22,0,147,80
25136717,Do Van Ngoc,1.66,4.15,0,2006-09-08,KTPM,K24,0,72,70
25136718,Bui Thi Binh,2.14,5.35,1,2006-04-04,CNTT,K22,0,31,62
25136719,Pham Thi Giang,2.59,6.47,1,2004-10-25,KHMT,K23,0,108,66
25136720,Do Van Chi,3.92,9.8,1,2006-11-17,KHMT,K22,0,85,75
25136721,Bui Thi Giang,2.76,6.9,0,2001-01-16,CNOT,K22,0,74,96
25136722,Pham Thi Chi,1.96,4.9,1,2007-06-07,CKM,K22,0,99,99
25136723,Dang Van Ngoc,2.79,6.97,1,2003-02-18,QTKD,K25,0,62,57
25136724,Mai Thi Ngoc,1.82,4.55,1,2005-03-23,KTPM,K23,0,70,56
25136725,Le Van Son,2.67,6.67,1,2006-01-18,CNTT,K25,0,75,87
25136726,Do Van Son,1.92,4.8,0,2002-02-22,QTKD,K21,1,35,57
25136727,Do Van Linh,3.38,8.45,0,2004-03-17,QTKD,K24,0,88,51
25136728,Pham Thi Thao,2.18,5.45,0,2001-09-20,KTMT,K25,0,138,82
25136729,Truong Van Tuan,3.93,9.83,0,2006-05-21,CNTT,K24,1,111,67
25136730,Do Van Quan,1.86,4.65,1,2007-08-04,KT,K25,0,79,69
25136731,Do Van Son,3.28,8.2,0,2005-02-28,CKM,K23,1,50,76
25136732,Nguyen Van Duc,1.74,4.35,0,2006-03-03,KHMT,K24,1,131,91
25136733,Vo Thi Chi,3.03,7.57,1,2001-07-24,KTMT,K24,0,53,76
25136734,Pham Thi An,3.42,8.55,1,2003-08-11,CNOT,K24,0,64,81
25136735,Do Van An,3.93,9.83,0,2005-09-19,CNTT,K21,1,45,77
25136736,Pham Thi Linh,3.34,8.35,1,2001-09-19,KTMT,K21,0,121,63
25136737,Pham Thi Phuc,3.04,7.6,1,2005-05-06,KTPM,K21,0,60,66
25136738,Vo Thi Duc,1.73,4.33,1,2004-07-31,CNOT,K24,0,122,74
25136739,Do Van Linh,3.7,9.25,0,2004-04-23,KTPM,K24,0,63,71
25136740,Vo Thi Chi,3.1,7.75,1,2003-09-23,CNOT,K21,0,72,96
25136741,Vo Thi Trang,3.12,7.8,0,2001-12-09,DTVT,K22,0,139,90
25136742,Pham Thi Tuan,1.82,4.55,1,2003-09-11,CKM,K25,0,40,93
25136743,Ngo Thi An,2.74,6.85,1,2007-05-22,CNTT,K25,0,143,51
25136744,Bui Thi Chi,2.53,6.32,0,2002-12-16,CNTT,K25,0,54,68
25136745,Vo Thi Linh,1.93,4.83,1,2004-01-30,QTKD,K21,0,96,64
25136746,Bui Thi Minh,3.03,7.57,1,2007-10-23,KHMT,K25,0,65,53
25136747,Phan Thi Tuan,1.57,3.93,0,2007-03-10,QTKD,K25,0,33,78
25136748,Duong Van Khanh,3.96,9.9,1,2004-07-19,KTMT,K24,0,115,51
25136749,Le Van Son,2.27,5.67,0,2002-07-19,HTTT,K25,1,76,87
25136750,Nguyen Van Hai,3.8,9.5,1,2005-03-29,CKM,K24,0,75,99
25136751,Ngo Thi Dung,2.23,5.58,1,2004-01-16,CKM,K24,0,66,97
25136752,Vo Thi Phuc,3.62,9.05,1,2003-10-06,HTTT,K21,0,148,67
25136753,Do Van Linh,2.46,6.15,1,2007-01-07,KHMT,K21,0,65,59
25136754,Bui Thi Hai,2.17,5.42,1,2007-06-30,KTMT,K22,0,80,51
25136755,Huynh Van Dung,1.96,4.9,1,2004-11-21,KTPM,K22,0,115,74
25136756,Do Van Phuc,3.58,8.95,0,2001-12-30,DTVT,K24,0,73,63
25136757,Le Van Dung,2.74,6.85,0,2002-06-03,KHMT,K25,0,130,88
25136758,Truong Van Trang,3.25,8.12,1,2004-03-12,CNOT,K25,0,61,50
25136759,Huynh Van Giang,1.51,3.77,0,2006-12-23,CKM,K24,0,146,76
25136760,Phan Thi Vy,3.18,7.95,0,2006-07-21,DTVT,K25,0,119,93
25136761,Ngo Thi Linh,1.7,4.25,0,2006-03-23,HTTT,K21,0,108,100
25136762,Mai Thi Chi,3.72,9.3,0,2007-03-11,CNOT,K25,0,101,78
25136763,Tran Thi Vy,2.35,5.88,1,2006-01-12,HTTT,K25,0,112,93
25136764,Pham Thi Hai,1.89,4.72,1,2005-10-17,CKM,K24,0,66,55
25136765,Vo Thi Son,3.3,8.25,0,2001-03-11,KHMT,K24,0,99,63
25136766,Phan Thi Ngoc,2.64,6.6,0,2005-01-06,KHMT,K23,1,87,94
25136767,Truong Van Khanh,2.36,5.9,1,2005-09-04,KTPM,K24,0,125,73
25136768,Vo Thi Vy,2.16,5.4,1,2001-12-08,QTKD,K22,0,104,77
25136769,Duong Van Hieu,1.89,4.72,1,2003-12-18,CNTT,K22,1,56,59
25136770,Dang Van Binh,2.64,6.6,1,2001-01-15,KT,K25,0,93,51
25136771,Dang Van Duc,2.23,5.58,0,2003-06-12,CNOT,K21,0,145,62
25136772,Huynh Van Chi,1.8,4.5,1,2001-09-11,CNOT,K21,0,31,55
25136773,Bui Thi Hai,3.21,8.03,0,2003-01-25,KHMT,K25,0,36,96
25136774,Ngo Thi Quan,2.19,5.47,1,2001-12-23,HTTT,K25,0,129,63
25136775,Phan Thi Son,3.55,8.88,0,2003-01-03,CNTT,K24,0,139,93
25136776,Nguyen Van An,3.71,9.28,0,2006-07-23,KTMT,K23,0,58,78
25136777,Ngo Thi Nam,2.36,5.9,1,2005-03-29,CNOT,K25,0,59,56
25136778,Truong Van Thao,2.89,7.23,1,2004-10-02,KHMT,K22,0,62,80
25136779,Huynh Van Tuan,2.82,7.05,0,2006-05-19,KTMT,K24,0,45,59
25136780,Tran Thi Hieu,3.24,8.1,0,2005-05-12,CNTT,K23,1,78,95
25136781,Phan Thi Hai,3.97,9.93,0,2002-03-29,HTTT,K23,0,48,88
25136782,Pham Thi An,1.85,4.62,1,2001-10-21,CNOT,K21,0,123,74
25136783,Le Van Thao,2.84,7.1,0,2005-06-26,CNTT,K25,1,64,78
25136784,Truong Van Son,2.42,6.05,0,2007-04-08,KHMT,K23,0,92,97
25136785,Hoang Van Minh,3.06,7.65,1,2006-11-25,CKM,K21,0,96,73
25136786,Duong Van Hieu,3.22,8.05,0,2006-11-19,DTVT,K24,0,40,79
25136787,Do Van An,2.73,6.83,0,2003-11-14,CNOT,K25,0,134,79
25136788,Le Van Hai,2.04,5.1,1,2005-08-01,HTTT,K23,0,82,93
25136789,Nguyen Van Giang,2.32,5.8,0,2001-01-02,DTVT,K21,0,128,60
25136790,Pham Thi Giang,1.79,4.47,0,2005-04-18,DTVT,K24,0,127,76
25136791,Mai Thi Linh,2.71,6.78,0,2005-06-11,CNTT,K24,0,143,61
25136792,Hoang Van Duc,2.06,5.15,0,2007-05-13,KHMT,K23,0,77,52
25136793,Do Van Duc,2.34,5.85,0,2003-05-01,CKM,K23,0,123,59
25136794,Nguyen Van Nam,3.63,9.07,1,2001-08-19,CNOT,K22,0,116,68
25136795,Phan Thi Thao,2.76,6.9,1,2001-06-24,QTKD,K22,0,100,74
25136796,Phan Thi Binh,1.89,4.72,0,2001-05-28,HTTT,K21,0,42,93
25136797,Huynh Van Chi,3.81,9.53,0,2005-10-28,KTMT,K21,0,147,51
25136798,Hoang Van Binh,2.77,6.92,1,2004-10-05,CNOT,K23,0,126,100
25136799,Tran Thi Son,2.94,7.35,0,2006-02-11,KT,K22,0,37,92
25136800,Phan Thi Chi,2.33,5.83,0,2007-04-24,DTVT,K24,0,75,56
25136801,Dang Van Hieu,1.73,4.33,0,2003-12-23,DTVT,K25,0,146,87
25136802,Pham Thi Duc,3.49,8.73,0,2003-09-08,HTTT,K25,0,142,82
25136803,Le Van Linh,1.92,4.8,1,2001-05-17,KHMT,K23,0,104,100
25136804,Truong Van Thao,1.92,4.8,1,2005-01-02,CNTT,K24,0,116,74
25136805,Le Van Phuc,1.85,4.62,1,2007-02-23,QTKD,K25,0,42,94
25136806,Tran Thi Khanh,4.0,10.0,0,2001-12-11,KT,K25,0,47,64
25136807,Huynh Van Trang,1.55,3.88,0,2005-02-11,KTMT,K23,0,146,55
25136808,Hoang Van Chi,2.22,5.55,0,2001-09-03,CNOT,K23,0,134,64
25136809,Dang Van Quan,3.84,9.6,1,2004-03-18,CNOT,K24,0,51,80
25136810,Bui Thi Ngoc,3.88,9.7,0,2002-08-04,KT,K23,0,37,80
25136811,Le Van Son,1.7,4.25,0,2007-09-16,KHMT,K21,1,47,61
25136812,Truong Van An,2.71,6.78,1,2006-04-07,KHMT,K23,0,102,80
25136813,Vo Thi Binh,1.71,4.28,0,2006-12-05,DTVT,K22,1,94,72
25136814,Phan Thi Hai,2.68,6.7,1,2003-10-21,CNTT,K21,0,54,54
25136815,Le Van Binh,2.16,5.4,0,2002-02-05,KHMT,K22,1,114,87
25136816,Duong Van Thao,3.26,8.15,0,2001-07-17,KT,K24,0,102,68
25136817,Vo Thi Son,2.45,6.12,1,2006-02-03,KTPM,K25,0,33,87
25136818,Tran Thi Hai,2.01,5.02,0,2006-04-05,KHMT,K24,0,74,50
25136819,Hoang Van Khanh,1.97,4.92,0,2007-04-09,CNTT,K25,0,37,61
25136820,Huynh Van Phuc,2.37,5.93,0,2004-02-13,KHMT,K24,0,97,74
25136821,Hoang Van Quan,1.64,4.1,1,2004-09-30,KT,K24,0,117,57
25136822,Huynh Van Hieu,1.86,4.65,0,2001-04-15,QTKD,K25,0,41,62
25136823,Tran Thi Vy,2.2,5.5,1,2006-12-13,KT,K23,1,124,67
25136824,Nguyen Van Nam,2.82,7.05,1,2001-08-11,KT,K23,0,75,80
25136825,Vo Thi An,3.83,9.57,1,2001-06-23,HTTT,K23,0,100,85
25136826,Pham Thi Quan,2.53,6.32,0,2002-05-14,HTTT,K21,0,42,88
25136827,Vo Thi Dung,2.29,5.72,0,2004-11-16,KTMT,K22,0,71,67
25136828,Phan Thi An,2.76,6.9,0,2006-08-22,QTKD,K25,0,83,92
25136829,Mai Thi Hai,1.86,4.65,1,2004-04-10,CKM,K25,0,36,65
25136830,Phan Thi Quan,3.38,8.45,0,2005-07-30,CNTT,K23,0,122,71
25136831,Le Van Dung,2.25,5.62,0,2003-02-09,HTTT,K22,0,42,78
25136832,Phan Thi Trang,3.94,9.85,0,2006-11-01,DTVT,K21,0,113,60
25136833,Truong Van Ngoc,3.91,9.78,0,2004-12-28,QTKD,K24,0,118,79
25136834,Hoang Van Tuan,2.8,7.0,0,2007-08-26,QTKD,K21,0,114,60
25136835,Nguyen Van Tuan,1.9,4.75,0,2005-08-09,KT,K21,0,111,61
25136836,Ngo Thi An,2.4,6.0,1,2002-09-19,KHMT,K25,0,87,100
25136837,Nguyen Van Tuan,2.01,5.02,0,2004-11-23,CNOT,K25,0,76,99
25136838,Huynh Van Linh,1.86,4.65,1,2003-07-31,CKM,K23,0,98,84
25136839,Tran Thi An,2.64,6.6,1,2002-02-27,QTKD,K25,0,109,60
25136840,Vo Thi Phuc,2.81,7.03,0,2007-01-23,CNOT,K25,0,108,50
25136841,Phan Thi Trang,3.7,9.25,1,2002-11-04,KTPM,K22,0,139,85
25136842,Hoang Van Linh,3.8,9.5,1,2007-12-21,DTVT,K25,0,30,63
25136843,Hoang Van Giang,2.37,5.93,0,2005-12-07,CNTT,K21,0,43,63
25136844,Le Van Dung,2.79,6.97,1,2006-10-16,QTKD,K25,0,64,99
25136845,Bui Thi Giang,3.17,7.92,1,2005-05-19,KTMT,K22,1,99,64
25136846,Duong Van Phuc,2.09,5.22,0,2004-05-20,HTTT,K23,0,118,53
25136847,Hoang Van Thao,1.58,3.95,1,2001-03-08,CNTT,K21,1,110,85
25136848,Vo Thi Giang,3.76,9.4,0,2002-08-30,KHMT,K24,0,32,82
25136849,Nguyen Van Hieu,2.99,7.48,0,2006-10-20,DTVT,K25,0,74,96
25136850,Phan Thi Vy,2.32,5.8,0,2004-09-20,CNTT,K23,0,85,51
25136851,Tran Thi Minh,3.38,8.45,0,2002-02-10,DTVT,K24,0,92,85
25136852,Vo Thi An,3.81,9.53,1,2005-04-11,CNTT,K23,0,75,66
25136853,Hoang Van Dung,3.95,9.88,0,2005-10-10,KHMT,K21,0,65,63
25136854,Ngo Thi Ngoc,2.45,6.12,1,2007-11-05,HTTT,K25,1,81,93
25136855,Do Van Minh,2.63,6.57,0,2002-12-17,KHMT,K24,1,124,75
25136856,Dang Van Khanh,2.83,7.08,1,2007-11-02,KTPM,K23,0,52,96
25136857,Huynh Van Giang,2.24,5.6,1,2001-09-22,KT,K21,0,108,90
25136858,Ngo Thi Chi,1.74,4.35,0,2003-11-07,DTVT,K24,0,123,65
25136859,Pham Thi Vy,3.98,9.95,1,2007-05-24,KHMT,K24,0,58,89
25136860,Le Van Phuc,3.53,8.82,1,2002-11-11,DTVT,K25,0,130,87
25136861,Tran Thi An,2.79,6.97,0,2003-02-04,KT,K25,0,64,59
25136862,Pham Thi Quan,2.02,5.05,0,2002-07-13,QTKD,K25,1,106,62
25136863,Do Van An,3.64,9.1,0,2006-05-04,KHMT,K24,0,95,100
25136864,Dang Van An,1.91,4.77,0,2006-09-13,KHMT,K24,0,90,88
25136865,Huynh Van Thao,3.53,8.82,0,2001-10-20,CNTT,K21,0,104,59
25136866,Hoang Van Quan,2.55,6.38,0,2002-08-28,DTVT,K25,0,134,75
25136867,Ngo Thi Giang,2.09,5.22,0,2005-11-11,KTMT,K25,0,59,52
25136868,Phan Thi Binh,3.98,9.95,0,2003-07-16,CNOT,K21,0,43,81
25136869,Tran Thi Giang,1.91,4.77,1,2002-10-20,HTTT,K25,0,47,59
25136870,Hoang Van Hai,1.68,4.2,1,2006-03-21,CNTT,K24,1,121,99
25136871,Mai Thi Quan,1.98,4.95,1,2003-10-16,KT,K24,0,141,71
25136872,Nguyen Van Son,2.91,7.28,0,2007-06-16,QTKD,K23,0,125,68
25136873,Mai Thi Binh,2.75,6.88,1,2004-08-13,HTTT,K21,0,65,68
25136874,Pham Thi Chi,2.98,7.45,0,2002-11-14,DTVT,K24,0,111,94
25136875,Do Van Dung,1.62,4.05,1,2001-05-25,KT,K23,0,150,51
25136876,Pham Thi Duc,2.6,6.5,0,2003-01-16,CKM,K25,0,133,59
25136877,Truong Van Tuan,2.63,6.57,0,2005-11-11,CKM,K25,0,112,78
25136878,Phan Thi Quan,2.54,6.35,0,2003-11-14,KTPM,K21,0,132,100
25136879,Duong Van Binh,3.88,9.7,1,2007-06-30,HTTT,K21,0,73,55
25136880,Le Van Chi,2.45,6.12,0,2001-04-17,CNTT,K21,0,53,79
25136881,Pham Thi Binh,2.92,7.3,0,2006-05-20,KTMT,K23,0,45,83
25136882,Truong Van Dung,3.79,9.47,1,2001-07-07,KTPM,K24,1,144,56
25136883,Vo Thi Linh,2.56,6.4,0,2007-12-13,KT,K25,0,51,98
25136884,Mai Thi Hai,3.39,8.47,1,2004-11-28,DTVT,K23,0,133,100
25136885,Dang Van Giang,3.69,9.22,1,2002-08-12,CNTT,K21,0,69,69
25136886,Duong Van An,2.24,5.6,1,2007-10-12,QTKD,K24,0,147,71
25136887,Nguyen Van Trang,2.1,5.25,1,2005-09-19,HTTT,K21,0,149,78
25136888,Dang Van Binh,2.15,5.38,1,2003-04-20,HTTT,K25,0,115,56
25136889,Tran Thi Vy,1.6,4.0,1,2005-02-13,CNOT,K25,0,71,78
25136890,Truong Van Nam,3.26,8.15,0,2003-01-23,HTTT,K24,0,73,67
25136891,Hoang Van Hai,2.69,6.72,1,2006-07-20,HTTT,K22,0,125,70
25136892,Hoang Van Dung,3.41,8.53,1,2002-11-13,KT,K22,0,53,74
25136893,Dang Van Trang,2.27,5.67,0,2004-11-25,DTVT,K21,0,52,56
25136894,Bui Thi Minh,3.19,7.97,1,2002-01-01,CKM,K21,0,81,65
25136895,Pham Thi Binh,3.74,9.35,1,2002-04-28,KT,K22,0,42,52
25136896,Ngo Thi Tuan,2.63,6.57,0,2006-10-10,CNTT,K24,0,140,54
25136897,Mai Thi Vy,2.39,5.98,0,2005-02-21,KT,K24,0,131,90
25136898,Pham Thi An,3.31,8.28,1,2001-06-15,CKM,K23,0,147,85
25136899,Bui Thi Tuan,3.58,8.95,1,2003-09-11,DTVT,K22,0,47,58
25136900,Phan Thi Hieu,3.39,8.47,0,2004-12-09,CKM,K25,0,61,72
25136901,Le Van Binh,2.93,7.33,1,2001-02-13,KTMT,K25,0,64,63
25136902,Le Van Hieu,1.65,4.12,0,2001-11-25,KTMT,K22,0,49,78
25136903,Bui Thi Linh,3.94,9.85,1,2006-12-20,KTPM,K23,0,50,62
25136904,Nguyen Van Son,3.91,9.78,0,2004-05-12,KTPM,K22,0,84,93
25136905,Phan Thi Duc,2.47,6.18,0,2005-08-20,DTVT,K22,0,137,81
25136906,Phan Thi Thao,2.98,7.45,1,2002-02-19,KTMT,K21,0,145,81
25136907,Huynh Van Quan,3.17,7.92,0,2005-11-12,CNOT,K25,0,75,75
25136908,Le Van Duc,1.87,4.68,0,2002-03-16,KT,K24,0,104,85
25136909,Mai Thi Vy,1.56,3.9,1,2004-08-22,KHMT,K25,0,122,64
25136910,Tran Thi Son,3.32,8.3,0,2002-11-04,CNTT,K25,0,50,85
25136911,Truong Van Son,2.5,6.25,0,2004-12-13,KTMT,K22,1,37,83
25136912,Phan Thi Binh,2.95,7.38,0,2004-08-05,DTVT,K25,1,145,80
25136913,Duong Van Linh,2.52,6.3,1,2006-06-24,CKM,K22,0,36,73
25136914,Nguyen Van Dung,3.38,8.45,0,2004-04-04,KTPM,K21,1,145,54
25136915,Truong Van Vy,3.1,7.75,0,2006-08-14,KHMT,K21,0,101,89
25136916,Vo Thi Hai,3.92,9.8,0,2002-09-08,KTPM,K22,0,40,99
25136917,Bui Thi Nam,2.11,5.27,0,2003-02-07,KHMT,K21,0,63,53
25136918,Le Van Hai,3.54,8.85,0,2002-02-16,CKM,K22,0,107,90
25136919,Duong Van Son,2.71,6.78,0,2006-10-23,KHMT,K24,0,106,98
25136920,Pham Thi Hai,3.11,7.77,0,2005-10-02,KT,K22,0,41,88
25136921,Ngo Thi Hai,3.06,7.65,0,2001-02-14,KHMT,K24,0,59,56
25136922,Nguyen Van Vy,2.54,6.35,1,2007-03-01,CNOT,K24,0,46,70
25136923,Ngo Thi Nam,3.57,8.92,0,2006-01-28,QTKD,K25,0,88,87
25136924,Ngo Thi Ngoc,1.6,4.0,1,2003-03-13,KT,K21,0,57,62
25136925,Phan Thi Trang,3.6,9.0,0,2001-07-16,CKM,K21,0,40,55
25136926,Phan Thi Duc,3.57,8.92,0,2001-05-26,KT,K25,0,101,75
25136927,Duong Van Khanh,3.25,8.12,0,2006-10-27,HTTT,K21,0,120,74
25136928,Pham Thi Hieu,3.53,8.82,1,2001-02-02,CNOT,K22,0,130,89
25136929,Le Van Trang,3.32,8.3,1,2007-12-06,CNTT,K24,0,142,91
25136930,Le Van Quan,2.73,6.83,0,2004-02-26,HTTT,K23,0,85,72
25136931,Truong Van Duc,3.05,7.62,0,2007-04-25,KT,K24,1,133,58
25136932,Hoang Van Hai,3.69,9.22,0,2001-01-22,KTPM,K22,0,83,93
25136933,Do Van Khanh,3.69,9.22,0,2006-10-31,DTVT,K25,0,40,98
25136934,Ngo Thi Hieu,3.08,7.7,1,2007-09-06,KT,K21,0,90,97
25136935,Do Van Binh,3.48,8.7,0,2001-07-27,KT,K24,0,30,93
25136936,Duong Van Giang,3.76,9.4,1,2001-11-29,CKM,K21,0,82,93
25136937,Mai Thi Binh,1.92,4.8,1,2004-11-26,KHMT,K25,0,84,86
25136938,Truong Van Duc,2.51,6.27,1,2004-09-14,CKM,K21,1,50,65
25136939,Huynh Van Vy,3.82,9.55,1,2002-05-06,QTKD,K21,0,92,66
25136940,Mai Thi Ngoc,2.6,6.5,1,2006-11-13,KTPM,K25,0,49,79
25136941,Tran Thi Trang,2.24,5.6,1,2002-07-28,CNTT,K23,0,149,94
25136942,Hoang Van Hieu,2.66,6.65,0,2001-10-01,CNTT,K24,0,76,64
25136943,Le Van Trang,2.63,6.57,0,2007-09-26,KTPM,K24,0,147,97
25136944,Mai Thi Nam,1.63,4.07,1,2004-06-05,HTTT,K24,0,128,90
25136945,Duong Van Binh,2.96,7.4,1,2001-02-28,KTPM,K24,0,94,84
25136946,Nguyen Van Thao,2.78,6.95,1,2004-01-14,HTTT,K21,0,116,77
25136947,Vo Thi Hieu,3.12,7.8,0,2004-11-09,CKM,K23,0,119,50
25136948,Dang Van Dung,2.26,5.65,1,2006-06-12,KT,K24,0,71,88
25136949,Do Van Minh,2.38,5.95,1,2007-05-17,DTVT,K22,1,96,73
25136950,Tran Thi Chi,3.12,7.8,1,2003-10-01,CNOT,K21,0,75,69
25136951,Dang Van Hai,3.56,8.9,0,2001-06-25,KT,K21,1,96,94
25136952,Phan Thi Linh,1.75,4.38,0,2005-08-10,KTPM,K22,1,97,76
25136953,Bui Thi Son,3.32,8.3,1,2001-07-14,KTPM,K22,0,103,91
25136954,Do Van Giang,3.58,8.95,1,2006-02-15,KTMT,K21,0,38,93
25136955,Phan Thi Thao,3.92,9.8,1,2002-08-15,KT,K24,0,31,97
25136956,Ngo Thi Son,1.7,4.25,0,2003-08-29,KTMT,K25,0,101,72
25136957,Le Van Dung,3.96,9.9,0,2007-09-17,KHMT,K21,1,70,65
25136958,Tran Thi An,2.26,5.65,0,2007-01-12,CNTT,K24,0,116,55
25136959,Le Van An,1.63,4.07,1,2005-10-20,KT,K23,0,59,79
25136960,Pham Thi Quan,2.83,7.08,1,2004-03-09,KHMT,K24,0,113,85
25136961,Bui Thi Trang,1.64,4.1,1,2006-11-15,KTPM,K22,1,68,84
25136962,Bui Thi Phuc,2.32,5.8,1,2004-11-17,CNOT,K21,0,79,69
25136963,Vo Thi Chi,2.89,7.23,1,2001-06-21,HTTT,K22,0,41,94
25136964,Tran Thi Ngoc,1.98,4.95,0,2004-03-30,KT,K21,0,58,88
25136965,Nguyen Van Chi,1.96,4.9,1,2004-11-08,KTPM,K23,0,52,74
25136966,Nguyen Van An,3.29,8.22,0,2001-12-20,DTVT,K25,0,78,77
25136967,Tran Thi Giang,3.79,9.47,1,2007-11-23,KHMT,K22,0,95,58
25136968,Pham Thi Duc,2.56,6.4,1,2007-01-04,CKM,K24,0,78,86
25136969,Phan Thi Giang,3.35,8.38,1,2005-03-01,CKM,K23,1,74,53
25136970,Dang Van Binh,1.51,3.77,1,2007-08-30,KHMT,K22,0,58,94
25136971,Truong Van Dung,2.09,5.22,1,2006-07-10,KHMT,K23,0,77,83
25136972,Pham Thi Vy,1.95,4.88,1,2002-11-30,KHMT,K24,0,150,58
25136973,Pham Thi Phuc,1.84,4.6,0,2001-07-25,KTMT,K21,0,75,86
25136974,Dang Van Hieu,3.49,8.73,1,2006-05-31,KHMT,K22,0,130,64
25136975,Truong Van Giang,3.85,9.62,1,2005-08-03,KTMT,K21,0,31,60
25136976,Mai Thi Linh,3.26,8.15,0,2004-05-17,KHMT,K21,0,104,66
25136977,Bui Thi Quan,2.55,6.38,0,2002-01-05,CNOT,K22,1,90,90
25136978,Hoang Van An,3.75,9.38,1,2003-11-10,KT,K22,0,103,50
25136979,Hoang Van Phuc,2.26,5.65,0,2004-06-20,KT,K24,0,128,79
25136980,Tran Thi Minh,1.96,4.9,0,2001-04-09,CNTT,K25,0,32,56
25136981,Phan Thi Trang,1.73,4.33,0,2003-02-03,CNOT,K23,0,80,54
25136982,Mai Thi Linh,3.27,8.18,1,2004-07-13,CKM,K21,0,142,69
25136983,Vo Thi Minh,3.57,8.92,0,2004-02-19,KT,K25,0,66,83
25136984,Phan Thi Ngoc,3.68,9.2,1,2002-10-14,DTVT,K25,0,141,59
25136985,Huynh Van Ngoc,3.68,9.2,1,2007-04-30,KT,K25,0,116,96
25136986,Truong Van Phuc,3.73,9.32,0,2002-08-07,KTPM,K22,1,42,78
25136987,Tran Thi Duc,2.83,7.08,1,2001-02-15,KTMT,K23,0,138,71
25136988,Vo Thi Khanh,1.72,4.3,1,2001-11-08,KT,K23,0,89,53
25136989,Nguyen Van Trang,2.5,6.25,1,2007-11-29,CKM,K23,1,121,70
25136990,Tran Thi Vy,1.69,4.22,1,2001-04-26,QTKD,K24,1,132,58
25136991,Hoang Van Ngoc,2.75,6.88,1,2003-05-16,HTTT,K24,0,82,99
25136992,Huynh Van Dung,1.91,4.77,1,2003-04-05,CNTT,K25,0,106,70
25136993,Nguyen Van Trang,2.39,5.98,0,2005-07-16,KHMT,K24,1,90,94
25136994,Mai Thi Trang,2.8,7.0,0,2001-09-19,CKM,K22,0,110,56
25136995,Truong Van Dung,2.75,6.88,1,2006-09-18,CNOT,K25,0,69,99
25136996,Do Van An,3.95,9.88,0,2003-11-17,CNOT,K24,1,69,79
25136997,Hoang Van Phuc,3.53,8.82,0,2002-07-20,QTKD,K25,0,67,85
25136998,Ngo Thi Nam,1.52,3.8,1,2002-07-09,KT,K22,0,31,52
25136999,Phan Thi Quan,2.21,5.53,0,2004-07-09,KTMT,K22,0,57,88
25137000,Phan Thi Ngoc,2.68,6.7,0,2005-04-25,KTPM,K22,0,77,59
25137001,Phan Thi Minh,2.11,5.27,1,2004-06-16,QTKD,K23,0,50,82
25137002,Dang Van An,1.94,4.85,1,2005-02-20,QTKD,K24,0,46,74
25137003,Vo Thi Phuc,2.94,7.35,0,2002-06-19,KHMT,K21,0,77,69
25137004,Nguyen Van Nam,1.73,4.33,0,2004-06-26,KTMT,K24,0,46,60
25137005,Phan Thi Binh,3.07,7.67,0,2003-07-31,HTTT,K23,0,127,100
25137006,Duong Van Binh,1.51,3.77,1,2007-11-05,KTMT,K22,0,146,75
25137007,Tran Thi Chi,1.51,3.77,1,2006-09-14,CNTT,K21,0,52,91
25137008,Huynh Van Giang,2.95,7.38,0,2001-06-03,HTTT,K21,0,76,82
25137009,Huynh Van Linh,2.17,5.42,0,2003-12-07,KTPM,K24,0,53,83
25137010,Bui Thi Hieu,2.16,5.4,0,2005-11-18,HTTT,K24,0,127,50
25137011,Huynh Van Khanh,2.42,6.05,1,2003-04-22,CNOT,K23,0,146,97
25137012,Ngo Thi Hai,3.58,8.95,1,2006-12-13,CNTT,K24,0,87,80
25137013,Truong Van An,1.82,4.55,0,2007-08-08,CNOT,K24,0,77,58
25137014,Phan Thi Son,1.95,4.88,1,2003-11-06,KTMT,K22,0,127,92
25137015,Tran Thi Trang,2.93,7.33,0,2007-01-26,DTVT,K21,1,37,65
25137016,Huynh Van Trang,3.16,7.9,0,2001-11-04,QTKD,K23,0,141,52
25137017,Bui Thi Linh,3.0,7.5,1,2004-02-04,CKM,K24,0,61,88
25137018,Bui Thi Nam,1.7,4.25,1,2006-03-08,HTTT,K23,1,69,58
25137019,Bui Thi Ngoc,1.63,4.07,0,2001-12-02,KT,K23,0,81,75
25137020,Dang Van Tuan,3.14,7.85,0,2006-04-22,CNTT,K23,0,82,87
25137021,Vo Thi Phuc,4.0,10.0,0,2005-02-18,CNOT,K21,0,134,90
25137022,Tran Thi Tuan,1.75,4.38,1,2001-09-13,HTTT,K22,0,52,94
25137023,Truong Van Son,3.12,7.8,1,2005-06-14,CNOT,K25,0,129,75
25137024,Duong Van Dung,1.94,4.85,0,2001-07-08,HTTT,K25,0,130,56
25137025,Pham Thi Duc,3.98,9.95,0,2002-02-27,KT,K22,0,102,92
25137026,Huynh Van Nam,1.67,4.17,1,2002-12-25,CNOT,K23,0,37,83
25137027,Huynh Van Thao,1.89,4.72,0,2004-01-10,CNTT,K24,0,83,63
25137028,Duong Van Chi,2.28,5.7,1,2005-02-20,CKM,K25,0,143,63
25137029,Hoang Van Chi,3.34,8.35,1,2001-02-25,KTPM,K23,0,122,82
25137030,Le Van Phuc,2.17,5.42,0,2004-02-17,KHMT,K22,0,109,62
25137031,Mai Thi Hai,2.09,5.22,1,2007-11-08,KTPM,K23,1,59,83
25137032,Do Van Dung,1.92,4.8,1,2003-07-24,HTTT,K25,0,50,91
25137033,Ngo Thi Linh,3.45,8.62,1,2007-09-26,KTMT,K22,0,82,53
25137034,Bui Thi Giang,1.55,3.88,1,2002-01-02,DTVT,K25,1,115,70
25137035,Duong Van Hieu,3.36,8.4,0,2005-06-30,DTVT,K22,0,84,52
25137036,Nguyen Van Dung,3.43,8.58,1,2004-08-01,KTPM,K21,0,86,50
25137037,Tran Thi Ngoc,2.88,7.2,1,2005-07-05,CNOT,K24,1,64,67
25137038,Mai Thi Thao,2.13,5.32,0,2004-02-22,HTTT,K23,0,51,86
25137039,Truong Van An,2.66,6.65,1,2002-11-19,DTVT,K24,0,107,90
25137040,Pham Thi Ngoc,2.16,5.4,1,2001-05-09,CNTT,K23,0,128,68
25137041,Duong Van An,3.38,8.45,1,2001-03-24,CKM,K24,0,76,85
25137042,Nguyen Van Trang,1.66,4.15,0,2005-12-25,CKM,K21,0,115,60
25137043,Vo Thi Linh,2.57,6.42,1,2007-01-06,CNOT,K22,0,90,76
25137044,Le Van Khanh,2.51,6.27,1,2004-06-17,DTVT,K22,0,45,77
25137045,Truong Van Hai,2.27,5.67,0,2007-08-14,CKM,K22,0,112,81
25137046,Huynh Van Binh,3.72,9.3,0,2006-04-08,CNOT,K22,0,72,92
25137047,Tran Thi Phuc,2.59,6.47,1,2006-06-11,HTTT,K22,1,55,99
25137048,Pham Thi Linh,3.41,8.53,0,2003-06-30,CNTT,K25,0,63,76
25137049,Truong Van Giang,2.59,6.47,1,2006-12-06,KTMT,K23,0,38,90
25137050,Phan Thi Hieu,1.66,4.15,0,2006-05-20,KTMT,K24,0,77,79
25137051,Vo Thi Dung,3.84,9.6,1,2007-01-06,KHMT,K25,0,48,91
25137052,Do Van Khanh,2.2,5.5,0,2005-08-12,KTMT,K25,0,82,74
25137053,Hoang Van Duc,2.4,6.0,0,2005-10-12,DTVT,K21,0,78,50
25137054,Le Van Quan,2.89,7.23,0,2002-01-31,CKM,K21,0,61,61
25137055,Le Van Son,3.63,9.07,1,2004-11-21,QTKD,K23,0,61,88
25137056,Bui Thi Hai,2.41,6.03,0,2003-04-29,KTMT,K21,0,149,98
25137057,Nguyen Van Hai,2.78,6.95,0,2002-10-15,CKM,K23,0,41,66
25137058,Huynh Van Duc,3.42,8.55,0,2005-10-12,CKM,K25,0,49,60
25137059,Le Van Thao,2.99,7.48,1,2006-04-13,CKM,K24,0,90,79
25137060,Nguyen Van An,1.99,4.97,1,2006-03-03,QTKD,K22,0,130,67
25137061,Bui Thi Son,2.34,5.85,0,2004-08-02,HTTT,K22,0,114,91
25137062,Huynh Van Giang,3.9,9.75,1,2006-03-14,CKM,K24,0,86,73
25137063,Truong Van Khanh,3.45,8.62,0,2006-03-14,CNTT,K25,1,61,99
25137064,Vo Thi Hieu,2.29,5.72,0,2003-06-03,HTTT,K22,0,109,73
25137065,Nguyen Van Chi,3.65,9.12,1,2006-11-02,CNTT,K24,0,47,64
25137066,Vo Thi An,1.74,4.35,1,2005-08-22,KT,K25,0,39,56
25137067,Mai Thi Ngoc,3.31,8.28,0,2001-07-20,DTVT,K23,1,48,98
25137068,Vo Thi Ngoc,1.58,3.95,1,2002-08-06,CKM,K25,0,59,60
25137069,Do Van Binh,3.7,9.25,1,2005-05-31,KTPM,K23,0,103,71
25137070,Pham Thi Binh,3.72,9.3,0,2006-05-25,CNTT,K22,0,85,59
25137071,Duong Van Thao,1.96,4.9,1,2005-11-20,DTVT,K21,0,140,98
25137072,Dang Van Minh,1.82,4.55,1,2001-11-04,CKM,K23,0,73,63
25137073,Hoang Van Thao,3.74,9.35,1,2001-04-27,CNOT,K22,1,63,52
25137074,Bui Thi Minh,1.72,4.3,0,2004-03-04,KTMT,K22,0,120,98
25137075,Do Van Thao,2.18,5.45,0,2001-10-13,HTTT,K21,0,136,56
25137076,Truong Van An,1.69,4.22,1,2003-02-08,KHMT,K22,0,140,84
25137077,Huynh Van Linh,2.29,5.72,1,2003-05-15,CNTT,K22,0,33,75
25137078,Tran Thi Giang,1.86,4.65,1,2003-01-05,CNOT,K25,0,51,94
25137079,Tran Thi Thao,3.8,9.5,0,2005-03-12,KTPM,K25,1,141,83
25137080,Duong Van Chi,2.25,5.62,0,2005-09-23,QTKD,K25,0,45,83
25137081,Phan Thi Dung,1.72,4.3,1,2007-10-27,CNOT,K21,0,104,74
25137082,Nguyen Van Phuc,3.03,7.57,1,2002-12-11,CNOT,K24,0,90,81
25137083,Tran Thi Dung,2.91,7.28,1,2001-03-30,HTTT,K25,0,101,68
25137084,Do Van Duc,2.26,5.65,1,2004-11-27,KTMT,K24,0,143,50
25137085,Dang Van An,2.96,7.4,0,2005-03-19,CNTT,K22,0,117,82
25137086,Nguyen Van Khanh,1.7,4.25,1,2003-04-23,KHMT,K25,1,36,64
25137087,Dang Van Chi,3.37,8.43,1,2002-12-19,KTPM,K21,0,129,83
25137088,Mai Thi Son,2.04,5.1,1,2002-06-08,KTMT,K24,0,44,83
25137089,Duong Van Binh,3.42,8.55,0,2004-11-15,KT,K24,0,32,79
25137090,Mai Thi Tuan,2.75,6.88,0,2001-08-26,KTMT,K24,0,130,86
25137091,Tran Thi Hieu,3.86,9.65,0,2003-05-12,QTKD,K22,1,64,81
25137092,Tran Thi Dung,1.81,4.53,0,2004-03-09,CNOT,K23,1,39,86
25137093,Duong Van Phuc,3.16,7.9,1,2007-05-15,CNOT,K22,0,117,89
25137094,Huynh Van Chi,3.72,9.3,1,2001-07-16,CKM,K25,0,74,77
25137095,Mai Thi Nam,3.01,7.52,0,2006-10-31,CNTT,K22,0,42,83
25137096,Truong Van Vy,3.94,9.85,0,2006-02-15,CKM,K25,0,120,97
25137097,Pham Thi Trang,3.48,8.7,1,2002-04-10,QTKD,K24,0,43,98
25137098,Vo Thi Thao,2.87,7.18,0,2001-06-18,KTMT,K21,0,92,95
25137099,Nguyen Van Ngoc,2.53,6.32,1,2003-04-15,KT,K24,0,42,88
25137100,Ngo Thi Linh,3.56,8.9,1,2005-04-18,CNTT,K21,0,99,65
25137101,Truong Van Binh,3.35,8.38,1,2004-10-11,QTKD,K21,0,94,84
25137102,Phan Thi An,3.61,9.03,1,2007-10-05,CKM,K24,0,92,79
25137103,Nguyen Van Nam,1.87,4.68,0,2003-09-06,CNTT,K25,0,147,54
25137104,Hoang Van Son,2.19,5.47,0,2007-11-13,CNOT,K25,1,73,100
25137105,Hoang Van Dung,3.01,7.52,1,2004-07-11,QTKD,K21,0,74,99
25137106,Huynh Van Chi,2.48,6.2,0,2003-09-12,KTPM,K22,0,139,70
25137107,Tran Thi Nam,2.43,6.08,1,2007-01-05,HTTT,K24,0,136,97
25137108,Pham Thi Thao,2.89,7.23,0,2007-01-27,KT,K25,0,78,86
25137109,Do Van Thao,3.35,8.38,1,2003-06-15,KTMT,K25,0,132,65
25137110,Truong Van Binh,3.9,9.75,1,2006-09-09,CNTT,K21,0,139,65
25137111,Huynh Van Son,2.14,5.35,0,2003-06-26,CNOT,K23,1,117,62
25137112,Bui Thi Quan,2.67,6.67,0,2005-05-25,KTMT,K21,0,98,58
25137113,Vo Thi Phuc,2.84,7.1,0,2007-08-18,QTKD,K22,0,108,71
25137114,Do Van Trang,3.75,9.38,1,2006-04-30,CNOT,K25,0,101,84
25137115,Bui Thi Chi,2.04,5.1,1,2006-08-15,KHMT,K22,0,44,87
25137116,Pham Thi Hai,3.68,9.2,0,2003-06-16,KTPM,K22,0,141,97
25137117,Bui Thi Khanh,1.76,4.4,0,2007-12-30,KTPM,K23,0,129,89
25137118,Dang Van Ngoc,3.26,8.15,1,2002-10-03,CNTT,K22,0,39,61
25137119,Hoang Van Vy,2.23,5.58,1,2007-04-01,CNOT,K21,0,125,93
25137120,Nguyen Van Phuc,3.61,9.03,0,2007-09-18,KT,K24,0,46,71
25137121,Nguyen Van Khanh,3.33,8.32,1,2003-09-30,KTMT,K22,0,127,84
25137122,Truong Van Phuc,2.16,5.4,0,2004-01-25,KHMT,K22,0,140,76
25137123,Vo Thi Minh,2.53,6.32,1,2007-02-05,KTPM,K24,0,67,74
25137124,Mai Thi Quan,3.7,9.25,1,2005-10-08,QTKD,K24,1,87,52
25137125,Tran Thi Son,3.21,8.03,0,2007-08-29,CKM,K24,0,120,55
25137126,Truong Van Chi,3.51,8.77,0,2003-12-26,HTTT,K23,0,87,85
25137127,Duong Van Giang,1.83,4.58,1,2003-05-08,QTKD,K24,1,117,85
25137128,Pham Thi Minh,3.63,9.07,0,2002-12-20,HTTT,K22,0,143,63
25137129,Le Van Chi,1.55,3.88,0,2004-07-07,HTTT,K22,1,91,68
25137130,Hoang Van Tuan,2.09,5.22,0,2007-02-10,DTVT,K25,0,139,78
25137131,Hoang Van Tuan,3.28,8.2,1,2003-01-01,KTPM,K25,0,64,87
25137132,Dang Van Hieu,3.48,8.7,1,2003-05-24,CNOT,K21,0,49,88
25137133,Huynh Van Linh,2.62,6.55,0,2004-10-31,KT,K21,0,111,61
25137134,Tran Thi Binh,2.63,6.57,1,2003-10-10,HTTT,K25,0,102,58
25137135,Do Van Trang,2.3,5.75,0,2002-08-06,KTMT,K22,0,86,80
25137136,Vo Thi Vy,2.14,5.35,1,2005-05-22,CNOT,K24,1,94,94
25137137,Duong Van Tuan,3.91,9.78,0,2002-09-08,DTVT,K23,1,96,65
25137138,Le Van Chi,1.53,3.83,0,2004-01-28,KTMT,K21,0,126,84
25137139,Vo Thi Quan,3.29,8.22,0,2006-11-03,KT,K22,0,37,64
25137140,Huynh Van Dung,2.3,5.75,0,2004-03-30,CKM,K25,1,60,74
25137141,Truong Van Hai,1.53,3.83,0,2007-03-20,KHMT,K21,0,130,75
25137142,Phan Thi Nam,1.78,4.45,0,2006-01-20,HTTT,K23,0,139,94
25137143,Do Van Giang,1.74,4.35,1,2006-06-25,CNTT,K21,0,98,80
25137144,Ngo Thi Duc,3.1,7.75,1,2006-06-15,HTTT,K24,0,59,99
25137145,Hoang Van Linh,1.97,4.92,0,2002-02-13,KTPM,K22,0,31,60
25137146,Mai Thi Trang,1.57,3.93,0,2005-11-15,KTPM,K22,0,143,81
25137147,Le Van Ngoc,1.85,4.62,0,2007-02-06,CKM,K22,0,99,69
25137148,Phan Thi Phuc,2.85,7.12,1,2007-09-25,HTTT,K24,0,78,79
25137149,Mai Thi Binh,1.92,4.8,0,2004-03-22,KT,K24,0,102,65
25137150,Pham Thi Nam,1.78,4.45,0,2006-12-30,KT,K23,0,93,89
25137151,Truong Van Chi,1.82,4.55,0,2001-06-20,CNOT,K25,0,67,50
25137152,Duong Van Minh,3.69,9.22,0,2005-03-27,CKM,K25,0,145,99
25137153,Tran Thi Thao,2.95,7.38,0,2002-12-28,DTVT,K24,1,111,67
25137154,Vo Thi Duc,3.04,7.6,0,2001-03-07,CNTT,K21,0,140,65
25137155,Do Van Binh,1.89,4.72,1,2003-07-19,KTMT,K25,1,139,51
25137156,Tran Thi Duc,2.11,5.27,0,2005-06-22,KTPM,K21,0,76,86
25137157,Duong Van Minh,2.73,6.83,1,2002-09-26,CNOT,K23,0,142,60
25137158,Vo Thi Phuc,3.35,8.38,1,2005-11-12,CKM,K24,0,72,93
25137159,Dang Van Giang,2.79,6.97,0,2002-11-20,DTVT,K21,1,101,87
25137160,Hoang Van Phuc,2.31,5.78,1,2004-03-26,DTVT,K24,0,148,93
25137161,Mai Thi Duc,2.07,5.17,1,2007-06-25,KTMT,K23,0,119,91
25137162,Vo Thi Nam,1.57,3.93,0,2007-03-18,QTKD,K23,0,90,97
25137163,Tran Thi Hai,1.6,4.0,1,2004-01-26,CKM,K24,0,135,99
25137164,Le Van Duc,3.41,8.53,1,2004-08-08,KT,K24,0,117,74
25137165,Tran Thi Hieu,3.25,8.12,0,2007-03-16,HTTT,K25,0,131,52
25137166,Le Van Quan,3.77,9.43,0,2004-09-30,DTVT,K21,0,96,86
25137167,Vo Thi Hieu,2.18,5.45,0,2001-10-28,DTVT,K21,0,54,87
25137168,Huynh Van Hieu,3.98,9.95,1,2004-09-24,KTMT,K22,0,95,75
25137169,Pham Thi Hieu,2.45,6.12,1,2002-02-13,KTPM,K21,0,76,75
25137170,Le Van Hai,3.56,8.9,1,2001-07-06,QTKD,K23,1,79,68
25137171,Mai Thi Nam,3.27,8.18,0,2006-01-06,KT,K21,0,49,75
25137172,Duong Van Vy,3.2,8.0,0,2004-09-19,QTKD,K21,0,36,96
25137173,Truong Van Khanh,3.9,9.75,1,2006-10-21,KTPM,K24,0,112,65
25137174,Bui Thi Minh,2.62,6.55,1,2006-01-01,KHMT,K25,1,91,95
25137175,Duong Van Chi,3.45,8.62,1,2006-02-27,CNTT,K22,0,81,91
25137176,Vo Thi Son,2.46,6.15,0,2003-01-26,KTPM,K24,0,86,62
25137177,Duong Van Linh,2.47,6.18,0,2001-06-15,KTMT,K22,0,94,87
25137178,Bui Thi Dung,3.11,7.77,1,2004-03-28,KT,K21,0,124,92
25137179,Pham Thi Dung,1.59,3.98,0,2007-12-15,DTVT,K21,0,99,75
25137180,Vo Thi Phuc,2.72,6.8,1,2002-08-12,HTTT,K25,0,144,59
25137181,Bui Thi Hai,1.65,4.12,0,2005-03-03,KTPM,K24,1,95,57
25137182,Hoang Van Hieu,3.93,9.83,1,2006-08-25,DTVT,K24,0,115,69
25137183,Pham Thi Phuc,2.84,7.1,1,2001-04-06,CKM,K21,0,147,83
25137184,Dang Van Duc,2.63,6.57,1,2004-11-21,KTPM,K21,0,35,69
25137185,Bui Thi Quan,3.06,7.65,1,2004-09-02,QTKD,K22,0,51,80
25137186,Pham Thi Duc,3.44,8.6,1,2002-10-01,CKM,K22,1,46,100
25137187,Tran Thi Binh,2.67,6.67,1,2001-05-27,KHMT,K21,0,116,100
25137188,Phan Thi Quan,3.95,9.88,1,2007-02-15,HTTT,K25,1,32,69
25137189,Nguyen Van Thao,2.14,5.35,1,2003-11-30,CKM,K24,0,121,95
25137190,Hoang Van Thao,2.43,6.08,0,2004-10-04,CKM,K25,0,127,75
25137191,Pham Thi Linh,2.98,7.45,0,2001-10-14,CNOT,K24,0,88,69
25137192,Dang Van Giang,1.67,4.17,0,2007-10-02,CNTT,K24,0,40,65
25137193,Le Van Thao,1.63,4.07,1,2002-09-16,HTTT,K25,0,59,75
25137194,Ngo Thi Dung,2.34,5.85,1,2007-05-10,CNTT,K22,0,131,85
25137195,Mai Thi Trang,2.8,7.0,1,2001-05-19,HTTT,K25,0,59,69
25137196,Dang Van Phuc,2.15,5.38,1,2003-12-06,CNOT,K24,0,47,58
25137197,Huynh Van Dung,2.58,6.45,1,2002-06-07,DTVT,K25,0,134,51
25137198,Nguyen Van Chi,3.32,8.3,0,2002-06-12,HTTT,K24,0,124,69
25137199,Nguyen Van Hieu,3.1,7.75,1,2002-04-10,KTPM,K25,0,107,82
25137200,Mai Thi Quan,1.86,4.65,0,2006-05-02,CNTT,K22,0,113,76
25137201,Do Van Thao,3.53,8.82,0,2002-03-15,CKM,K22,0,137,86
25137202,Tran Thi Hieu,2.16,5.4,1,2005-03-31,CNOT,K25,0,84,61
25137203,Dang Van Duc,2.58,6.45,1,2004-07-13,KTMT,K24,0,65,85
25137204,Ngo Thi Thao,3.06,7.65,0,2001-09-28,HTTT,K25,1,43,77
25137205,Huynh Van Minh,2.95,7.38,0,2004-10-29,KTMT,K24,0,134,81
25137206,Do Van Minh,3.78,9.45,1,2004-02-24,KTPM,K21,0,47,95
25137207,Duong Van Chi,2.44,6.1,0,2001-02-19,KTMT,K22,0,139,93
25137208,Truong Van An,2.18,5.45,1,2003-04-04,CKM,K25,0,43,95
25137209,Tran Thi Chi,1.86,4.65,1,2005-01-27,CNTT,K25,0,125,91
25137210,Hoang Van Nam,3.66,9.15,0,2002-04-17,HTTT,K23,0,128,84
25137211,Nguyen Van An,3.28,8.2,0,2003-06-02,QTKD,K22,0,36,90
25137212,Truong Van Khanh,2.16,5.4,0,2001-06-17,KTPM,K23,0,78,82
25137213,Mai Thi Binh,2.01,5.02,1,2006-02-02,KTPM,K25,0,136,79
25137214,Truong Van Minh,1.65,4.12,1,2001-02-02,KTPM,K23,1,96,54
25137215,Phan Thi Son,3.08,7.7,1,2001-11-03,CKM,K25,1,54,75
25137216,Phan Thi Son,2.46,6.15,1,2004-08-01,CKM,K23,0,113,97
25137217,Vo Thi Hieu,1.62,4.05,1,2003-04-04,QTKD,K22,0,129,71
25137218,Ngo Thi Quan,3.78,9.45,1,2003-11-17,DTVT,K21,0,127,95
25137219,Dang Van Thao,2.26,5.65,1,2003-05-13,QTKD,K24,0,129,87
25137220,Truong Van Chi,3.01,7.52,1,2001-05-08,CNOT,K24,1,79,59
25137221,Mai Thi Hieu,1.75,4.38,1,2003-11-24,KT,K21,0,71,65
25137222,Do Van Linh,2.78,6.95,1,2004-10-28,KTMT,K22,0,132,78
25137223,Dang Van An,2.4,6.0,1,2006-11-01,CNOT,K24,0,53,75
25137224,Bui Thi Hieu,2.75,6.88,0,2007-11-08,KTMT,K24,0,127,82
25137225,Le Van Giang,2.62,6.55,0,2003-06-09,CKM,K23,1,103,87
25137226,Ngo Thi Minh,3.25,8.12,1,2006-10-15,KHMT,K23,0,65,80
25137227,Bui Thi Khanh,3.74,9.35,1,2006-03-26,CNOT,K21,1,69,97
25137228,Huynh Van Dung,2.14,5.35,1,2005-05-21,CKM,K25,0,74,65
25137229,Huynh Van An,2.35,5.88,0,2004-04-24,DTVT,K21,0,80,61
25137230,Tran Thi Vy,2.67,6.67,0,2003-02-12,CNOT,K22,0,129,90
25137231,Tran Thi Dung,2.15,5.38,0,2006-12-28,HTTT,K22,0,117,56
25137232,Vo Thi Thao,3.74,9.35,1,2002-07-01,QTKD,K22,0,70,51
25137233,Mai Thi Vy,3.69,9.22,1,2007-03-16,QTKD,K25,1,138,50
25137234,Ngo Thi Giang,3.25,8.12,1,2003-05-19,DTVT,K24,0,93,51
25137235,Hoang Van Minh,3.04,7.6,1,2001-05-16,HTTT,K23,0,135,87
25137236,Hoang Van Hieu,2.37,5.93,1,2001-11-21,KTMT,K22,0,139,88
25137237,Hoang Van Hieu,2.6,6.5,1,2001-04-19,KTMT,K22,0,145,65
25137238,Hoang Van Thao,3.63,9.07,1,2004-07-27,QTKD,K25,0,140,59
25137239,Vo Thi Vy,3.54,8.85,0,2002-01-18,CNTT,K23,0,54,60
25137240,Phan Thi Giang,2.44,6.1,0,2001-01-22,KTMT,K25,0,125,99
25137241,Bui Thi Giang,2.11,5.27,1,2005-01-24,CNOT,K24,0,51,70
25137242,Tran Thi Minh,3.25,8.12,1,2007-11-29,CNOT,K21,0,70,82
25137243,Tran Thi Duc,2.31,5.78,0,2007-01-27,CNTT,K21,0,60,73
25137244,Truong Van Thao,2.59,6.47,0,2001-12-04,QTKD,K23,0,40,92
25137245,Duong Van Quan,2.37,5.93,0,2007-07-16,CNTT,K25,0,135,61
25137246,Vo Thi An,3.69,9.22,1,2007-07-25,CNTT,K24,0,120,54
25137247,Ngo Thi Chi,3.94,9.85,0,2007-07-26,HTTT,K22,0,118,66
25137248,Pham Thi Tuan,2.75,6.88,0,2007-03-20,DTVT,K24,0,100,95
25137249,Vo Thi Quan,3.27,8.18,1,2005-08-02,KHMT,K23,0,118,55
25137250,Huynh Van Hieu,2.31,5.78,1,2003-10-10,CNTT,K25,0,131,56
25137251,Vo Thi Hieu,3.08,7.7,1,2004-11-27,CKM,K24,0,137,72
25137252,Vo Thi Chi,2.15,5.38,0,2006-10-12,KTMT,K23,0,50,80
25137253,Duong Van Giang,3.67,9.18,1,2002-09-02,KTPM,K25,0,122,70
25137254,Ngo Thi Son,3.43,8.58,0,2006-09-19,QTKD,K21,0,45,98
25137255,Bui Thi Nam,3.8,9.5,1,2004-07-19,KT,K21,0,46,92
25137256,Mai Thi Tuan,1.76,4.4,1,2002-07-18,CNTT,K23,0,55,54
25137257,Hoang Van Ngoc,3.57,8.92,1,2007-09-22,KTPM,K25,0,94,69
25137258,Dang Van Tuan,1.84,4.6,0,2003-05-21,KT,K21,0,45,55
25137259,Do Van Chi,1.58,3.95,0,2006-11-21,CNOT,K24,1,90,70
25137260,Huynh Van Quan,2.53,6.32,0,2006-07-12,DTVT,K22,0,112,80
25137261,Mai Thi An,2.24,5.6,1,2005-02-13,QTKD,K25,0,45,55
25137262,Nguyen Van Giang,3.85,9.62,0,2001-07-21,CNTT,K21,0,75,64
25137263,Hoang Van Hieu,1.82,4.55,1,2001-12-17,HTTT,K24,0,143,55
25137264,Vo Thi An,3.25,8.12,1,2004-11-06,KTPM,K23,0,75,92
25137265,Vo Thi Linh,3.3,8.25,1,2003-12-05,CNTT,K21,0,61,57
25137266,Dang Van Tuan,3.94,9.85,1,2001-05-13,KTPM,K21,0,123,81
25137267,Bui Thi Vy,3.31,8.28,1,2001-03-09,KT,K22,0,79,70
25137268,Huynh Van Son,2.59,6.47,1,2006-10-23,DTVT,K23,0,121,90
25137269,Vo Thi Ngoc,2.32,5.8,1,2006-04-13,KT,K25,1,124,87
25137270,Truong Van Chi,2.67,6.67,1,2002-08-06,CKM,K21,0,45,75
25137271,Tran Thi Son,3.84,9.6,0,2005-04-05,KT,K25,0,42,59
25137272,Ngo Thi An,3.81,9.53,0,2005-03-30,KTMT,K25,0,105,55
25137273,Pham Thi Hai,1.78,4.45,0,2003-01-30,QTKD,K25,0,55,53
25137274,Vo Thi Nam,2.11,5.27,1,2003-12-14,CNTT,K22,0,35,68
25137275,Pham Thi An,3.7,9.25,1,2005-09-04,KTPM,K24,0,34,63
25137276,Do Van Giang,3.94,9.85,1,2005-02-13,QTKD,K23,0,85,92
25137277,Nguyen Van Khanh,2.15,5.38,0,2007-11-16,KTPM,K23,0,148,99
25137278,Huynh Van An,2.0,5.0,1,2007-01-10,HTTT,K23,0,46,80
25137279,Mai Thi An,2.0,5.0,0,2006-10-09,CKM,K25,0,114,52
25137280,Tran Thi Binh,2.16,5.4,0,2006-05-30,HTTT,K22,0,117,100
25137281,Vo Thi Binh,1.93,4.83,0,2003-10-10,CNOT,K23,0,119,69
25137282,Pham Thi Son,1.83,4.58,1,2005-06-24,HTTT,K24,0,150,58
25137283,Duong Van Phuc,2.16,5.4,1,2007-01-31,CKM,K24,0,142,70
25137284,Vo Thi Son,2.18,5.45,0,2007-12-19,KTPM,K25,0,122,70
25137285,Hoang Van Nam,2.73,6.83,1,2005-04-16,CKM,K23,0,106,69
25137286,Pham Thi Hieu,1.54,3.85,1,2005-08-01,HTTT,K25,0,116,66
25137287,Mai Thi Vy,1.9,4.75,1,2007-04-26,CNTT,K21,1,49,83
25137288,Phan Thi Ngoc,3.35,8.38,0,2003-06-17,KHMT,K22,1,136,62
25137289,Bui Thi Khanh,3.9,9.75,1,2003-09-16,KTMT,K23,0,39,81
25137290,Vo Thi Vy,1.74,4.35,0,2006-10-03,DTVT,K23,0,82,70
25137291,Truong Van Hieu,3.25,8.12,0,2003-08-15,KTMT,K24,0,79,99
25137292,Truong Van Quan,3.46,8.65,0,2007-11-18,KTPM,K22,0,145,56
25137293,Duong Van Trang,3.84,9.6,0,2007-06-07,CNTT,K22,0,79,74
25137294,Vo Thi Minh,3.9,9.75,1,2001-03-11,KTPM,K25,0,143,50
25137295,Bui Thi Thao,1.93,4.83,1,2005-04-26,KHMT,K25,0,131,80
25137296,Dang Van Trang,1.74,4.35,1,2002-08-13,CNTT,K24,0,92,97
25137297,Phan Thi Tuan,2.38,5.95,0,2007-03-07,CNOT,K23,1,135,83
25137298,Do Van Thao,3.91,9.78,1,2002-08-13,KTPM,K21,0,132,56
25137299,Nguyen Van Minh,3.91,9.78,0,2004-03-21,QTKD,K25,0,98,69
25137300,Phan Thi Hai,3.88,9.7,1,2004-07-03,CNTT,K23,0,113,78
25137301,Phan Thi Thao,2.95,7.38,0,2003-08-17,CNOT,K25,0,95,86
25137302,Vo Thi Ngoc,2.78,6.95,1,2005-07-16,QTKD,K21,0,37,79
25137303,Ngo Thi Nam,1.99,4.97,0,2007-06-09,QTKD,K23,0,104,53
25137304,Huynh Van An,1.84,4.6,1,2003-08-08,DTVT,K22,1,137,50
25137305,Truong Van Ngoc,2.23,5.58,0,2003-03-28,QTKD,K23,0,115,67
25137306,Ngo Thi Linh,2.83,7.08,1,2007-01-12,HTTT,K23,0,42,65
25137307,Truong Van Trang,3.18,7.95,0,2002-11-13,HTTT,K23,0,138,88
25137308,Le Van Dung,2.1,5.25,1,2006-12-05,KTPM,K24,0,92,51
25137309,Ngo Thi Tuan,3.58,8.95,1,2003-02-01,KTPM,K21,1,79,62
25137310,Dang Van Son,3.17,7.92,0,2002-10-18,KTPM,K23,1,89,98
25137311,Pham Thi Minh,1.64,4.1,0,2002-09-27,KTMT,K22,0,60,94
25137312,Le Van Son,3.18,7.95,1,2002-10-24,CNOT,K25,0,129,69
25137313,Ngo Thi Dung,3.08,7.7,1,2006-07-25,KHMT,K23,0,110,78
25137314,Le Van Tuan,2.74,6.85,0,2002-08-30,CNTT,K21,1,50,66
25137315,Nguyen Van Giang,3.78,9.45,0,2005-07-01,KTMT,K25,0,59,98
25137316,Pham Thi Linh,2.29,5.72,1,2004-04-24,DTVT,K23,0,112,50
25137317,Dang Van An,3.83,9.57,0,2003-09-21,CKM,K25,0,66,92
25137318,Huynh Van Khanh,3.09,7.72,1,2007-05-12,KTPM,K22,0,92,99
25137319,Tran Thi Trang,2.01,5.02,1,2007-02-28,KTMT,K25,0,136,91
25137320,Huynh Van Linh,1.82,4.55,1,2004-03-03,QTKD,K22,1,132,64
25137321,Tran Thi Duc,1.78,4.45,1,2001-06-04,KTMT,K23,0,76,58
25137322,Duong Van Ngoc,1.75,4.38,1,2003-10-15,HTTT,K24,0,36,75
25137323,Phan Thi Chi,2.06,5.15,1,2006-08-23,KHMT,K21,0,126,78
25137324,Hoang Van Khanh,1.53,3.83,0,2006-07-20,HTTT,K24,0,124,60
25137325,Huynh Van Son,3.94,9.85,1,2001-05-31,KTPM,K23,0,127,61
25137326,Truong Van Vy,3.72,9.3,1,2004-02-09,KT,K25,1,32,70
25137327,Hoang Van Quan,2.56,6.4,0,2001-12-15,KHMT,K21,0,102,74
25137328,Mai Thi Hieu,2.25,5.62,0,2002-04-04,DTVT,K25,0,62,60
25137329,Duong Van Tuan,3.93,9.83,0,2005-11-17,DTVT,K24,0,38,70
25137330,Nguyen Van Binh,3.61,9.03,1,2005-09-29,CNOT,K23,0,93,78
25137331,Tran Thi Phuc,2.18,5.45,1,2001-08-15,KTMT,K21,1,37,70
25137332,Tran Thi An,2.13,5.32,0,2001-02-25,KHMT,K22,0,72,81
25137333,Le Van Linh,1.5,3.75,0,2001-10-30,DTVT,K24,1,83,91
25137334,Tran Thi Tuan,2.07,5.17,0,2004-08-10,KHMT,K25,0,142,79
25137335,Truong Van Nam,3.24,8.1,0,2007-04-11,KHMT,K24,0,139,53
25137336,Huynh Van Binh,2.53,6.32,0,2002-09-30,QTKD,K25,0,80,93
25137337,Huynh Van Minh,3.51,8.77,0,2006-12-02,KTPM,K22,0,105,83
25137338,Huynh Van Hieu,2.58,6.45,0,2003-01-23,QTKD,K24,0,98,89
25137339,Pham Thi An,3.29,8.22,1,2003-03-25,DTVT,K21,0,44,57
25137340,Vo Thi An,3.47,8.68,1,2001-09-12,KTMT,K21,1,106,53
25137341,Bui Thi Nam,3.47,8.68,1,2007-08-05,KT,K24,0,135,81
25137342,Mai Thi Thao,3.3,8.25,1,2001-03-06,CKM,K21,1,42,56
25137343,Duong Van Chi,1.56,3.9,0,2001-09-06,KTPM,K21,1,48,76
25137344,Phan Thi Khanh,2.69,6.72,1,2007-08-24,KTPM,K21,0,45,66
25137345,Tran Thi An,2.83,7.08,0,2003-05-31,KTMT,K24,0,42,84
25137346,Nguyen Van Son,3.44,8.6,0,2003-04-11,QTKD,K25,0,135,74
25137347,Pham Thi Chi,3.64,9.1,1,2006-10-03,CKM,K21,0,53,89
25137348,Pham Thi Chi,3.96,9.9,0,2002-02-21,CKM,K21,0,63,67
25137349,Tran Thi An,3.71,9.28,1,2007-12-20,CNOT,K25,0,59,80
25137350,Tran Thi Hieu,2.43,6.08,0,2004-08-07,KTMT,K21,0,121,98
25137351,Le Van Chi,3.66,9.15,0,2007-04-30,QTKD,K25,0,83,61
25137352,Vo Thi Linh,3.48,8.7,1,2005-02-21,HTTT,K22,0,66,59
25137353,Le Van Son,3.5,8.75,1,2003-11-29,HTTT,K23,0,127,87
25137354,Mai Thi Son,2.79,6.97,0,2005-07-23,CKM,K23,1,51,72
25137355,Do Van Vy,1.56,3.9,0,2003-01-07,CNOT,K22,0,44,91
25137356,Ngo Thi Linh,3.4,8.5,1,2007-10-05,CKM,K21,0,122,90
25137357,Vo Thi Thao,3.95,9.88,0,2003-06-17,CKM,K24,1,44,100
25137358,Huynh Van Linh,2.14,5.35,0,2007-05-01,HTTT,K25,0,46,82
25137359,Pham Thi Phuc,3.41,8.53,1,2001-07-16,DTVT,K24,1,59,66
25137360,Pham Thi Vy,1.88,4.7,1,2001-08-23,HTTT,K25,1,65,55
25137361,Le Van Ngoc,3.62,9.05,0,2001-08-15,DTVT,K21,0,49,90
25137362,Phan Thi Nam,1.75,4.38,0,2005-03-18,CNOT,K23,1,98,66
25137363,Dang Van Tuan,3.43,8.58,1,2007-02-15,CNOT,K22,0,117,81
25137364,Tran Thi Linh,1.9,4.75,1,2006-07-23,QTKD,K24,0,40,59
25137365,Phan Thi Dung,2.6,6.5,0,2004-05-17,CNTT,K21,0,80,72
25137366,Pham Thi Trang,1.74,4.35,0,2007-08-02,KTMT,K25,0,46,61
25137367,Phan Thi Duc,3.57,8.92,1,2007-09-23,DTVT,K22,0,131,71
25137368,Duong Van Hieu,1.54,3.85,1,2006-02-28,DTVT,K21,0,125,50
25137369,Bui Thi Dung,1.61,4.03,1,2002-06-20,KHMT,K22,1,109,75
25137370,Bui Thi Phuc,1.54,3.85,1,2005-01-16,KT,K22,0,82,89
25137371,Phan Thi Tuan,3.3,8.25,1,2005-05-13,CNTT,K21,0,77,94
25137372,Bui Thi Thao,3.98,9.95,1,2005-09-20,KTMT,K22,0,80,76
25137373,Mai Thi Ngoc,1.76,4.4,1,2007-09-27,HTTT,K24,0,74,98
25137374,Do Van Ngoc,2.77,6.92,1,2006-11-08,KTMT,K23,0,73,51
25137375,Dang Van Trang,2.78,6.95,0,2005-10-10,KTPM,K23,0,69,55
25137376,Tran Thi Binh,2.4,6.0,0,2003-07-15,HTTT,K22,0,97,86
25137377,Mai Thi Minh,1.87,4.68,1,2005-11-18,CNOT,K24,0,132,72
25137378,Duong Van Quan,2.97,7.43,0,2006-03-11,CKM,K25,0,51,71
25137379,Do Van Ngoc,3.46,8.65,0,2004-09-03,CNTT,K25,0,90,91
25137380,Phan Thi Khanh,3.95,9.88,0,2006-06-10,KTMT,K22,0,139,88
25137381,Ngo Thi Son,3.5,8.75,1,2004-08-13,CNOT,K24,1,138,94
25137382,Dang Van Vy,3.78,9.45,0,2003-01-27,KT,K24,0,92,86
25137383,Tran Thi Chi,1.91,4.77,0,2001-06-27,CKM,K23,0,149,80
25137384,Truong Van Nam,3.47,8.68,1,2004-11-09,KHMT,K25,0,130,54
25137385,Dang Van Minh,2.53,6.32,1,2007-06-06,HTTT,K24,0,69,85
25137386,Ngo Thi Tuan,3.63,9.07,0,2004-07-21,CNOT,K23,0,128,97
25137387,Vo Thi Chi,2.48,6.2,0,2004-03-01,CNOT,K23,0,33,58
25137388,Do Van Chi,1.6,4.0,0,2002-01-25,KHMT,K24,0,51,76
25137389,Hoang Van An,3.21,8.03,1,2006-11-05,KT,K24,0,100,88
25137390,Dang Van An,2.35,5.88,1,2003-09-11,QTKD,K23,0,37,97
25137391,Huynh Van Son,2.53,6.32,0,2002-05-20,KHMT,K25,0,113,91
25137392,Phan Thi Linh,3.93,9.83,0,2004-06-17,CNOT,K21,0,54,64
25137393,Do Van Tuan,1.96,4.9,0,2006-09-02,KT,K22,0,129,52
25137394,Mai Thi Quan,3.96,9.9,1,2003-11-15,KTPM,K22,0,131,53
25137395,Dang Van Vy,1.6,4.0,1,2001-11-10,CNTT,K24,0,46,56
25137396,Nguyen Van Thao,1.51,3.77,0,2003-11-26,HTTT,K22,1,112,87
25137397,Huynh Van Ngoc,2.67,6.67,1,2003-07-26,KT,K24,0,34,67
25137398,Duong Van Nam,1.96,4.9,0,2001-01-26,KTPM,K24,0,41,84
25137399,Nguyen Van Ngoc,3.68,9.2,1,2004-05-12,DTVT,K25,0,120,77
25137400,Bui Thi Binh,1.72,4.3,0,2001-03-24,KHMT,K24,0,118,51
25137401,Vo Thi Tuan,2.56,6.4,1,2006-09-10,DTVT,K23,0,88,62
25137402,Hoang Van Ngoc,2.97,7.43,1,2006-06-23,KT,K22,0,49,87
25137403,Le Van Chi,2.63,6.57,0,2001-05-03,KTMT,K23,0,66,82
25137404,Hoang Van An,3.13,7.82,0,2006-08-28,QTKD,K22,0,34,78
25137405,Vo Thi Son,1.76,4.4,1,2004-08-06,DTVT,K21,0,142,52
25137406,Mai Thi Binh,3.42,8.55,0,2001-10-31,KT,K25,0,87,94
25137407,Nguyen Van Hai,2.43,6.08,0,2005-08-09,CNOT,K21,0,61,91
25137408,Vo Thi Binh,1.93,4.83,1,2007-05-04,KTPM,K23,0,131,100
25137409,Pham Thi Minh,2.88,7.2,1,2001-08-16,KHMT,K25,0,64,86
25137410,Do Van Vy,3.29,8.22,0,2005-09-14,CKM,K21,0,72,70
25137411,Mai Thi Phuc,3.55,8.88,1,2005-06-10,HTTT,K22,1,83,91
25137412,Duong Van Phuc,1.54,3.85,1,2007-03-31,KTPM,K24,1,43,73
25137413,Truong Van Minh,2.1,5.25,0,2002-06-26,CNTT,K25,0,77,75
25137414,Bui Thi Duc,2.92,7.3,0,2005-04-12,CKM,K24,0,55,57
25137415,Nguyen Van Giang,3.58,8.95,0,2007-01-24,KHMT,K22,1,56,50
25137416,Le Van Linh,1.84,4.6,1,2004-11-10,KHMT,K23,0,36,84
25137417,Phan Thi An,3.38,8.45,1,2003-07-14,KTMT,K22,0,60,88
25137418,Hoang Van Hai,2.62,6.55,1,2003-02-27,KTPM,K24,0,32,82
25137419,Hoang Van Tuan,1.66,4.15,1,2001-09-10,KT,K22,0,65,87
25137420,Mai Thi Khanh,2.49,6.23,0,2007-01-11,CNTT,K24,1,57,82
25137421,Ngo Thi Hieu,2.55,6.38,0,2006-09-20,CNTT,K23,0,116,73
25137422,Bui Thi Trang,2.81,7.03,0,2006-08-21,KT,K22,0,127,63
25137423,Tran Thi Tuan,2.51,6.27,1,2001-12-01,QTKD,K23,0,60,89
25137424,Bui Thi Dung,3.04,7.6,1,2002-10-10,KTPM,K21,0,134,75
25137425,Bui Thi Hieu,2.32,5.8,0,2001-10-28,CNTT,K24,0,61,80
25137426,Dang Van Hai,3.47,8.68,1,2004-10-19,HTTT,K22,0,89,98
25137427,Do Van Thao,2.55,6.38,0,2006-06-15,KHMT,K25,0,122,91
25137428,Hoang Van Quan,2.02,5.05,1,2004-07-02,CNTT,K22,0,74,89
25137429,Hoang Van Vy,3.62,9.05,1,2004-09-11,DTVT,K21,0,120,76
25137430,Nguyen Van Quan,3.67,9.18,0,2003-05-06,CKM,K22,0,135,71
25137431,Pham Thi Tuan,3.71,9.28,0,2005-11-11,KT,K22,0,96,85
25137432,Tran Thi Tuan,3.01,7.52,1,2004-02-07,KT,K24,1,96,80
25137433,Tran Thi Trang,1.54,3.85,0,2003-03-20,KHMT,K23,0,150,95
25137434,Nguyen Van An,1.88,4.7,1,2004-07-20,HTTT,K25,0,30,68
25137435,Nguyen Van Tuan,1.51,3.77,0,2001-02-24,KTMT,K23,0,68,67
25137436,Duong Van Dung,3.92,9.8,0,2006-01-26,QTKD,K23,0,85,81
25137437,Vo Thi Duc,1.59,3.98,0,2006-03-22,CNOT,K25,1,87,64
25137438,Pham Thi Nam,3.9,9.75,1,2005-07-15,HTTT,K23,0,129,82
25137439,Le Van Nam,3.8,9.5,0,2007-06-23,CKM,K23,0,55,50
25137440,Tran Thi Binh,3.47,8.68,0,2006-07-10,CNOT,K24,0,88,80
25137441,Ngo Thi Giang,2.46,6.15,0,2005-06-27,HTTT,K22,0,76,75
25137442,Vo Thi Vy,2.52,6.3,1,2007-04-19,CKM,K23,0,138,62
25137443,Do Van Vy,2.75,6.88,1,2004-03-06,CNTT,K21,0,71,90
25137444,Truong Van Minh,2.34,5.85,0,2006-12-22,DTVT,K22,0,138,71
25137445,Hoang Van Son,1.69,4.22,1,2005-10-26,KHMT,K25,0,100,68
25137446,Phan Thi Binh,1.99,4.97,1,2003-06-02,HTTT,K22,0,110,62
25137447,Pham Thi Minh,2.32,5.8,1,2004-07-13,KT,K25,0,42,67
25137448,Do Van Nam,1.82,4.55,0,2007-04-30,KT,K24,0,73,57
25137449,Do Van Ngoc,1.91,4.77,0,2006-12-09,HTTT,K22,0,60,78
25137450,Dang Van Linh,2.71,6.78,0,2007-11-03,QTKD,K24,0,131,88
25137451,Vo Thi Binh,2.47,6.18,0,2002-03-11,KTMT,K23,0,72,80
25137452,Bui Thi An,2.5,6.25,0,2006-04-05,CNOT,K25,0,58,76
25137453,Dang Van Nam,2.42,6.05,1,2002-06-01,KT,K23,0,99,73
25137454,Dang Van Giang,3.46,8.65,0,2005-10-15,HTTT,K23,0,82,99
25137455,Bui Thi An,3.79,9.47,1,2007-08-03,HTTT,K24,0,45,70
25137456,Ngo Thi Chi,2.26,5.65,1,2006-04-13,CKM,K21,0,33,91
25137457,Nguyen Van Quan,2.85,7.12,0,2005-09-20,QTKD,K22,0,85,92
25137458,Vo Thi Binh,1.86,4.65,1,2001-02-26,CNTT,K21,0,113,79
25137459,Nguyen Van Ngoc,3.54,8.85,1,2007-05-05,QTKD,K23,0,31,79
25137460,Do Van Trang,1.66,4.15,0,2003-08-13,CNOT,K25,0,50,99
25137461,Nguyen Van Ngoc,1.89,4.72,1,2007-07-27,CKM,K21,0,140,58
25137462,Duong Van Binh,2.91,7.28,1,2005-05-08,QTKD,K25,1,141,87
25137463,Duong Van An,3.34,8.35,1,2002-03-27,CNOT,K23,0,128,83
25137464,Nguyen Van Son,2.6,6.5,0,2007-03-09,CNOT,K23,0,67,74
25137465,Tran Thi Ngoc,3.31,8.28,0,2007-01-13,CNOT,K25,0,106,77
25137466,Huynh Van Vy,3.63,9.07,1,2001-09-19,CKM,K21,0,78,58
25137467,Truong Van Quan,3.16,7.9,1,2002-10-05,KTMT,K22,0,62,86
25137468,Nguyen Van Tuan,2.35,5.88,0,2002-02-27,QTKD,K24,0,104,82
25137469,Do Van Trang,2.66,6.65,0,2003-03-06,KHMT,K23,0,43,80
25137470,Huynh Van Son,2.04,5.1,0,2006-08-17,CKM,K24,1,105,76
25137471,Ngo Thi Linh,1.61,4.03,1,2006-04-20,QTKD,K22,1,37,65
25137472,Ngo Thi Son,2.09,5.22,1,2006-07-05,KHMT,K23,0,82,58
25137473,Huynh Van Chi,3.6,9.0,1,2005-11-26,KTPM,K22,0,77,71
25137474,Tran Thi Nam,2.49,6.23,1,2005-06-13,CNOT,K25,0,104,77
25137475,Dang Van Ngoc,2.73,6.83,0,2003-10-01,CKM,K24,0,124,79
25137476,Duong Van Nam,1.89,4.72,1,2006-03-12,CNTT,K25,0,94,93
25137477,Truong Van Duc,2.5,6.25,0,2004-06-01,CNTT,K21,0,110,79
25137478,Pham Thi Phuc,2.92,7.3,0,2001-06-14,QTKD,K25,0,46,86
25137479,Le Van Thao,2.87,7.18,1,2002-08-11,KTPM,K21,0,77,89
25137480,Ngo Thi Vy,2.64,6.6,0,2001-02-15,CNTT,K25,0,83,76
25137481,Bui Thi Nam,2.18,5.45,1,2003-01-24,KHMT,K22,1,104,61
25137482,Mai Thi Phuc,1.65,4.12,1,2005-04-13,QTKD,K23,0,83,94
25137483,Duong Van Binh,1.51,3.77,1,2003-10-16,KHMT,K23,0,132,59
25137484,Dang Van Hai,3.91,9.78,1,2002-03-02,KHMT,K22,0,40,99
25137485,Tran Thi Minh,3.42,8.55,1,2006-11-06,KTMT,K22,0,40,66
25137486,Mai Thi Hieu,3.96,9.9,0,2005-07-31,DTVT,K22,0,41,87
25137487,Phan Thi Giang,3.91,9.78,1,2001-07-27,DTVT,K25,0,138,72
25137488,Mai Thi Thao,3.16,7.9,0,2003-04-07,KTPM,K21,0,35,56
25137489,Mai Thi Nam,2.89,7.23,0,2005-08-09,CKM,K25,1,87,66
25137490,Huynh Van Vy,2.1,5.25,0,2005-03-03,KHMT,K23,0,111,74
25137491,Bui Thi Linh,1.91,4.77,0,2003-10-25,KTMT,K24,0,39,85
25137492,Bui Thi Hieu,1.92,4.8,0,2003-12-08,KTMT,K23,0,136,68
25137493,Truong Van Duc,1.83,4.58,1,2002-07-05,HTTT,K23,0,55,71
25137494,Hoang Van Chi,2.28,5.7,1,2005-02-05,CNOT,K24,0,147,85
25137495,Huynh Van Quan,2.35,5.88,1,2005-03-31,KHMT,K21,0,105,66
25137496,Phan Thi Phuc,2.18,5.45,1,2002-12-22,KT,K25,0,114,75
25137497,Dang Van Trang,3.9,9.75,1,2005-11-19,KT,K24,0,65,60
25137498,Ngo Thi Binh,3.26,8.15,1,2004-06-07,KT,K21,0,72,100
25137499,Duong Van Linh,2.7,6.75,1,2005-11-25,CNTT,K21,0,128,52
25137500,Dang Van Hieu,3.39,8.47,1,2005-02-11,HTTT,K23,0,97,81
25137501,Do Van Thao,1.64,4.1,0,2005-01-22,CKM,K23,0,54,86
25137502,Vo Thi Hai,1.77,4.42,0,2003-02-10,KHMT,K22,0,114,75
25137503,Hoang Van Duc,3.52,8.8,1,2006-12-20,QTKD,K21,0,81,98
25137504,Huynh Van Giang,3.65,9.12,1,2006-11-28,KT,K25,0,85,56
25137505,Do Van Linh,3.25,8.12,1,2005-04-27,CNOT,K21,0,139,96
25137506,Truong Van Hai,1.98,4.95,0,2001-07-28,QTKD,K21,0,58,75
25137507,Truong Van Khanh,1.59,3.98,1,2005-09-01,KTMT,K23,1,138,81
25137508,Do Van Hai,2.01,5.02,1,2004-10-31,CNOT,K24,0,85,60
25137509,Duong Van Thao,2.68,6.7,0,2001-05-05,KHMT,K21,0,96,83
25137510,Nguyen Van Duc,1.52,3.8,1,2002-11-23,KTMT,K22,0,116,52
25137511,Huynh Van Nam,3.35,8.38,0,2006-10-28,KTMT,K21,0,54,57
25137512,Vo Thi Son,2.53,6.32,0,2005-06-30,KT,K22,0,49,64
25137513,Phan Thi Duc,2.87,7.18,1,2001-05-19,CKM,K23,0,107,53
25137514,Truong Van Hieu,2.65,6.62,0,2003-02-12,KTMT,K23,0,84,65
25137515,Nguyen Van Hai,2.21,5.53,1,2002-10-25,KTMT,K21,0,87,78
25137516,Le Van Phuc,3.33,8.32,0,2005-04-19,KTMT,K23,0,62,60
25137517,Mai Thi Trang,2.73,6.83,0,2002-11-21,KTMT,K25,0,94,89
25137518,Hoang Van Ngoc,3.13,7.82,1,2007-11-14,KTPM,K23,0,95,76
25137519,Le Van Phuc,2.06,5.15,0,2005-09-05,QTKD,K25,0,143,86
25137520,Nguyen Van Ngoc,1.86,4.65,0,2006-07-15,QTKD,K24,0,122,58
25137521,Do Van Linh,2.05,5.12,0,2003-02-11,KHMT,K21,0,96,76
25137522,Vo Thi Ngoc,2.74,6.85,0,2004-01-02,KTMT,K22,0,56,90
25137523,Huynh Van Tuan,2.93,7.33,1,2002-09-07,QTKD,K24,0,50,56
25137524,Duong Van Giang,2.9,7.25,0,2007-03-17,CNOT,K22,0,134,51
25137525,Duong Van Hieu,3.31,8.28,0,2001-10-13,KTPM,K22,0,74,56
25137526,Dang Van Binh,2.11,5.27,1,2005-12-17,KTPM,K25,0,37,67
25137527,Huynh Van Duc,3.65,9.12,0,2003-02-23,HTTT,K23,0,35,83
25137528,Do Van Tuan,2.57,6.42,1,2002-02-17,KT,K25,0,147,73
25137529,Duong Van Linh,2.17,5.42,0,2005-01-13,KHMT,K22,0,86,71
25137530,Mai Thi Thao,3.29,8.22,0,2004-01-16,CNTT,K23,0,45,68
25137531,Nguyen Van Giang,3.11,7.77,1,2002-09-07,KTMT,K23,0,138,93
25137532,Hoang Van Khanh,3.42,8.55,0,2002-10-15,HTTT,K23,0,81,89
25137533,Do Van Ngoc,3.78,9.45,0,2006-05-07,DTVT,K23,0,114,98
25137534,Pham Thi Nam,2.21,5.53,0,2007-04-16,HTTT,K21,0,120,81
25137535,Dang Van Hieu,2.94,7.35,1,2002-07-14,KTPM,K24,0,81,71
25137536,Pham Thi Trang,3.57,8.92,1,2002-11-29,HTTT,K21,0,44,90
25137537,Ngo Thi Chi,2.48,6.2,0,2003-03-12,CNOT,K21,0,68,71
25137538,Ngo Thi An,3.75,9.38,0,2003-12-02,KHMT,K24,0,105,96
25137539,Huynh Van Duc,2.93,7.33,0,2001-09-16,HTTT,K25,0,117,73
25137540,Vo Thi Minh,3.38,8.45,0,2003-07-24,CNOT,K25,0,114,83
25137541,Pham Thi Vy,3.15,7.88,0,2003-12-11,DTVT,K23,0,133,70
25137542,Truong Van Ngoc,2.12,5.3,1,2003-12-16,KHMT,K23,0,91,96
25137543,Phan Thi Trang,3.85,9.62,0,2007-09-05,DTVT,K25,0,64,80
25137544,Phan Thi Tuan,2.03,5.07,0,2002-08-21,CNTT,K23,0,31,96
25137545,Dang Van Chi,4.0,10.0,0,2003-04-25,KTMT,K24,0,138,91
25137546,Le Van Phuc,1.77,4.42,1,2004-10-24,QTKD,K22,0,145,77
25137547,Le Van Nam,3.82,9.55,0,2001-11-19,KTMT,K23,0,102,82
25137548,Vo Thi Dung,2.09,5.22,1,2006-04-11,KT,K23,0,34,56
25137549,Le Van Hieu,2.45,6.12,0,2003-09-11,CKM,K23,0,124,82
25137550,Phan Thi Duc,1.59,3.98,0,2007-05-31,CNOT,K25,0,51,96
25137551,Ngo Thi Khanh,2.79,6.97,1,2003-07-27,CKM,K24,0,124,94
25137552,Do Van Nam,2.0,5.0,0,2004-03-01,DTVT,K25,0,80,72
25137553,Duong Van Dung,1.61,4.03,1,2003-06-12,KTPM,K23,0,100,82
25137554,Dang Van Khanh,2.13,5.32,1,2005-04-13,DTVT,K24,0,53,87
25137555,Pham Thi Linh,3.68,9.2,1,2005-03-06,DTVT,K23,0,47,57
25137556,Mai Thi Hieu,2.03,5.07,1,2003-11-23,CNTT,K23,1,144,75
25137557,Phan Thi Minh,1.87,4.68,0,2001-12-13,CNOT,K25,0,71,58
25137558,Hoang Van Khanh,3.66,9.15,0,2003-08-15,HTTT,K25,0,50,80
25137559,Nguyen Van Dung,1.69,4.22,1,2004-10-29,KHMT,K25,0,75,79
25137560,Phan Thi Ngoc,1.89,4.72,0,2005-09-12,CKM,K21,0,71,73
25137561,Mai Thi An,2.77,6.92,1,2002-02-25,CNTT,K23,0,136,75
25137562,Huynh Van Vy,1.5,3.75,1,2006-08-17,DTVT,K22,0,147,99
25137563,Hoang Van Khanh,3.9,9.75,1,2004-08-01,CNTT,K24,1,111,89
25137564,Nguyen Van Chi,2.04,5.1,0,2007-02-04,QTKD,K21,0,81,88
25137565,Hoang Van An,3.34,8.35,1,2006-07-09,CNTT,K21,0,33,62
25137566,Tran Thi Giang,3.21,8.03,1,2007-11-08,QTKD,K24,1,96,57
25137567,Truong Van Hai,2.28,5.7,0,2001-03-02,CNOT,K23,0,120,56
25137568,Dang Van Ngoc,2.93,7.33,1,2002-12-12,QTKD,K24,0,129,75
25137569,Pham Thi Son,3.88,9.7,0,2007-07-20,QTKD,K21,0,115,86
25137570,Mai Thi Hai,2.45,6.12,0,2005-02-09,QTKD,K22,0,39,100
25137571,Dang Van Hai,1.75,4.38,1,2004-05-12,CKM,K22,1,53,75
25137572,Le Van Hieu,3.41,8.53,1,2001-01-03,QTKD,K22,0,88,82
25137573,Dang Van Khanh,3.91,9.78,1,2003-06-24,KT,K24,1,104,85
25137574,Nguyen Van Hieu,1.53,3.83,0,2003-08-22,KT,K25,0,42,100
25137575,Truong Van Duc,3.46,8.65,0,2006-03-06,QTKD,K25,0,66,73
25137576,Pham Thi Son,3.87,9.68,0,2005-11-26,KTMT,K25,0,134,60
25137577,Bui Thi Tuan,3.42,8.55,0,2004-08-26,HTTT,K24,0,149,79
25137578,Phan Thi Phuc,2.93,7.33,0,2002-09-04,CKM,K22,0,132,51
25137579,Duong Van Tuan,3.42,8.55,1,2005-10-06,KT,K24,0,36,57
25137580,Ngo Thi Phuc,3.12,7.8,1,2002-11-09,KTMT,K25,0,120,92
25137581,Pham Thi Tuan,2.36,5.9,0,2006-01-24,CNOT,K24,0,77,52
25137582,Duong Van Hieu,3.47,8.68,0,2007-11-27,HTTT,K25,0,82,97
25137583,Pham Thi Thao,2.56,6.4,0,2006-08-01,CNOT,K24,0,78,82
25137584,Bui Thi Chi,3.38,8.45,0,2001-12-06,KTMT,K25,0,81,57
25137585,Mai Thi Son,2.53,6.32,0,2006-05-25,CNTT,K23,0,126,69
25137586,Truong Van Trang,3.03,7.57,1,2004-10-06,KHMT,K24,0,145,59
25137587,Bui Thi Binh,2.62,6.55,1,2001-04-20,KHMT,K21,0,98,60
25137588,Vo Thi Nam,3.01,7.52,0,2005-05-09,CNTT,K25,0,118,80
25137589,Bui Thi Vy,3.54,8.85,1,2007-01-29,KTPM,K25,0,52,63
25137590,Le Van Ngoc,3.35,8.38,0,2004-12-31,KHMT,K21,0,80,89
25137591,Vo Thi Quan,1.52,3.8,1,2005-05-04,CKM,K25,0,113,58
25137592,Huynh Van An,1.71,4.28,0,2005-05-25,KTMT,K25,0,58,71
25137593,Do Van Dung,3.18,7.95,1,2004-04-16,QTKD,K23,0,103,73
25137594,Nguyen Van Son,3.63,9.07,1,2006-11-03,HTTT,K21,0,58,98
25137595,Nguyen Van Nam,3.85,9.62,1,2007-09-21,HTTT,K24,0,116,62
25137596,Mai Thi Minh,3.66,9.15,1,2005-08-09,QTKD,K22,1,39,63
25137597,Bui Thi Ngoc,1.8,4.5,0,2007-01-08,CNOT,K24,0,49,71
25137598,Hoang Van Nam,3.01,7.52,0,2004-10-23,KT,K21,0,118,84
25137599,Do Van Tuan,2.86,7.15,1,2003-03-18,CNTT,K24,0,137,87
25137600,Mai Thi Son,3.06,7.65,1,2003-11-15,CKM,K25,0,149,84
25137601,Ngo Thi Dung,1.82,4.55,0,2006-10-18,KTPM,K25,0,77,79
25137602,Do Van Binh,2.05,5.12,1,2005-02-01,KTPM,K23,0,144,50
25137603,Vo Thi Hai,1.75,4.38,1,2004-04-18,KHMT,K22,0,121,72
25137604,Le Van Thao,3.51,8.77,1,2001-11-25,KHMT,K23,0,36,99
25137605,Huynh Van Vy,2.62,6.55,1,2005-05-30,KHMT,K25,0,98,76
25137606,Mai Thi An,3.72,9.3,0,2004-06-06,QTKD,K25,0,138,97
25137607,Tran Thi Hai,3.25,8.12,0,2001-10-19,KHMT,K24,0,52,66
25137608,Nguyen Van Hai,3.01,7.52,0,2005-05-05,KTPM,K24,0,62,81
25137609,Do Van Phuc,3.37,8.43,1,2003-09-04,KTMT,K25,0,73,77
25137610,Dang Van Giang,1.78,4.45,1,2002-12-21,CKM,K23,1,77,97
25137611,Truong Van Minh,2.44,6.1,0,2007-01-22,CKM,K23,0,110,87
25137612,Vo Thi Son,2.73,6.83,0,2006-10-05,CKM,K25,0,109,68
25137613,Pham Thi Dung,2.59,6.47,1,2001-11-16,KTPM,K21,0,103,89
25137614,Dang Van Dung,2.19,5.47,1,2007-10-23,CNOT,K22,0,86,55
25137615,Nguyen Van Chi,2.2,5.5,1,2004-11-17,KTPM,K21,1,43,64
25137616,Truong Van Quan,3.94,9.85,0,2002-09-01,KTMT,K25,0,44,63
25137617,Nguyen Van Khanh,2.4,6.0,0,2001-02-05,KTPM,K22,0,139,91
25137618,Truong Van Tuan,2.42,6.05,0,2007-01-27,KTPM,K24,0,35,58
25137619,Do Van Binh,3.09,7.72,0,2003-06-21,CNTT,K22,1,120,88
25137620,Huynh Van Khanh,3.56,8.9,1,2005-09-18,DTVT,K24,0,52,59
25137621,Le Van Giang,1.63,4.07,0,2002-10-13,QTKD,K23,1,57,82
25137622,Vo Thi Vy,3.42,8.55,1,2005-04-21,KTPM,K21,0,98,71
25137623,Mai Thi Duc,2.7,6.75,1,2004-06-23,DTVT,K25,0,68,79
25137624,Truong Van Dung,2.37,5.93,1,2005-06-19,CKM,K25,0,91,81
25137625,Huynh Van Giang,3.12,7.8,0,2005-12-18,KTMT,K25,1,111,61
25137626,Nguyen Van Trang,1.78,4.45,0,2007-07-27,CNTT,K22,0,117,67
25137627,Dang Van Minh,1.98,4.95,0,2001-11-13,CNTT,K25,0,30,81
25137628,Duong Van Binh,2.74,6.85,1,2001-09-01,QTKD,K22,0,102,83
25137629,Dang Van Khanh,3.97,9.93,0,2007-05-03,QTKD,K23,1,62,85
25137630,Mai Thi Thao,2.12,5.3,0,2007-01-02,KHMT,K23,0,42,56
25137631,Le Van Phuc,2.42,6.05,0,2007-08-18,KTMT,K25,0,36,62
25137632,Pham Thi Linh,3.71,9.28,0,2007-04-24,KTMT,K24,0,135,76
25137633,Dang Van Dung,2.77,6.92,1,2006-06-13,KT,K23,0,105,84
25137634,Nguyen Van Binh,2.98,7.45,1,2001-05-31,CNOT,K23,0,138,88
25137635,Do Van Duc,1.85,4.62,1,2003-01-04,HTTT,K21,0,73,65
25137636,Ngo Thi Quan,1.72,4.3,1,2001-02-04,CNOT,K24,0,42,82
25137637,Mai Thi Dung,2.25,5.62,0,2003-04-20,DTVT,K24,0,97,69
25137638,Ngo Thi Quan,1.79,4.47,0,2002-11-02,QTKD,K22,0,101,96
25137639,Duong Van Trang,1.57,3.93,1,2004-10-06,DTVT,K22,1,48,75
25137640,Phan Thi Thao,3.37,8.43,1,2005-01-28,CNOT,K21,1,141,74
25137641,Do Van Khanh,2.06,5.15,1,2006-04-03,CNTT,K25,0,150,60
25137642,Tran Thi Hieu,1.71,4.28,1,2005-02-17,KTPM,K21,0,103,83
25137643,Duong Van Dung,3.63,9.07,1,2004-04-25,KT,K24,0,64,77
25137644,Truong Van Trang,2.33,5.83,0,2002-02-03,QTKD,K23,0,104,93
25137645,Huynh Van Ngoc,1.9,4.75,1,2005-09-18,KHMT,K24,0,74,60
25137646,Phan Thi Quan,3.67,9.18,1,2005-10-15,DTVT,K22,0,133,57
25137647,Huynh Van Tuan,3.24,8.1,0,2007-02-02,KHMT,K22,0,46,84
25137648,Bui Thi Binh,2.47,6.18,1,2007-04-28,CKM,K21,0,43,61
25137649,Vo Thi Nam,1.54,3.85,1,2003-05-25,CKM,K23,0,37,81
25137650,Le Van Dung,3.45,8.62,0,2001-12-09,HTTT,K22,0,75,51
25137651,Dang Van Duc,2.74,6.85,1,2005-10-19,CNOT,K25,1,41,80
25137652,Vo Thi Hieu,3.49,8.73,0,2003-04-11,KTMT,K23,0,150,77
25137653,Hoang Van Dung,3.81,9.53,0,2007-06-03,KT,K21,0,62,89
25137654,Vo Thi Linh,1.79,4.47,1,2004-06-04,KT,K21,0,102,69
25137655,Pham Thi Ngoc,3.88,9.7,0,2001-11-06,DTVT,K22,1,47,65
25137656,Hoang Van Minh,3.12,7.8,0,2002-07-12,DTVT,K22,0,72,100
25137657,Duong Van Binh,1.63,4.07,0,2001-08-20,KTMT,K22,0,134,56
25137658,Phan Thi Nam,3.59,8.97,1,2002-05-04,KTPM,K24,0,102,52
25137659,Ngo Thi Minh,2.19,5.47,0,2001-04-28,HTTT,K22,0,71,73
25137660,Huynh Van Khanh,2.72,6.8,1,2001-12-16,DTVT,K22,0,93,54
25137661,Hoang Van Chi,3.23,8.07,1,2002-07-03,CNOT,K23,0,147,71
25137662,Mai Thi Thao,3.74,9.35,1,2001-04-09,DTVT,K22,0,44,96
25137663,Nguyen Van Chi,2.55,6.38,0,2003-01-05,DTVT,K22,1,91,82
25137664,Nguyen Van Trang,1.79,4.47,1,2004-10-13,HTTT,K23,0,59,61
25137665,Do Van An,2.45,6.12,0,2003-08-08,QTKD,K22,0,86,78
25137666,Vo Thi Phuc,3.64,9.1,0,2001-01-28,CNTT,K25,0,145,90
25137667,Huynh Van Quan,3.11,7.77,1,2005-12-22,KHMT,K23,0,48,63
25137668,Pham Thi Vy,2.23,5.58,1,2007-02-14,KTMT,K21,0,41,75
25137669,Do Van Ngoc,2.38,5.95,1,2001-05-17,CNTT,K24,0,146,94
25137670,Bui Thi Hieu,3.17,7.92,0,2005-12-17,QTKD,K21,0,148,96
25137671,Tran Thi Duc,3.56,8.9,1,2007-04-30,HTTT,K21,0,145,98
25137672,Nguyen Van Hai,1.66,4.15,1,2005-06-25,KT,K22,0,53,70
25137673,Do Van Binh,1.73,4.33,1,2005-08-16,KTPM,K23,0,63,51
25137674,Phan Thi Minh,2.31,5.78,1,2006-06-19,KTPM,K21,1,86,74
25137675,Le Van Giang,2.03,5.07,1,2006-08-18,KTMT,K22,0,91,72
25137676,Phan Thi Minh,3.48,8.7,0,2004-11-13,CKM,K21,0,103,55
25137677,Dang Van Minh,3.06,7.65,0,2002-12-26,DTVT,K23,0,70,68
25137678,Duong Van Thao,2.21,5.53,1,2001-04-08,KHMT,K23,0,132,89
25137679,Huynh Van Chi,3.13,7.82,1,2004-12-31,CNOT,K23,0,142,55
25137680,Dang Van Vy,3.69,9.22,0,2001-12-19,QTKD,K25,0,125,73
25137681,Bui Thi Duc,2.21,5.53,0,2007-06-20,KTPM,K25,0,130,79
25137682,Vo Thi Minh,1.69,4.22,1,2003-04-07,QTKD,K25,0,84,70
25137683,Mai Thi Vy,2.85,7.12,0,2006-05-27,KTMT,K25,0,100,60
25137684,Phan Thi Hieu,3.99,9.98,1,2001-05-19,CNTT,K22,1,96,84
25137685,Huynh Van Hieu,1.55,3.88,0,2005-09-21,CNOT,K25,0,38,51
25137686,Truong Van Dung,3.57,8.92,0,2005-11-08,KHMT,K23,0,119,57
25137687,Truong Van An,2.29,5.72,0,2005-12-10,KTMT,K24,0,74,99
25137688,Do Van Hai,3.08,7.7,1,2005-01-13,QTKD,K22,0,107,57
25137689,Truong Van Nam,3.12,7.8,0,2006-11-17,CNTT,K24,0,31,68
25137690,Huynh Van Trang,2.82,7.05,0,2003-04-13,DTVT,K25,0,137,52
25137691,Le Van Khanh,2.01,5.02,0,2007-12-07,CKM,K24,0,120,77
25137692,Mai Thi Giang,2.64,6.6,0,2002-11-16,HTTT,K23,0,94,51
25137693,Mai Thi Son,3.66,9.15,0,2007-08-26,KHMT,K22,0,111,95
25137694,Do Van Khanh,2.48,6.2,1,2002-10-02,CNOT,K21,0,35,67
25137695,Huynh Van Phuc,3.47,8.68,1,2002-12-09,KT,K24,0,53,73
25137696,Do Van Vy,3.59,8.97,1,2004-09-26,KTPM,K25,0,65,89
25137697,Do Van Minh,2.93,7.33,1,2001-06-10,HTTT,K25,0,138,57
25137698,Duong Van Thao,3.5,8.75,1,2003-12-02,CNTT,K23,0,136,95
25137699,Bui Thi Giang,2.92,7.3,0,2006-02-04,DTVT,K21,0,145,80
25137700,Vo Thi Linh,1.93,4.83,0,2003-03-22,KT,K21,0,39,92
25137701,Vo Thi Nam,2.89,7.23,1,2004-03-27,DTVT,K21,0,59,88
25137702,Nguyen Van Binh,2.52,6.3,1,2003-07-27,CNTT,K22,0,48,54
25137703,Phan Thi Trang,2.96,7.4,0,2003-02-11,CNOT,K24,0,46,54
25137704,Le Van Trang,2.28,5.7,0,2007-03-28,DTVT,K25,0,104,92
25137705,Mai Thi Giang,1.91,4.77,1,2005-07-11,KTPM,K23,0,101,83
25137706,Do Van Tuan,3.36,8.4,0,2007-06-01,CKM,K24,0,77,56
25137707,Vo Thi Vy,3.76,9.4,1,2006-06-14,DTVT,K21,0,99,59
25137708,Tran Thi Linh,3.3,8.25,1,2002-05-20,KHMT,K23,0,107,57
25137709,Do Van Khanh,3.04,7.6,1,2004-04-07,KTPM,K23,0,137,92
25137710,Nguyen Van Son,2.83,7.08,1,2005-12-28,KT,K24,0,83,82
25137711,Mai Thi Khanh,1.69,4.22,1,2005-01-19,HTTT,K21,0,99,85
25137712,Ngo Thi Duc,2.6,6.5,0,2007-12-31,HTTT,K22,0,42,61
25137713,Vo Thi Giang,3.1,7.75,1,2003-08-11,KHMT,K24,1,125,98
25137714,Mai Thi Nam,3.94,9.85,1,2005-01-01,CNOT,K24,0,146,97
25137715,Pham Thi An,1.68,4.2,1,2003-11-03,CNTT,K22,0,52,95
25137716,Hoang Van Phuc,2.15,5.38,0,2002-07-17,KTMT,K21,0,86,62
25137717,Phan Thi Vy,1.94,4.85,1,2001-06-09,KTMT,K24,0,125,73
25137718,Phan Thi Nam,3.52,8.8,1,2005-10-18,KTMT,K23,0,37,61
25137719,Bui Thi Khanh,3.94,9.85,0,2005-07-03,DTVT,K21,0,61,90
25137720,Bui Thi Son,3.03,7.57,0,2002-08-23,CNTT,K22,0,83,84
25137721,Vo Thi Chi,3.03,7.57,1,2005-11-23,QTKD,K22,0,40,50
25137722,Tran Thi Son,3.62,9.05,1,2004-03-09,CNOT,K24,0,52,72
25137723,Mai Thi Chi,3.24,8.1,1,2002-06-13,DTVT,K24,0,83,79
25137724,Do Van Nam,1.89,4.72,0,2007-01-21,KTPM,K23,0,147,100
25137725,Bui Thi Quan,2.14,5.35,1,2002-08-31,QTKD,K24,0,54,62
25137726,Do Van Dung,3.84,9.6,0,2001-05-08,KTMT,K22,0,90,88
25137727,Hoang Van Duc,2.78,6.95,1,2003-09-20,CKM,K21,0,146,82
25137728,Huynh Van Quan,3.8,9.5,0,2002-03-10,KTMT,K22,0,103,67
25137729,Do Van Thao,2.08,5.2,0,2006-06-27,KT,K25,0,93,52
25137730,Tran Thi Ngoc,2.33,5.83,0,2002-08-17,KTPM,K23,0,69,78
25137731,Bui Thi Ngoc,3.06,7.65,0,2005-10-18,CNOT,K22,0,103,96
25137732,Vo Thi Ngoc,2.56,6.4,1,2005-05-25,CNTT,K24,0,103,80
25137733,Hoang Van Linh,1.57,3.93,1,2006-12-02,CNOT,K21,0,95,84
25137734,Le Van Duc,2.29,5.72,1,2005-05-09,CNOT,K21,0,68,93
25137735,Phan Thi Son,3.79,9.47,0,2001-01-19,CNTT,K25,0,84,88
25137736,Ngo Thi Khanh,1.66,4.15,0,2005-07-05,CNOT,K23,0,140,92
25137737,Tran Thi Thao,2.26,5.65,0,2005-06-10,QTKD,K23,0,86,50
25137738,Duong Van Binh,2.78,6.95,1,2003-06-21,HTTT,K24,0,146,57
25137739,Hoang Van Dung,3.86,9.65,1,2004-04-11,CNTT,K23,0,72,96
25137740,Pham Thi Minh,2.84,7.1,1,2001-08-31,QTKD,K24,0,85,78
25137741,Do Van Hieu,3.67,9.18,0,2005-12-23,KT,K22,0,60,80
25137742,Nguyen Van Vy,2.95,7.38,0,2002-12-16,KHMT,K23,0,47,80
25137743,Duong Van Quan,1.62,4.05,0,2001-04-11,KTPM,K21,0,146,57
25137744,Phan Thi Dung,1.52,3.8,1,2004-12-04,KTMT,K23,0,64,69
25137745,Nguyen Van Thao,2.77,6.92,0,2006-01-03,DTVT,K22,0,64,98
25137746,Huynh Van Minh,2.02,5.05,0,2001-07-15,DTVT,K24,0,133,61
25137747,Dang Van Phuc,3.23,8.07,1,2007-01-24,CNTT,K24,0,56,100
25137748,Duong Van Quan,3.68,9.2,0,2006-11-04,KTMT,K23,0,60,75
25137749,Mai Thi Quan,3.85,9.62,1,2005-04-07,CKM,K24,0,101,54
25137750,Do Van Tuan,2.65,6.62,0,2007-09-04,CNOT,K25,0,94,52
25137751,Hoang Van An,1.91,4.77,0,2006-09-13,CNOT,K22,0,45,55
25137752,Phan Thi Giang,2.75,6.88,0,2007-07-26,KTPM,K21,0,54,72
25137753,Phan Thi Linh,2.0,5.0,0,2004-12-17,CNTT,K22,0,145,82
25137754,Dang Van Dung,3.78,9.45,1,2003-08-12,KHMT,K24,0,114,86
25137755,Phan Thi Ngoc,3.92,9.8,0,2005-06-15,CKM,K21,0,88,94
25137756,Huynh Van An,1.86,4.65,1,2005-09-21,KHMT,K25,0,104,61
25137757,Pham Thi Linh,3.08,7.7,1,2002-06-26,KT,K21,0,57,79
25137758,Dang Van Binh,2.9,7.25,1,2004-10-17,CNOT,K22,0,51,52
25137759,Truong Van Nam,3.36,8.4,0,2004-06-24,KTPM,K24,1,80,59
25137760,Tran Thi Linh,3.41,8.53,1,2005-04-02,CNOT,K23,0,85,85
25137761,Truong Van Phuc,3.77,9.43,0,2004-03-18,KTPM,K23,0,91,96
25137762,Tran Thi Khanh,3.02,7.55,1,2005-08-23,HTTT,K21,0,37,57
25137763,Phan Thi An,3.55,8.88,1,2007-08-03,CNTT,K22,0,81,72
25137764,Nguyen Van Son,1.72,4.3,1,2006-05-31,HTTT,K22,0,96,54
25137765,Tran Thi Giang,2.18,5.45,0,2005-04-08,QTKD,K22,1,89,52
25137766,Tran Thi Quan,2.47,6.18,0,2007-06-13,QTKD,K25,0,149,79
25137767,Tran Thi Trang,2.55,6.38,1,2004-05-14,KT,K24,1,149,59
25137768,Do Van Ngoc,3.84,9.6,0,2006-10-12,KTMT,K22,1,101,79
25137769,Phan Thi An,3.59,8.97,1,2006-04-28,HTTT,K21,0,75,82
25137770,Bui Thi Hai,1.95,4.88,1,2006-05-26,CNTT,K25,1,72,99
25137771,Dang Van Duc,3.27,8.18,1,2007-08-06,CNTT,K22,0,30,78
25137772,Truong Van Linh,3.33,8.32,1,2004-11-04,HTTT,K23,0,64,70
25137773,Dang Van Tuan,3.42,8.55,0,2004-06-10,CNTT,K22,1,52,52
25137774,Hoang Van Tuan,3.48,8.7,0,2004-10-14,HTTT,K25,1,33,86
25137775,Hoang Van Khanh,3.68,9.2,0,2003-07-03,QTKD,K21,0,65,94
25137776,Hoang Van Son,2.41,6.03,0,2004-07-29,KTMT,K21,0,45,95
25137777,Hoang Van Nam,1.52,3.8,1,2002-01-27,KTPM,K24,0,59,56
25137778,Tran Thi Phuc,1.56,3.9,0,2005-11-17,CNTT,K22,1,84,77
25137779,Phan Thi Hai,3.21,8.03,1,2002-06-01,CKM,K25,0,41,71
25137780,Duong Van Chi,2.84,7.1,0,2007-03-05,KHMT,K21,1,49,91
25137781,Dang Van Minh,1.97,4.92,0,2005-01-23,DTVT,K23,0,54,86
25137782,Phan Thi Son,2.74,6.85,1,2001-05-22,CNOT,K25,0,105,66
25137783,Vo Thi Thao,3.75,9.38,1,2002-06-11,HTTT,K25,0,38,55
25137784,Do Van Tuan,3.6,9.0,1,2006-01-13,KHMT,K23,0,30,100
25137785,Dang Van Chi,3.88,9.7,1,2002-05-20,KT,K21,0,90,52
25137786,Dang Van Vy,2.21,5.53,1,2002-04-20,CNTT,K24,0,37,70
25137787,Vo Thi Ngoc,3.18,7.95,0,2006-06-15,CKM,K21,0,90,75
25137788,Vo Thi Phuc,3.55,8.88,0,2003-12-22,KTMT,K21,0,145,75
25137789,Le Van Minh,3.49,8.73,0,2005-07-22,KHMT,K23,0,81,86
25137790,Mai Thi An,3.0,7.5,1,2003-08-19,CKM,K21,0,72,72
25137791,Pham Thi Binh,3.52,8.8,0,2002-04-19,HTTT,K22,0,117,96
25137792,Le Van Khanh,1.52,3.8,1,2007-02-12,KTMT,K25,0,43,64
25137793,Hoang Van Nam,3.2,8.0,1,2005-12-06,DTVT,K25,0,41,59
25137794,Vo Thi An,2.74,6.85,0,2006-04-29,KTMT,K23,1,68,97
25137795,Truong Van Son,3.21,8.03,1,2007-04-11,KT,K21,0,123,88
25137796,Mai Thi Binh,1.61,4.03,1,2004-04-16,KHMT,K22,0,104,72
25137797,Tran Thi Tuan,3.28,8.2,0,2003-05-28,KTMT,K23,0,62,90
25137798,Vo Thi Khanh,2.94,7.35,1,2005-01-25,CNTT,K21,0,61,67
25137799,Ngo Thi Quan,3.42,8.55,0,2004-12-30,KTPM,K25,1,123,67
25137800,Hoang Van Hieu,2.58,6.45,1,2004-02-15,CKM,K21,0,83,60
25137801,Vo Thi Chi,2.17,5.42,1,2003-01-03,CKM,K23,0,106,91
25137802,Hoang Van Phuc,1.9,4.75,0,2006-07-27,KHMT,K21,0,76,87
25137803,Phan Thi Hieu,1.97,4.92,1,2004-11-29,CKM,K24,0,59,84
25137804,Huynh Van Vy,3.35,8.38,0,2003-11-14,CNTT,K21,0,125,83
25137805,Vo Thi Ngoc,1.73,4.33,0,2003-12-30,CNTT,K22,0,98,89
25137806,Hoang Van Thao,2.63,6.57,0,2002-05-08,KTPM,K22,0,148,50
25137807,Huynh Van Trang,3.61,9.03,1,2004-07-22,KT,K24,0,75,72
25137808,Bui Thi Tuan,2.62,6.55,0,2001-04-16,KHMT,K25,0,118,93
25137809,Le Van Nam,1.56,3.9,1,2006-02-19,KHMT,K21,0,59,82
25137810,Huynh Van Thao,2.78,6.95,0,2003-02-28,KTPM,K21,0,145,97
25137811,Mai Thi Binh,1.85,4.62,0,2003-12-20,KHMT,K23,0,59,74
25137812,Nguyen Van Thao,3.43,8.58,0,2003-05-08,KT,K24,0,108,58
25137813,Dang Van Chi,3.53,8.82,1,2002-02-14,KTMT,K22,0,82,61
25137814,Vo Thi Ngoc,2.77,6.92,0,2006-10-01,KTMT,K22,0,74,93
25137815,Mai Thi Nam,3.35,8.38,1,2006-02-22,KHMT,K25,0,53,53
25137816,Le Van Trang,3.63,9.07,0,2005-02-03,KT,K23,0,138,88
25137817,Mai Thi Linh,2.28,5.7,0,2007-02-20,DTVT,K24,1,128,78
25137818,Le Van Thao,3.89,9.72,0,2001-10-06,KT,K21,1,65,53
25137819,Dang Van Chi,2.83,7.08,0,2003-12-07,CKM,K24,0,101,100
25137820,Do Van Thao,3.91,9.78,0,2003-09-19,CNOT,K23,0,107,70
25137821,Vo Thi Chi,3.77,9.43,1,2005-02-25,KTMT,K24,1,71,73
25137822,Truong Van Thao,2.46,6.15,0,2002-09-13,KHMT,K25,0,135,89
25137823,Phan Thi An,3.28,8.2,1,2006-03-16,CKM,K24,0,127,83
25137824,Nguyen Van Phuc,1.72,4.3,0,2007-11-12,KTMT,K23,0,36,65
25137825,Ngo Thi Quan,2.43,6.08,1,2002-02-02,CNTT,K22,0,123,94
25137826,Phan Thi Vy,3.3,8.25,0,2003-02-13,KT,K23,0,98,78
25137827,Pham Thi An,3.64,9.1,1,2003-10-07,CNOT,K23,0,66,96
25137828,Bui Thi Tuan,1.61,4.03,0,2002-01-10,KHMT,K23,0,35,70
25137829,Mai Thi Trang,2.56,6.4,1,2004-02-03,CNTT,K22,0,32,60
25137830,Phan Thi Vy,3.94,9.85,1,2005-10-11,CKM,K23,0,102,82
25137831,Mai Thi An,2.9,7.25,0,2006-03-07,KTPM,K22,1,133,64
25137832,Huynh Van Phuc,2.59,6.47,0,2007-08-13,KTPM,K21,0,125,53
25137833,Hoang Van Hai,3.74,9.35,0,2005-07-13,CNOT,K22,0,68,60
25137834,Do Van Binh,2.46,6.15,1,2006-07-17,KT,K23,0,105,54
25137835,Nguyen Van Binh,2.6,6.5,1,2007-04-23,KT,K23,0,67,54
25137836,Ngo Thi Khanh,3.32,8.3,1,2007-07-20,QTKD,K25,0,101,57
25137837,Le Van Tuan,2.44,6.1,0,2006-10-09,KHMT,K24,0,33,89
25137838,Duong Van Son,1.74,4.35,0,2007-07-29,KTMT,K21,0,109,67
25137839,Hoang Van Duc,3.53,8.82,1,2002-05-19,KTPM,K21,0,111,93
25137840,Duong Van Linh,1.68,4.2,1,2005-02-25,KT,K24,0,61,76
25137841,Tran Thi Nam,3.54,8.85,1,2005-01-05,QTKD,K21,0,78,98
25137842,Dang Van Chi,2.71,6.78,1,2003-05-24,DTVT,K21,0,86,86
25137843,Le Van Phuc,3.8,9.5,1,2005-11-14,CKM,K22,0,108,84
25137844,Dang Van Vy,1.86,4.65,1,2005-01-24,KTPM,K23,0,35,71
25137845,Ngo Thi Vy,3.65,9.12,0,2004-06-29,HTTT,K22,1,78,68
25137846,Bui Thi Hai,2.31,5.78,1,2007-03-06,DTVT,K23,0,43,81
25137847,Dang Van Dung,2.7,6.75,1,2002-05-15,KTPM,K25,0,67,73
25137848,Huynh Van Vy,2.53,6.32,0,2007-02-22,CNTT,K21,0,82,78
25137849,Mai Thi Minh,1.77,4.42,0,2002-12-06,KTPM,K22,0,63,94
25137850,Pham Thi An,3.24,8.1,1,2002-11-30,KHMT,K25,0,100,62
25137851,Nguyen Van Phuc,3.95,9.88,0,2003-10-30,CKM,K22,1,37,74
25137852,Bui Thi Quan,2.18,5.45,0,2001-02-04,KTPM,K25,0,59,87
25137853,Hoang Van Nam,2.04,5.1,0,2002-09-24,CNTT,K24,0,75,86
25137854,Duong Van An,3.39,8.47,0,2006-04-20,DTVT,K21,0,77,77
25137855,Huynh Van Thao,3.41,8.53,0,2004-10-20,KTPM,K22,0,77,97
25137856,Mai Thi Ngoc,3.34,8.35,0,2007-04-06,QTKD,K23,1,90,94
25137857,Hoang Van Khanh,2.6,6.5,0,2002-09-16,HTTT,K22,0,70,95
25137858,Ngo Thi Binh,1.57,3.93,0,2006-11-16,KTPM,K25,0,110,66
25137859,Truong Van Dung,2.9,7.25,1,2007-11-14,KT,K22,0,94,57
25137860,Dang Van Quan,2.62,6.55,0,2004-11-13,CNTT,K25,0,77,85
25137861,Duong Van Khanh,2.86,7.15,0,2001-10-31,CNTT,K22,1,49,75
25137862,Ngo Thi Binh,4.0,10.0,1,2003-06-12,CKM,K22,1,110,87
25137863,Do Van Son,3.04,7.6,0,2001-05-10,KHMT,K22,1,63,59
25137864,Mai Thi Quan,2.62,6.55,0,2002-03-20,CKM,K24,0,127,69
25137865,Le Van Minh,2.91,7.28,0,2007-10-08,KTPM,K23,0,46,98
25137866,Mai Thi Quan,3.93,9.83,1,2003-06-28,KTPM,K21,1,54,91
25137867,Phan Thi Khanh,1.7,4.25,0,2002-05-28,HTTT,K22,0,134,73
25137868,Huynh Van Binh,1.84,4.6,0,2004-03-07,CNTT,K23,0,108,70
25137869,Tran Thi Ngoc,1.71,4.28,1,2006-08-26,HTTT,K21,0,66,92
25137870,Hoang Van Trang,3.22,8.05,1,2005-01-15,DTVT,K21,0,137,80
25137871,Truong Van Dung,2.12,5.3,0,2003-06-17,CNTT,K22,0,125,68
25137872,Phan Thi Phuc,3.28,8.2,0,2002-07-01,CNTT,K25,0,91,80
25137873,Do Van Khanh,3.84,9.6,1,2006-09-23,KTPM,K23,0,42,54
25137874,Ngo Thi Tuan,3.66,9.15,1,2005-07-12,QTKD,K22,0,77,81
25137875,Ngo Thi Thao,3.58,8.95,0,2007-12-09,CKM,K24,0,132,85
25137876,Vo Thi Khanh,1.52,3.8,0,2003-02-20,KT,K24,0,86,76
25137877,Bui Thi Khanh,1.88,4.7,0,2003-10-16,HTTT,K22,0,150,99
25137878,Phan Thi Trang,1.6,4.0,1,2007-02-09,KT,K21,0,138,73
25137879,Ngo Thi Vy,4.0,10.0,1,2005-01-29,DTVT,K24,0,62,70
25137880,Pham Thi Vy,2.35,5.88,0,2004-06-14,DTVT,K25,0,130,58
25137881,Duong Van Phuc,2.5,6.25,1,2004-10-14,QTKD,K25,0,149,83
25137882,Huynh Van Hai,2.31,5.78,0,2003-07-28,KTPM,K25,0,60,87
25137883,Pham Thi Chi,3.74,9.35,0,2006-09-22,KTPM,K23,0,86,96
25137884,Duong Van Binh,2.53,6.32,1,2004-09-26,KTPM,K24,0,122,85
25137885,Bui Thi Phuc,3.86,9.65,0,2003-01-20,CNOT,K25,0,113,93
25137886,Ngo Thi Chi,2.67,6.67,1,2006-10-30,KTPM,K24,0,138,87
25137887,Phan Thi An,1.53,3.83,1,2007-03-15,QTKD,K22,0,136,80
25137888,Vo Thi Hieu,2.95,7.38,0,2007-04-24,HTTT,K24,0,44,95
25137889,Dang Van Tuan,2.25,5.62,0,2003-10-08,KTMT,K25,0,90,72
25137890,Duong Van Duc,3.41,8.53,0,2007-10-05,KTMT,K21,0,68,56
25137891,Hoang Van Tuan,3.62,9.05,1,2004-04-06,KHMT,K23,0,132,95
25137892,Do Van Son,2.73,6.83,1,2007-01-05,CNOT,K23,0,120,73
25137893,Phan Thi Giang,3.82,9.55,1,2004-04-13,CNOT,K23,0,103,79
25137894,Dang Van Ngoc,3.53,8.82,1,2001-06-16,CKM,K25,0,63,97
25137895,Nguyen Van Tuan,2.62,6.55,1,2003-08-01,KTMT,K25,0,124,66
25137896,Hoang Van Khanh,1.54,3.85,1,2001-07-19,DTVT,K25,0,134,98
25137897,Duong Van An,2.61,6.52,1,2003-10-09,KTPM,K21,0,94,60
25137898,Huynh Van Binh,2.94,7.35,0,2003-07-21,QTKD,K25,0,124,72
25137899,Phan Thi Giang,3.12,7.8,0,2002-04-19,HTTT,K24,1,131,99
25137900,Nguyen Van Khanh,3.39,8.47,0,2003-06-30,HTTT,K24,1,72,52
25137901,Mai Thi Tuan,2.79,6.97,1,2003-01-13,KTMT,K23,0,60,90
25137902,Bui Thi Chi,3.14,7.85,0,2006-11-23,CNOT,K23,0,88,86
25137903,Duong Van Giang,3.49,8.73,0,2001-08-27,KT,K22,0,61,59
25137904,Duong Van Ngoc,2.48,6.2,0,2003-09-25,CKM,K21,0,41,63
25137905,Pham Thi Thao,3.33,8.32,1,2003-06-14,KHMT,K24,0,105,75
25137906,Duong Van Phuc,2.96,7.4,1,2005-10-11,CNTT,K21,0,110,91
25137907,Bui Thi Linh,1.61,4.03,1,2003-05-14,CNOT,K25,0,109,82
25137908,Duong Van Trang,2.63,6.57,0,2004-08-26,KTPM,K25,0,60,80
25137909,Do Van An,1.78,4.45,0,2006-03-17,CKM,K23,0,131,69
25137910,Vo Thi Tuan,1.55,3.88,0,2001-03-31,KHMT,K24,0,129,69
25137911,Pham Thi Chi,1.68,4.2,0,2003-04-20,KTMT,K23,0,99,68
25137912,Nguyen Van Phuc,1.69,4.22,0,2005-10-08,CNTT,K21,0,59,57
25137913,Ngo Thi Binh,3.6,9.0,1,2006-11-03,KHMT,K21,0,46,66
25137914,Dang Van Son,2.57,6.42,1,2004-07-14,HTTT,K22,0,72,60
25137915,Pham Thi Thao,3.52,8.8,1,2003-04-20,CNTT,K21,0,77,62
25137916,Nguyen Van Tuan,2.88,7.2,0,2004-08-01,HTTT,K21,0,67,73
25137917,Nguyen Van Hieu,1.78,4.45,1,2006-10-16,DTVT,K25,0,75,100
25137918,Dang Van Trang,1.98,4.95,0,2002-02-20,KHMT,K22,0,41,99
25137919,Nguyen Van Linh,3.27,8.18,1,2002-04-27,KHMT,K24,1,131,98
25137920,Mai Thi Hieu,2.7,6.75,1,2007-06-07,KTMT,K23,1,60,67
25137921,Mai Thi Tuan,2.23,5.58,0,2005-09-27,HTTT,K23,0,126,78
25137922,Ngo Thi Son,3.92,9.8,0,2002-01-15,KTPM,K25,0,124,62
25137923,Ngo Thi Quan,3.2,8.0,0,2003-06-28,QTKD,K24,0,122,51
25137924,Truong Van Tuan,2.99,7.48,0,2005-07-13,KT,K21,0,56,71
25137925,Huynh Van Tuan,2.92,7.3,0,2003-11-20,CNOT,K22,0,67,55
25137926,Bui Thi Duc,2.04,5.1,1,2006-11-04,KTMT,K22,0,119,91
25137927,Mai Thi Dung,2.81,7.03,1,2004-01-28,CKM,K24,1,111,95
25137928,Tran Thi Tuan,3.54,8.85,1,2003-12-15,CNTT,K23,0,108,74
25137929,Tran Thi Son,3.26,8.15,0,2003-06-20,KT,K25,0,132,91
25137930,Le Van Trang,3.39,8.47,1,2005-04-23,KT,K24,0,137,62
25137931,Le Van Son,3.17,7.92,1,2007-09-12,KTPM,K24,0,99,100
25137932,Hoang Van An,1.59,3.98,1,2002-05-12,DTVT,K25,1,38,83
25137933,Vo Thi Thao,2.17,5.42,1,2001-02-05,KT,K24,0,65,78
25137934,Do Van Duc,3.73,9.32,1,2007-12-31,QTKD,K21,1,122,80
25137935,Vo Thi Binh,2.21,5.53,1,2003-02-23,KT,K22,0,144,66
25137936,Phan Thi Dung,3.09,7.72,0,2006-01-06,KT,K25,0,36,67
25137937,Ngo Thi Vy,2.35,5.88,1,2002-10-31,DTVT,K23,0,48,87
25137938,Bui Thi An,3.26,8.15,1,2002-10-12,KHMT,K23,0,148,65
25137939,Dang Van Tuan,2.56,6.4,1,2004-02-21,KTMT,K25,0,70,74
25137940,Dang Van Khanh,1.92,4.8,1,2006-11-18,CNTT,K25,0,106,85
25137941,Mai Thi Hieu,2.91,7.28,0,2007-09-15,QTKD,K22,0,95,54
25137942,Vo Thi Trang,1.57,3.93,0,2002-01-23,KTPM,K25,0,89,59
25137943,Phan Thi Hieu,2.72,6.8,0,2007-03-13,QTKD,K24,1,39,58
25137944,Hoang Van Nam,2.75,6.88,1,2002-05-11,QTKD,K25,0,119,62
25137945,Truong Van Ngoc,2.36,5.9,1,2002-03-02,CNOT,K25,0,65,64
25137946,Mai Thi Trang,2.62,6.55,1,2002-08-21,CNTT,K25,1,90,77
25137947,Hoang Van Hai,1.91,4.77,0,2001-03-14,KHMT,K24,0,32,99
25137948,Dang Van Binh,2.97,7.43,1,2007-05-27,QTKD,K24,0,40,67
25137949,Ngo Thi Thao,3.55,8.88,1,2006-12-02,KT,K21,0,57,86
25137950,Bui Thi Vy,1.72,4.3,1,2003-09-08,QTKD,K23,0,124,54
25137951,Huynh Van Dung,2.05,5.12,0,2006-01-03,CKM,K22,0,123,62
25137952,Nguyen Van Chi,1.58,3.95,1,2006-09-20,DTVT,K22,0,76,56
25137953,Huynh Van Khanh,1.79,4.47,1,2001-05-05,HTTT,K23,0,139,84
25137954,Huynh Van Tuan,2.47,6.18,0,2007-05-05,KT,K23,0,119,73
25137955,Pham Thi Giang,1.91,4.77,0,2004-01-02,KTMT,K24,0,51,70
25137956,Do Van Tuan,1.84,4.6,0,2001-08-12,CNTT,K25,0,89,50
25137957,Bui Thi Thao,3.83,9.57,1,2004-12-03,CNOT,K25,0,121,98
25137958,Ngo Thi Thao,2.65,6.62,1,2006-09-05,CKM,K23,0,88,62
25137959,Le Van Minh,2.88,7.2,1,2005-08-14,KTPM,K21,0,96,78
25137960,Do Van Chi,2.3,5.75,1,2003-01-08,DTVT,K21,0,66,85
25137961,Truong Van An,2.46,6.15,0,2005-05-12,KTMT,K24,0,79,84
25137962,Hoang Van Giang,2.43,6.08,0,2003-11-24,QTKD,K21,0,135,69
25137963,Hoang Van Nam,1.56,3.9,0,2007-05-31,DTVT,K21,0,142,86
25137964,Vo Thi Giang,3.44,8.6,1,2007-09-06,HTTT,K22,0,98,73
25137965,Do Van Trang,3.89,9.72,1,2005-10-30,CNOT,K25,0,106,80
25137966,Tran Thi Duc,2.41,6.03,0,2002-10-25,KTMT,K21,0,59,77
25137967,Truong Van Hieu,3.9,9.75,1,2004-06-21,CNTT,K21,0,80,73
25137968,Ngo Thi Duc,2.33,5.83,1,2006-12-10,CKM,K23,0,52,86
25137969,Phan Thi Minh,1.74,4.35,0,2005-05-16,KT,K21,0,54,96
25137970,Bui Thi Phuc,2.19,5.47,0,2002-12-30,CKM,K24,0,123,83
25137971,Pham Thi Quan,1.58,3.95,0,2002-08-04,KTPM,K25,0,118,83
25137972,Bui Thi An,2.21,5.53,0,2003-07-09,KT,K21,0,141,97
25137973,Truong Van Vy,3.41,8.53,1,2003-11-17,DTVT,K21,1,70,86
25137974,Ngo Thi An,2.63,6.57,1,2002-05-27,QTKD,K22,0,70,97
25137975,Nguyen Van Giang,3.99,9.98,1,2003-04-21,KTPM,K25,0,61,90
25137976,Truong Van Trang,2.58,6.45,0,2002-07-30,KT,K22,0,47,86
25137977,Huynh Van An,2.29,5.72,0,2007-04-07,CKM,K25,1,62,83
25137978,Nguyen Van Tuan,1.94,4.85,0,2007-03-14,KTMT,K22,0,88,79
25137979,Nguyen Van Nam,3.69,9.22,0,2003-06-20,CKM,K21,0,119,91
25137980,Truong Van Khanh,2.59,6.47,1,2006-10-26,CKM,K23,1,68,91
25137981,Pham Thi Linh,1.63,4.07,1,2005-09-26,HTTT,K24,0,146,58
25137982,Le Van Minh,2.09,5.22,0,2006-06-06,DTVT,K23,0,113,62
25137983,Truong Van Tuan,3.81,9.53,0,2002-01-27,DTVT,K24,0,90,90
25137984,Tran Thi Nam,3.82,9.55,0,2003-01-22,KTMT,K21,0,125,67
25137985,Tran Thi Vy,3.45,8.62,1,2002-03-14,CKM,K21,0,89,66
25137986,Tran Thi Hieu,2.6,6.5,0,2004-06-15,QTKD,K25,0,65,98
25137987,Ngo Thi Quan,1.87,4.68,0,2006-09-08,KTMT,K22,0,82,52
25137988,Vo Thi Giang,2.13,5.32,1,2006-06-30,KHMT,K23,0,150,65
25137989,Le Van Quan,2.74,6.85,1,2003-05-08,KTMT,K24,0,103,98
25137990,Ngo Thi An,3.93,9.83,0,2001-07-22,KTMT,K21,0,41,84
25137991,Le Van Linh,3.13,7.82,1,2004-10-08,KT,K23,0,121,75
25137992,Huynh Van Hai,2.06,5.15,1,2004-01-30,CNOT,K23,0,97,85
25137993,Phan Thi Chi,1.67,4.17,0,2006-12-12,KT,K24,0,116,75
25137994,Dang Van Quan,2.98,7.45,0,2003-09-17,DTVT,K25,0,56,73
25137995,Ngo Thi Linh,1.75,4.38,1,2005-10-02,KTPM,K23,0,131,82
25137996,Hoang Van Trang,2.39,5.98,0,2001-08-08,KT,K23,0,96,66
25137997,Tran Thi Linh,1.64,4.1,1,2002-11-04,DTVT,K21,0,116,97
25137998,Bui Thi Tuan,1.68,4.2,1,2004-09-25,CNTT,K25,0,147,59
25137999,Bui Thi Nam,2.95,7.38,0,2005-01-22,KHMT,K24,0,85,62
25138000,Bui Thi Dung,3.56,8.9,0,2007-06-18,CKM,K25,1,35,58
25138001,Le Van Phuc,2.88,7.2,1,2007-09-01,QTKD,K25,0,80,86
25138002,Hoang Van Tuan,2.23,5.58,0,2003-01-07,KTMT,K23,0,67,64
25138003,Do Van Nam,3.61,9.03,1,2007-10-07,HTTT,K24,1,97,67
25138004,Ngo Thi Trang,2.41,6.03,0,2007-07-01,QTKD,K22,1,105,71
25138005,Nguyen Van Hai,3.51,8.77,0,2007-08-05,KT,K24,0,55,72
25138006,Mai Thi Thao,2.45,6.12,0,2005-08-08,KHMT,K25,0,71,67
25138007,Duong Van An,2.34,5.85,1,2006-12-17,DTVT,K21,0,139,87
25138008,Le Van Chi,1.86,4.65,0,2006-01-18,KTMT,K23,0,89,72
25138009,Bui Thi Ngoc,3.42,8.55,0,2004-09-22,KTMT,K21,0,78,52
25138010,Duong Van Hai,3.62,9.05,0,2004-03-14,KT,K21,0,43,89
25138011,Le Van An,2.09,5.22,0,2001-03-19,KT,K25,0,88,53
25138012,Phan Thi Trang,1.78,4.45,1,2007-06-26,KTPM,K24,0,108,61
25138013,Dang Van Vy,2.4,6.0,1,2004-12-23,DTVT,K23,0,111,98
25138014,Truong Van Ngoc,3.61,9.03,0,2005-09-18,KTPM,K25,0,71,80
25138015,Hoang Van Phuc,1.91,4.77,0,2002-04-16,HTTT,K24,0,137,96
25138016,Tran Thi Chi,3.02,7.55,0,2007-08-23,HTTT,K21,0,58,54
25138017,Huynh Van Giang,3.84,9.6,1,2001-04-02,KT,K23,0,105,86
25138018,Bui Thi Vy,2.29,5.72,1,2004-06-30,CNTT,K25,0,138,90
25138019,Mai Thi Ngoc,3.35,8.38,1,2004-04-26,CKM,K21,0,35,69
25138020,Le Van Giang,2.94,7.35,1,2005-01-20,KT,K24,0,78,100
25138021,Tran Thi Khanh,3.72,9.3,1,2005-05-27,KTMT,K24,0,110,68
25138022,Ngo Thi Hieu,2.3,5.75,1,2002-08-08,HTTT,K23,1,38,75
25138023,Le Van Giang,2.67,6.67,0,2003-01-18,KT,K25,0,71,54
25138024,Bui Thi Hai,2.45,6.12,0,2005-12-13,KTMT,K25,0,83,67
25138025,Ngo Thi Quan,2.7,6.75,1,2004-10-23,KT,K21,0,132,63
25138026,Nguyen Van Thao,3.36,8.4,0,2004-07-24,CNOT,K22,0,47,54
25138027,Huynh Van An,2.72,6.8,0,2001-05-03,CNOT,K21,0,67,54
25138028,Duong Van Ngoc,1.77,4.42,0,2007-09-16,KT,K23,0,90,56
25138029,Do Van Ngoc,1.53,3.83,0,2005-08-17,KTPM,K23,0,44,73
25138030,Le Van Chi,3.15,7.88,1,2003-06-26,KHMT,K25,0,98,64
25138031,Truong Van Dung,2.83,7.08,1,2007-12-31,KTPM,K24,0,96,66
25138032,Truong Van Phuc,2.05,5.12,1,2003-08-05,CNTT,K24,0,121,68
25138033,Duong Van Thao,2.3,5.75,1,2004-07-21,HTTT,K23,0,41,97
25138034,Huynh Van Minh,2.79,6.97,1,2002-04-23,QTKD,K22,0,113,93
25138035,Hoang Van Trang,3.58,8.95,1,2006-10-06,KT,K21,0,69,50
25138036,Bui Thi An,3.81,9.53,0,2004-10-03,KHMT,K24,0,81,97
25138037,Do Van Duc,1.53,3.83,1,2003-12-23,QTKD,K25,1,95,88
25138038,Duong Van Chi,1.56,3.9,0,2004-11-11,QTKD,K23,1,66,86
25138039,Bui Thi Chi,2.57,6.42,1,2004-05-21,CKM,K25,0,126,100
25138040,Nguyen Van Minh,2.57,6.42,1,2002-07-15,CKM,K25,0,87,95
25138041,Dang Van Binh,1.98,4.95,1,2002-03-05,KTPM,K24,0,33,71
25138042,Nguyen Van Khanh,2.38,5.95,1,2003-07-24,DTVT,K24,0,43,80
25138043,Ngo Thi Ngoc,3.05,7.62,1,2001-10-08,KT,K25,0,118,72
25138044,Mai Thi Tuan,3.75,9.38,0,2001-08-01,KTPM,K22,0,77,88
25138045,Mai Thi Tuan,2.18,5.45,1,2007-12-02,KTMT,K22,0,44,80
25138046,Bui Thi Khanh,2.26,5.65,1,2003-08-24,QTKD,K24,0,33,100
25138047,Bui Thi Hai,2.43,6.08,1,2003-07-12,HTTT,K21,0,114,84
25138048,Tran Thi Trang,2.46,6.15,1,2001-08-05,KTMT,K22,0,79,59
25138049,Dang Van Binh,2.59,6.47,0,2005-06-17,DTVT,K25,1,90,76
25138050,Do Van Thao,2.34,5.85,0,2005-09-09,KTPM,K23,0,36,78
25138051,Tran Thi Binh,2.88,7.2,1,2002-02-16,KHMT,K24,0,60,76
25138052,Vo Thi Khanh,2.43,6.08,0,2007-01-10,KT,K24,0,112,90
25138053,Truong Van Son,2.11,5.27,1,2007-05-26,QTKD,K23,0,92,91
25138054,Hoang Van Chi,2.37,5.93,1,2002-12-05,HTTT,K21,0,139,87
25138055,Duong Van Tuan,2.43,6.08,0,2005-01-28,KHMT,K25,0,42,71
25138056,Truong Van Phuc,1.61,4.03,1,2007-09-27,KHMT,K23,0,109,74
25138057,Mai Thi Duc,3.74,9.35,1,2004-08-30,KT,K21,0,84,57
25138058,Pham Thi Son,2.01,5.02,0,2002-01-13,KTMT,K24,0,149,55
25138059,Phan Thi Trang,3.15,7.88,1,2004-09-15,HTTT,K21,0,38,71
25138060,Bui Thi Hai,2.67,6.67,1,2007-11-17,QTKD,K25,0,30,97
25138061,Huynh Van Hieu,1.58,3.95,0,2003-02-26,KT,K25,0,123,71
25138062,Do Van Dung,2.54,6.35,0,2001-01-05,CNTT,K21,0,74,84
25138063,Truong Van Giang,3.66,9.15,0,2004-01-21,CKM,K23,0,59,71
25138064,Vo Thi Duc,2.75,6.88,0,2004-03-12,QTKD,K23,0,101,95
25138065,Dang Van Thao,3.37,8.43,0,2003-08-18,KT,K22,0,124,80
25138066,Bui Thi Hieu,2.63,6.57,1,2007-06-16,KTMT,K25,1,147,85
25138067,Mai Thi Linh,2.67,6.67,0,2005-10-14,KHMT,K24,0,89,54
25138068,Ngo Thi Duc,1.57,3.93,1,2004-02-03,HTTT,K24,0,66,61
25138069,Duong Van Tuan,3.98,9.95,0,2004-02-27,DTVT,K21,0,89,57
25138070,Phan Thi An,2.4,6.0,1,2007-11-05,DTVT,K23,1,148,53
25138071,Do Van Nam,2.91,7.28,1,2007-09-01,KTPM,K25,0,103,98
25138072,Vo Thi Binh,2.49,6.23,1,2006-12-21,HTTT,K24,0,58,50
25138073,Le Van Son,3.26,8.15,0,2003-02-24,CNTT,K21,0,147,56
25138074,Duong Van Tuan,1.66,4.15,0,2001-06-20,KTMT,K23,0,60,79
25138075,Nguyen Van Duc,2.11,5.27,0,2003-05-10,HTTT,K24,0,101,60
25138076,Vo Thi Vy,2.0,5.0,1,2004-04-16,QTKD,K22,0,33,68
25138077,Pham Thi Dung,3.45,8.62,0,2005-03-04,KT,K22,0,118,63
25138078,Tran Thi Nam,2.77,6.92,0,2004-05-15,DTVT,K22,0,78,100
25138079,Truong Van Son,1.87,4.68,1,2005-09-04,KTPM,K23,0,55,70
25138080,Huynh Van Son,1.92,4.8,0,2001-05-24,CNOT,K22,0,38,52
25138081,Huynh Van Thao,3.85,9.62,0,2001-02-24,KHMT,K21,1,65,67
25138082,Bui Thi Tuan,1.54,3.85,0,2002-01-18,CNOT,K24,0,95,73
25138083,Tran Thi Dung,3.59,8.97,1,2005-03-25,DTVT,K23,0,37,99
25138084,Le Van Hai,2.3,5.75,1,2003-03-14,QTKD,K25,0,100,53
25138085,Dang Van Binh,2.1,5.25,0,2006-05-06,KHMT,K24,1,139,66
25138086,Hoang Van Minh,1.76,4.4,0,2003-10-02,HTTT,K25,0,138,64
25138087,Bui Thi Khanh,2.74,6.85,1,2007-06-09,KHMT,K23,0,50,69
25138088,Dang Van An,1.62,4.05,1,2005-11-30,CNOT,K21,0,79,92
25138089,Do Van Quan,3.81,9.53,1,2002-01-23,KHMT,K22,0,44,92
25138090,Do Van Hieu,3.4,8.5,0,2002-08-28,KTMT,K23,0,48,70
25138091,Do Van Vy,1.76,4.4,0,2001-02-21,KTPM,K22,0,81,51
25138092,Mai Thi Giang,3.64,9.1,0,2004-07-06,KTPM,K24,0,54,72
25138093,Phan Thi Hai,2.07,5.17,0,2005-01-29,HTTT,K22,0,141,52
25138094,Vo Thi Duc,3.79,9.47,0,2004-12-22,CNTT,K22,0,118,100
25138095,Bui Thi Dung,3.55,8.88,0,2004-08-07,CNTT,K25,0,66,57
25138096,Huynh Van Khanh,3.53,8.82,1,2005-10-20,KTMT,K25,0,146,82
25138097,Tran Thi Duc,2.49,6.23,1,2003-03-02,CNOT,K21,1,104,53
25138098,Phan Thi Chi,2.62,6.55,0,2006-02-21,CKM,K24,1,96,80
25138099,Tran Thi Trang,1.64,4.1,1,2006-08-05,CKM,K21,0,134,56
25138100,Truong Van Duc,2.85,7.12,0,2006-09-20,CKM,K23,0,30,84
25138101,Pham Thi Trang,3.06,7.65,0,2004-12-08,KTPM,K21,0,66,93
25138102,Ngo Thi Hieu,2.71,6.78,1,2003-10-12,KTPM,K21,0,65,75
25138103,Truong Van Binh,1.56,3.9,1,2001-09-24,KHMT,K25,0,133,50
25138104,Truong Van Hai,3.42,8.55,0,2004-10-29,HTTT,K22,0,42,59
25138105,Le Van Khanh,2.97,7.43,0,2005-05-07,CKM,K22,0,134,83
25138106,Do Van Hieu,3.28,8.2,0,2007-03-02,CNOT,K22,1,40,84
25138107,Vo Thi Phuc,1.74,4.35,0,2002-03-27,KTMT,K25,0,39,56
25138108,Dang Van Phuc,3.57,8.92,1,2004-06-09,DTVT,K23,0,93,100
25138109,Pham Thi Hieu,3.23,8.07,1,2001-03-10,HTTT,K22,0,54,75
25138110,Do Van Khanh,3.58,8.95,1,2007-02-16,KTPM,K22,0,113,53
25138111,Truong Van Minh,3.07,7.67,0,2006-06-07,KTPM,K24,0,49,93
25138112,Tran Thi Nam,2.22,5.55,0,2002-04-25,CKM,K22,0,101,71
25138113,Vo Thi Ngoc,2.36,5.9,0,2002-08-13,CNTT,K22,0,55,88
25138114,Do Van Giang,3.48,8.7,0,2006-08-09,CNOT,K25,1,34,75
25138115,Truong Van Vy,3.23,8.07,1,2006-09-09,KHMT,K23,0,59,72
25138116,Do Van Tuan,3.68,9.2,0,2006-11-29,KTPM,K23,0,49,57
25138117,Nguyen Van Quan,3.53,8.82,1,2005-01-24,KHMT,K23,0,89,69
25138118,Nguyen Van Vy,3.68,9.2,0,2004-11-11,HTTT,K22,0,89,88
25138119,Duong Van Dung,1.9,4.75,1,2005-08-01,KTMT,K24,0,147,51
25138120,Le Van Binh,3.03,7.57,0,2006-11-25,KTPM,K23,0,138,85
25138121,Tran Thi An,2.77,6.92,1,2006-07-02,CKM,K21,0,32,62
25138122,Nguyen Van Hai,1.51,3.77,0,2005-06-19,KT,K25,0,88,65
25138123,Le Van Khanh,1.75,4.38,1,2003-07-02,CNOT,K22,0,102,83
25138124,Nguyen Van Khanh,1.8,4.5,0,2004-08-23,KTPM,K25,0,126,72
25138125,Pham Thi Dung,2.93,7.33,1,2007-08-08,CKM,K24,0,149,55
25138126,Huynh Van Vy,3.35,8.38,1,2005-05-05,HTTT,K25,0,38,92
25138127,Do Van Son,2.41,6.03,1,2002-03-25,KTMT,K25,0,126,82
25138128,Bui Thi Tuan,1.76,4.4,1,2002-02-18,HTTT,K21,0,38,94
25138129,Phan Thi Nam,3.18,7.95,0,2003-03-10,KHMT,K22,0,33,92
25138130,Do Van Minh,3.53,8.82,1,2004-05-23,QTKD,K24,0,36,77
25138131,Mai Thi Son,1.91,4.77,0,2006-01-07,KTPM,K21,0,135,86
25138132,Pham Thi Tuan,3.39,8.47,0,2001-08-19,CNOT,K21,0,126,66
25138133,Le Van Chi,3.0,7.5,0,2003-04-04,CKM,K25,0,145,67
25138134,Ngo Thi Dung,2.48,6.2,1,2001-11-11,CKM,K22,0,79,82
25138135,Do Van Tuan,1.97,4.92,1,2002-01-09,CNTT,K21,0,78,55
25138136,Ngo Thi Duc,2.79,6.97,0,2007-11-24,KT,K21,1,81,67
25138137,Mai Thi Dung,3.47,8.68,0,2002-09-21,KTPM,K22,0,81,53
25138138,Do Van Hieu,2.38,5.95,1,2003-10-08,CNTT,K22,0,126,58
25138139,Mai Thi Nam,3.42,8.55,0,2004-07-29,QTKD,K23,0,86,61
25138140,Truong Van Dung,2.68,6.7,1,2006-06-07,KHMT,K24,0,75,71
25138141,Nguyen Van Son,3.4,8.5,0,2006-09-11,CKM,K22,0,119,51
25138142,Pham Thi Hai,2.1,5.25,1,2003-11-15,HTTT,K25,0,122,74
25138143,Ngo Thi Thao,1.82,4.55,0,2001-08-23,QTKD,K25,0,79,94
25138144,Hoang Van Hai,3.86,9.65,0,2001-10-31,QTKD,K21,0,99,95
25138145,Nguyen Van Duc,2.24,5.6,1,2002-03-04,HTTT,K22,0,34,73
25138146,Pham Thi Linh,3.24,8.1,0,2001-11-13,KT,K22,0,130,90
25138147,Mai Thi Son,2.63,6.57,1,2003-09-25,CNTT,K23,1,134,57
25138148,Duong Van Tuan,2.49,6.23,1,2005-10-09,CKM,K25,0,121,86
25138149,Le Van Son,1.95,4.88,0,2003-01-22,KTMT,K22,0,51,69
25138150,Le Van Ngoc,3.41,8.53,1,2005-01-06,QTKD,K25,0,31,100
25138151,Vo Thi Nam,1.84,4.6,0,2001-12-30,DTVT,K24,0,42,66
25138152,Le Van Khanh,2.8,7.0,0,2005-04-16,QTKD,K21,0,76,97
25138153,Phan Thi Minh,3.4,8.5,1,2001-07-31,KTMT,K22,0,102,60
25138154,Dang Van Nam,2.91,7.28,0,2001-06-20,CNTT,K24,0,68,71
25138155,Duong Van Minh,2.07,5.17,1,2001-08-02,KT,K22,1,128,52
25138156,Le Van Vy,2.27,5.67,1,2003-05-07,CNOT,K24,0,57,61
25138157,Tran Thi Minh,2.3,5.75,1,2004-08-08,KT,K23,0,126,86
25138158,Ngo Thi Giang,2.2,5.5,1,2003-07-02,KHMT,K25,0,86,58
25138159,Hoang Van Minh,3.74,9.35,1,2001-09-16,CNTT,K24,0,86,62
25138160,Bui Thi Linh,2.76,6.9,0,2006-05-08,KTMT,K23,1,127,54
25138161,Pham Thi Son,2.17,5.42,1,2006-12-08,QTKD,K21,0,59,85
25138162,Huynh Van Dung,3.15,7.88,1,2002-04-14,KHMT,K25,0,140,54
25138163,Huynh Van Minh,2.15,5.38,1,2001-12-20,KTMT,K24,0,126,96
25138164,Tran Thi Vy,3.01,7.52,1,2001-10-03,QTKD,K22,0,66,83
25138165,Do Van Trang,2.61,6.52,1,2003-03-15,CNOT,K21,0,40,58
25138166,Bui Thi Son,3.04,7.6,1,2007-09-26,QTKD,K25,0,48,96
25138167,Duong Van Ngoc,2.77,6.92,0,2006-07-05,KTMT,K22,0,127,71
25138168,Phan Thi Giang,2.59,6.47,0,2004-02-27,HTTT,K21,0,74,98
25138169,Duong Van Tuan,3.78,9.45,0,2003-05-15,CKM,K24,0,64,78
25138170,Dang Van Trang,2.45,6.12,0,2001-09-19,CNOT,K22,0,150,64
25138171,Mai Thi Giang,1.97,4.92,0,2003-06-10,CNTT,K21,0,44,52
25138172,Truong Van Thao,2.87,7.18,0,2005-11-01,DTVT,K22,0,64,90
25138173,Hoang Van Linh,2.84,7.1,0,2005-12-06,CNOT,K21,0,98,93
25138174,Phan Thi Ngoc,1.51,3.77,1,2002-07-03,KT,K22,0,105,74
25138175,Pham Thi Tuan,2.84,7.1,0,2001-07-24,CKM,K22,0,74,50
25138176,Dang Van Vy,2.55,6.38,0,2002-02-17,KTPM,K21,0,127,52
25138177,Vo Thi Binh,3.84,9.6,1,2007-10-04,KTPM,K24,0,124,63
25138178,Duong Van Tuan,2.89,7.23,1,2004-05-13,KT,K22,0,150,65
25138179,Hoang Van Khanh,2.63,6.57,0,2003-01-04,DTVT,K24,0,118,81
25138180,Pham Thi Tuan,1.69,4.22,0,2005-03-14,CNTT,K25,0,72,100
25138181,Bui Thi Giang,3.83,9.57,1,2004-12-30,QTKD,K23,0,131,88
25138182,Mai Thi Minh,2.26,5.65,1,2005-04-20,HTTT,K24,0,70,94
25138183,Ngo Thi Dung,1.63,4.07,1,2005-10-12,DTVT,K22,0,91,82
25138184,Nguyen Van An,3.32,8.3,0,2006-07-10,KTPM,K24,0,71,77
25138185,Tran Thi Phuc,3.38,8.45,0,2007-08-31,DTVT,K25,0,124,95
25138186,Bui Thi An,2.7,6.75,1,2005-10-18,KT,K24,0,71,60
25138187,Dang Van Khanh,3.14,7.85,0,2007-12-12,KHMT,K25,0,50,58
25138188,Truong Van Giang,3.48,8.7,0,2003-01-25,KTMT,K22,0,123,82
25138189,Huynh Van Binh,3.36,8.4,0,2004-06-15,QTKD,K22,1,69,88
25138190,Duong Van Binh,3.44,8.6,1,2002-04-18,KHMT,K24,0,78,51
25138191,Truong Van Vy,2.63,6.57,0,2003-10-10,DTVT,K25,0,142,89
25138192,Tran Thi Hai,2.24,5.6,1,2006-06-06,KTMT,K23,0,123,89
25138193,Le Van Hieu,1.78,4.45,0,2005-09-03,CKM,K21,0,61,81
25138194,Dang Van Duc,2.2,5.5,0,2005-08-05,KT,K22,0,130,71
25138195,Bui Thi Son,2.06,5.15,1,2001-11-19,KHMT,K23,0,108,57
25138196,Bui Thi Chi,1.53,3.83,1,2001-01-15,KT,K22,0,139,78
25138197,Huynh Van Ngoc,2.21,5.53,1,2007-04-27,QTKD,K22,0,75,61
25138198,Vo Thi Vy,3.18,7.95,1,2004-03-11,KT,K24,0,70,84
25138199,Ngo Thi Trang,3.61,9.03,0,2007-10-19,QTKD,K21,0,94,77
25138200,Do Van Trang,1.58,3.95,0,2005-08-30,DTVT,K22,0,95,88
25138201,Hoang Van Quan,3.28,8.2,1,2007-02-09,KTPM,K23,0,72,67
25138202,Hoang Van Quan,3.87,9.68,1,2006-06-22,KT,K25,0,85,50
25138203,Le Van Vy,2.81,7.03,1,2002-07-01,KTPM,K24,0,145,52
25138204,Dang Van Trang,3.99,9.98,1,2005-07-06,KTPM,K25,0,135,92
25138205,Truong Van Khanh,1.67,4.17,0,2003-07-04,KHMT,K25,0,143,97
25138206,Do Van Duc,3.69,9.22,1,2006-11-08,KTMT,K23,0,144,74
25138207,Duong Van Tuan,3.31,8.28,0,2004-04-22,DTVT,K24,0,122,85
25138208,Huynh Van Hai,3.38,8.45,1,2001-08-11,KHMT,K22,0,128,98
25138209,Bui Thi Vy,3.97,9.93,0,2004-11-20,DTVT,K21,0,101,99
25138210,Huynh Van Nam,2.31,5.78,0,2006-03-12,KT,K24,0,76,55
25138211,Truong Van Khanh,3.84,9.6,1,2005-06-19,HTTT,K25,0,92,95
25138212,Hoang Van Dung,2.99,7.48,1,2002-03-26,HTTT,K25,1,145,53
25138213,Le Van Hieu,2.65,6.62,0,2004-07-04,CKM,K21,0,103,83
25138214,Truong Van Thao,1.95,4.88,1,2007-02-04,KT,K23,0,98,59
25138215,Truong Van Thao,2.7,6.75,1,2003-02-08,KTMT,K24,0,97,50
25138216,Le Van Hieu,1.89,4.72,1,2007-03-30,KTMT,K21,0,57,90
25138217,Phan Thi Son,2.97,7.43,0,2007-08-10,KTPM,K22,0,120,75
25138218,Ngo Thi Thao,3.95,9.88,0,2001-05-05,KTMT,K25,0,103,54
25138219,Nguyen Van Quan,1.86,4.65,0,2006-07-29,KTMT,K21,0,123,58
25138220,Truong Van Minh,3.65,9.12,1,2001-03-18,QTKD,K21,0,127,58
25138221,Vo Thi Thao,1.52,3.8,0,2002-10-07,QTKD,K25,0,144,74
25138222,Truong Van Phuc,3.59,8.97,1,2003-10-30,KTMT,K21,0,117,76
25138223,Tran Thi Phuc,3.48,8.7,1,2001-05-22,QTKD,K22,0,138,50
25138224,Ngo Thi Thao,2.68,6.7,1,2005-02-17,CNTT,K23,0,57,58
25138225,Ngo Thi Giang,3.22,8.05,1,2001-06-08,QTKD,K24,0,61,74
25138226,Do Van Chi,2.06,5.15,1,2006-12-06,KTMT,K23,0,123,68
25138227,Dang Van Hai,3.68,9.2,1,2007-07-06,CKM,K23,0,58,91
25138228,Truong Van Vy,2.17,5.42,0,2007-11-15,HTTT,K22,0,40,69
25138229,Vo Thi Minh,2.8,7.0,0,2004-05-26,CKM,K22,0,118,86
25138230,Truong Van Ngoc,3.03,7.57,1,2001-01-15,KTMT,K21,0,145,86
25138231,Hoang Van Quan,2.02,5.05,1,2006-08-02,CKM,K24,0,115,90
25138232,Pham Thi Nam,3.99,9.98,0,2003-06-19,CNOT,K25,0,120,87
25138233,Le Van Hai,3.89,9.72,1,2001-01-05,CNTT,K24,0,144,77
25138234,Truong Van Hai,3.08,7.7,0,2003-04-10,CKM,K22,0,133,53
25138235,Duong Van Binh,2.25,5.62,1,2004-05-09,CKM,K23,0,74,64
25138236,Huynh Van Son,3.9,9.75,1,2002-01-29,CKM,K23,0,70,51
25138237,Dang Van Son,3.09,7.72,1,2007-07-15,DTVT,K24,1,30,65
25138238,Nguyen Van Phuc,2.08,5.2,0,2007-06-27,KHMT,K22,0,77,82
25138239,Pham Thi Nam,3.11,7.77,0,2003-04-11,QTKD,K23,0,106,91
25138240,Do Van Tuan,2.06,5.15,0,2004-08-24,HTTT,K22,0,36,78
25138241,Huynh Van Linh,1.98,4.95,1,2002-02-16,CNTT,K25,0,38,60
25138242,Truong Van Dung,3.1,7.75,0,2005-11-25,CKM,K23,1,47,98
25138243,Do Van Chi,3.06,7.65,1,2005-03-06,HTTT,K21,1,61,88
25138244,Vo Thi Binh,1.76,4.4,1,2004-07-31,KTMT,K24,0,36,50
25138245,Mai Thi Tuan,1.91,4.77,0,2002-04-23,QTKD,K23,0,59,95
25138246,Tran Thi Phuc,3.55,8.88,0,2006-09-19,DTVT,K23,0,132,89
25138247,Pham Thi Hieu,2.83,7.08,0,2005-10-31,CKM,K25,0,85,52
25138248,Hoang Van Binh,3.57,8.92,0,2005-09-01,KTPM,K24,0,130,52
25138249,Vo Thi Giang,3.11,7.77,0,2002-11-15,DTVT,K21,0,51,60
25138250,Hoang Van An,3.4,8.5,0,2004-12-06,CKM,K21,0,69,87
25138251,Le Van Trang,3.79,9.47,1,2001-05-04,KHMT,K23,0,115,60
25138252,Le Van Ngoc,3.74,9.35,0,2006-07-09,KHMT,K21,0,150,63
25138253,Dang Van Duc,1.97,4.92,1,2002-01-14,CKM,K23,0,99,75
25138254,Dang Van Binh,2.77,6.92,1,2006-12-14,CNOT,K24,0,56,76
25138255,Huynh Van Khanh,1.84,4.6,0,2002-01-15,KHMT,K24,0,96,58
25138256,Bui Thi Binh,2.71,6.78,1,2001-01-28,CKM,K22,0,76,57
25138257,Phan Thi Dung,2.17,5.42,0,2002-10-17,KT,K25,0,33,98
25138258,Vo Thi Binh,3.71,9.28,0,2006-03-30,KTPM,K24,0,106,100
25138259,Le Van Son,3.78,9.45,1,2004-08-10,KTPM,K25,0,73,70
25138260,Huynh Van Quan,1.67,4.17,0,2004-01-31,DTVT,K24,0,53,98
25138261,Le Van Binh,2.1,5.25,1,2004-11-16,KT,K25,0,74,68
25138262,Tran Thi Dung,3.77,9.43,1,2005-02-28,KTMT,K25,0,150,89
25138263,Nguyen Van Son,3.43,8.58,1,2007-05-25,HTTT,K22,1,42,68
25138264,Truong Van Chi,2.7,6.75,0,2004-05-14,HTTT,K22,0,108,76
25138265,Dang Van Vy,1.62,4.05,0,2006-03-19,KTMT,K24,0,30,88
25138266,Pham Thi Dung,3.1,7.75,0,2001-09-10,CNTT,K24,0,70,91
25138267,Bui Thi Trang,2.01,5.02,0,2001-01-15,CNTT,K25,1,58,60
25138268,Le Van Thao,2.82,7.05,1,2003-08-25,DTVT,K22,0,150,72
25138269,Vo Thi Hai,3.46,8.65,1,2003-05-02,KTPM,K22,0,74,90
25138270,Dang Van Binh,1.82,4.55,1,2005-03-15,DTVT,K24,0,92,78
25138271,Ngo Thi Vy,3.18,7.95,0,2001-10-18,HTTT,K25,0,123,96
25138272,Hoang Van Hieu,3.74,9.35,1,2006-09-14,KTMT,K22,1,63,79
25138273,Pham Thi Hai,3.87,9.68,1,2001-03-25,CNTT,K25,0,113,92
25138274,Huynh Van Minh,3.43,8.58,0,2007-10-07,CKM,K25,0,83,87
25138275,Phan Thi Phuc,3.26,8.15,0,2006-07-23,KTMT,K23,0,129,63
25138276,Huynh Van Dung,2.34,5.85,1,2003-08-19,CNOT,K21,0,82,63
25138277,Tran Thi Chi,3.83,9.57,0,2001-07-28,CNTT,K22,0,32,100
25138278,Duong Van Phuc,3.89,9.72,1,2007-06-20,DTVT,K21,1,35,88
25138279,Truong Van Chi,2.82,7.05,0,2003-11-20,KTMT,K22,0,111,63
25138280,Dang Van Quan,1.58,3.95,1,2007-05-24,KTMT,K23,0,53,96
25138281,Dang Van Vy,1.92,4.8,0,2003-08-03,CNOT,K24,0,30,89
25138282,Mai Thi Hieu,1.7,4.25,0,2005-07-08,QTKD,K25,0,78,54
25138283,Ngo Thi Hieu,3.69,9.22,0,2006-02-13,KHMT,K21,0,130,95
25138284,Do Van Chi,2.99,7.48,0,2007-10-31,HTTT,K22,0,111,54
25138285,Bui Thi Dung,1.93,4.83,0,2001-10-08,CNOT,K24,0,50,54
25138286,Mai Thi Linh,2.47,6.18,0,2005-02-25,CNOT,K21,0,101,73
25138287,Dang Van Giang,3.71,9.28,0,2001-04-30,DTVT,K24,1,47,62
25138288,Phan Thi Duc,2.71,6.78,0,2001-03-30,KTMT,K24,0,84,52
25138289,Hoang Van Trang,1.52,3.8,1,2007-03-13,CNOT,K22,0,61,85
25138290,Bui Thi Trang,3.33,8.32,1,2006-03-14,KT,K23,0,58,61
25138291,Ngo Thi Phuc,2.55,6.38,0,2004-11-29,KT,K21,0,135,59
25138292,Vo Thi An,3.6,9.0,1,2003-09-02,CNTT,K24,0,146,58
25138293,Hoang Van Hai,3.6,9.0,1,2004-06-23,CKM,K24,0,107,91
25138294,Vo Thi Duc,2.68,6.7,1,2004-08-15,KTPM,K22,0,108,81
25138295,Duong Van Son,2.9,7.25,1,2007-12-18,DTVT,K24,0,94,90
25138296,Phan Thi Thao,1.69,4.22,1,2005-09-15,CKM,K23,0,144,78
25138297,Huynh Van Nam,3.05,7.62,1,2001-11-17,HTTT,K24,0,110,98
25138298,Hoang Van Son,1.61,4.03,0,2001-08-08,KT,K24,1,136,61
25138299,Bui Thi Vy,1.97,4.92,1,2001-03-07,KHMT,K21,1,61,90
25138300,Vo Thi Nam,1.77,4.42,0,2002-03-30,QTKD,K24,0,137,78
25138301,Dang Van Trang,3.01,7.52,1,2006-07-26,CNTT,K25,0,135,67
25138302,Bui Thi Dung,1.55,3.88,0,2002-10-22,KHMT,K23,0,110,73
25138303,Do Van Trang,3.98,9.95,0,2003-01-25,HTTT,K21,0,77,100
25138304,Tran Thi Khanh,1.93,4.83,1,2004-02-06,QTKD,K22,0,136,67
25138305,Pham Thi Chi,2.19,5.47,0,2002-02-19,CNOT,K22,0,71,74
25138306,Ngo Thi Ngoc,2.22,5.55,1,2006-05-18,KHMT,K25,0,93,91
25138307,Le Van Giang,1.5,3.75,0,2006-02-13,KTPM,K24,0,57,51
25138308,Le Van Thao,3.15,7.88,1,2003-04-08,KHMT,K21,0,135,64
25138309,Ngo Thi Vy,2.3,5.75,1,2003-09-07,KT,K21,0,74,89
25138310,Ngo Thi Thao,3.78,9.45,0,2003-02-12,CKM,K23,0,35,98
25138311,Dang Van Quan,2.49,6.23,0,2001-12-10,CNTT,K23,1,101,61
25138312,Truong Van Chi,2.21,5.53,1,2002-05-31,QTKD,K23,0,45,99
25138313,Ngo Thi Hai,3.92,9.8,1,2003-09-29,KT,K23,0,38,86
25138314,Tran Thi Duc,3.46,8.65,1,2006-06-07,KTPM,K21,0,132,81
25138315,Nguyen Van Linh,3.35,8.38,0,2003-08-12,KTPM,K22,0,75,81
25138316,Do Van Phuc,3.63,9.07,1,2004-02-11,CKM,K21,1,114,73
25138317,Le Van Binh,2.37,5.93,1,2005-09-03,CNOT,K21,0,144,90
25138318,Dang Van Thao,2.77,6.92,1,2005-01-02,HTTT,K24,0,99,69
25138319,Ngo Thi Minh,1.58,3.95,1,2004-11-05,HTTT,K23,0,77,65
25138320,Huynh Van Ngoc,2.37,5.93,1,2001-04-11,QTKD,K24,0,94,66
25138321,Bui Thi Ngoc,2.74,6.85,0,2002-12-22,HTTT,K24,0,100,58
25138322,Phan Thi Minh,3.49,8.73,1,2005-12-10,CNOT,K24,1,148,51
25138323,Le Van Trang,3.23,8.07,1,2005-09-29,HTTT,K25,0,96,72
25138324,Mai Thi Khanh,2.47,6.18,0,2001-01-29,KTPM,K25,0,124,96
25138325,Hoang Van Giang,2.64,6.6,0,2001-01-17,KT,K22,1,138,51
25138326,Bui Thi An,1.72,4.3,0,2005-06-20,KTPM,K23,0,37,58
25138327,Truong Van Hai,3.19,7.97,1,2005-10-15,CNOT,K22,0,83,85
25138328,Truong Van Chi,2.42,6.05,1,2002-07-20,KTMT,K24,0,76,77
25138329,Truong Van An,2.21,5.53,1,2002-06-22,KTPM,K24,0,31,75
25138330,Dang Van Duc,3.93,9.83,0,2007-08-14,KTMT,K22,0,140,62
25138331,Phan Thi Giang,3.56,8.9,1,2006-01-13,CNTT,K21,0,67,80
25138332,Hoang Van Vy,2.73,6.83,1,2002-10-03,KHMT,K25,1,102,63
25138333,Pham Thi Phuc,2.13,5.32,0,2006-03-01,HTTT,K23,0,33,60
25138334,Dang Van Phuc,3.59,8.97,1,2002-10-01,QTKD,K24,0,38,92
25138335,Huynh Van Binh,2.67,6.67,0,2007-12-31,HTTT,K22,0,150,81
25138336,Huynh Van Hai,2.27,5.67,0,2007-11-10,CNTT,K22,0,92,54
25138337,Mai Thi Nam,1.86,4.65,0,2003-09-30,QTKD,K25,1,47,71
25138338,Hoang Van Quan,2.39,5.98,1,2007-02-02,KTPM,K25,0,130,71
25138339,Dang Van Tuan,3.08,7.7,1,2006-01-02,CKM,K23,1,87,91
25138340,Duong Van Giang,3.42,8.55,0,2007-04-24,CNOT,K25,0,113,60
25138341,Truong Van Dung,2.84,7.1,0,2002-11-25,KHMT,K23,0,121,69
25138342,Phan Thi Quan,2.86,7.15,0,2007-07-30,CKM,K25,0,141,91
25138343,Do Van Tuan,3.8,9.5,0,2004-03-23,QTKD,K22,0,137,68
25138344,Truong Van Giang,3.17,7.92,1,2004-12-08,CNTT,K22,0,115,90
25138345,Nguyen Van Tuan,3.36,8.4,0,2004-02-12,QTKD,K21,0,123,54
25138346,Do Van Ngoc,2.71,6.78,0,2003-05-08,KTMT,K25,0,77,85
25138347,Truong Van Trang,3.11,7.77,1,2003-04-05,KTPM,K24,0,74,72
25138348,Hoang Van Nam,2.42,6.05,1,2006-04-07,HTTT,K23,1,80,95
25138349,Le Van An,3.62,9.05,0,2002-08-10,KHMT,K21,0,138,65
25138350,Bui Thi Thao,2.47,6.18,0,2005-08-02,QTKD,K25,0,67,94
25138351,Pham Thi Trang,3.74,9.35,0,2005-01-12,HTTT,K24,0,54,71
25138352,Hoang Van Quan,1.63,4.07,1,2007-02-22,CNOT,K21,1,39,78
25138353,Do Van Dung,1.77,4.42,1,2002-09-10,QTKD,K24,0,45,67
25138354,Ngo Thi Minh,3.57,8.92,1,2005-10-22,KT,K25,0,69,83
25138355,Tran Thi Thao,3.21,8.03,1,2006-07-19,CNOT,K23,0,31,50
25138356,Phan Thi Hai,1.57,3.93,1,2003-02-26,DTVT,K21,0,119,74
25138357,Tran Thi Binh,2.45,6.12,1,2006-07-11,KT,K22,0,54,77
25138358,Le Van Vy,3.09,7.72,0,2001-08-29,KHMT,K24,0,81,74
25138359,Phan Thi Chi,1.75,4.38,1,2001-08-14,QTKD,K21,0,120,58
25138360,Truong Van An,3.63,9.07,0,2005-05-23,HTTT,K21,0,73,51
25138361,Tran Thi Binh,3.96,9.9,0,2001-07-27,QTKD,K23,0,51,55
25138362,Do Van Son,2.6,6.5,0,2001-02-21,CNOT,K23,0,44,81
25138363,Le Van Hieu,3.47,8.68,0,2007-12-25,KTMT,K22,0,128,84
25138364,Truong Van Dung,2.48,6.2,1,2003-05-02,CNTT,K22,0,122,68
25138365,Duong Van Nam,1.52,3.8,0,2007-05-30,KTMT,K24,1,44,96
25138366,Duong Van Phuc,2.86,7.15,1,2005-11-25,QTKD,K22,0,74,58
25138367,Mai Thi Khanh,2.68,6.7,0,2006-11-05,KHMT,K23,0,34,50
25138368,Le Van Trang,1.66,4.15,0,2006-08-01,KTMT,K23,0,45,89
25138369,Tran Thi Minh,4.0,10.0,0,2004-08-13,KTPM,K25,0,101,68
25138370,Tran Thi Linh,3.84,9.6,1,2005-08-31,DTVT,K24,0,49,68
25138371,Truong Van Phuc,2.33,5.83,0,2002-08-20,CKM,K22,0,95,51
25138372,Do Van Binh,3.23,8.07,1,2001-07-02,KHMT,K25,0,39,90
25138373,Bui Thi Quan,3.64,9.1,0,2006-03-31,HTTT,K24,0,89,69
25138374,Pham Thi Giang,2.26,5.65,0,2005-06-16,QTKD,K24,1,35,93
25138375,Dang Van Khanh,2.88,7.2,0,2001-01-25,KHMT,K23,1,81,54
25138376,Do Van Trang,2.64,6.6,0,2005-06-20,CNTT,K24,0,37,84
25138377,Ngo Thi Quan,3.38,8.45,0,2006-05-15,HTTT,K24,0,120,93
25138378,Tran Thi Khanh,3.65,9.12,1,2003-11-06,HTTT,K21,0,50,96
25138379,Bui Thi Tuan,2.33,5.83,1,2006-02-19,HTTT,K24,0,121,96
25138380,Le Van Phuc,1.97,4.92,0,2002-11-30,CNOT,K24,0,129,96
25138381,Ngo Thi Duc,2.97,7.43,0,2001-10-18,HTTT,K21,0,100,51
25138382,Bui Thi Quan,2.77,6.92,1,2004-05-15,CNTT,K21,0,94,65
25138383,Truong Van Duc,2.11,5.27,1,2005-05-11,KTMT,K23,0,34,80
25138384,Truong Van Minh,2.48,6.2,0,2003-08-02,KT,K24,0,41,91
25138385,Hoang Van Trang,1.58,3.95,0,2007-10-08,CNTT,K21,0,130,78
25138386,Hoang Van Quan,1.57,3.93,1,2007-06-04,CNOT,K25,0,120,72
25138387,Dang Van Hai,3.93,9.83,0,2003-01-20,CKM,K24,0,78,79
25138388,Bui Thi Giang,2.02,5.05,1,2002-01-05,QTKD,K24,0,112,73
25138389,Huynh Van Tuan,3.95,9.88,0,2007-03-26,KT,K24,0,75,55
25138390,Pham Thi Son,2.97,7.43,0,2002-06-07,QTKD,K23,0,42,71
25138391,Duong Van Thao,1.85,4.62,1,2003-12-24,CNTT,K24,0,130,80
25138392,Mai Thi Vy,3.47,8.68,0,2006-10-03,KHMT,K21,0,84,74
25138393,Huynh Van Trang,3.35,8.38,0,2001-05-20,QTKD,K23,0,102,71
25138394,Pham Thi Phuc,3.54,8.85,1,2004-01-01,DTVT,K22,0,134,59
25138395,Duong Van Binh,1.88,4.7,1,2002-05-04,KT,K24,0,50,70
25138396,Huynh Van Hieu,2.52,6.3,1,2004-10-19,DTVT,K22,0,46,71
25138397,Le Van Hai,3.7,9.25,0,2001-11-16,KT,K23,0,119,52
25138398,Duong Van Khanh,3.69,9.22,0,2005-08-08,HTTT,K24,0,112,73
25138399,Dang Van Linh,1.63,4.07,1,2007-05-20,QTKD,K22,0,103,59
25138400,Tran Thi Tuan,1.92,4.8,0,2003-04-07,QTKD,K25,0,86,57
25138401,Mai Thi Quan,3.35,8.38,0,2003-07-02,KHMT,K23,0,108,51
25138402,Huynh Van Duc,2.57,6.42,1,2003-09-01,QTKD,K21,0,51,60
25138403,Dang Van Dung,1.58,3.95,1,2001-01-28,DTVT,K23,0,120,61
25138404,Vo Thi Chi,2.15,5.38,0,2002-03-21,KT,K22,0,99,69
25138405,Pham Thi Trang,2.71,6.78,1,2004-04-13,CNOT,K23,0,141,83
25138406,Phan Thi Ngoc,1.86,4.65,1,2003-07-24,KTPM,K21,0,91,94
25138407,Dang Van Son,1.55,3.88,1,2006-09-10,HTTT,K22,0,41,80
25138408,Vo Thi Giang,3.25,8.12,0,2004-11-13,CNOT,K21,0,143,93
25138409,Bui Thi Khanh,2.84,7.1,0,2007-12-24,DTVT,K23,0,66,58
25138410,Phan Thi Nam,3.72,9.3,1,2002-11-10,CKM,K24,0,128,75
25138411,Le Van Dung,3.92,9.8,0,2005-04-10,KTPM,K25,0,46,97
25138412,Duong Van Son,2.69,6.72,1,2006-09-27,CNTT,K24,0,133,85
25138413,Nguyen Van Quan,3.72,9.3,1,2005-04-15,KTMT,K21,0,142,53
25138414,Le Van Phuc,2.7,6.75,0,2006-03-11,CKM,K24,0,120,89
25138415,Bui Thi Hai,1.87,4.68,0,2003-04-07,CNOT,K25,0,48,71
25138416,Mai Thi Trang,1.66,4.15,0,2003-01-07,HTTT,K24,0,82,98
25138417,Le Van Phuc,2.93,7.33,1,2006-06-15,DTVT,K24,0,97,54
25138418,Dang Van Giang,3.83,9.57,1,2007-12-28,QTKD,K22,0,71,80
25138419,Pham Thi Duc,2.08,5.2,0,2007-11-26,KT,K21,0,103,95
25138420,Nguyen Van An,3.53,8.82,0,2007-08-18,KHMT,K22,0,128,53
25138421,Pham Thi Minh,2.21,5.53,1,2006-09-09,QTKD,K24,0,112,86
25138422,Duong Van Nam,2.88,7.2,1,2001-05-22,KTPM,K23,0,93,89
25138423,Truong Van Duc,1.55,3.88,0,2001-06-02,CKM,K22,0,101,62
25138424,Truong Van Dung,3.01,7.52,1,2005-07-20,HTTT,K22,0,55,100
25138425,Phan Thi Duc,2.66,6.65,0,2004-04-22,KTPM,K25,0,108,50
25138426,Truong Van Dung,3.22,8.05,1,2006-06-13,QTKD,K21,0,104,59
25138427,Mai Thi Minh,3.52,8.8,0,2007-09-28,CNTT,K22,0,47,82
25138428,Truong Van Duc,2.22,5.55,0,2006-03-05,CNTT,K23,0,61,81
25138429,Phan Thi Binh,1.87,4.68,1,2001-10-04,CKM,K22,0,131,88
25138430,Pham Thi An,2.85,7.12,0,2004-02-26,CNTT,K22,0,129,63
25138431,Pham Thi Vy,2.11,5.27,1,2005-09-05,KHMT,K24,0,65,64
25138432,Pham Thi Binh,3.19,7.97,1,2002-08-01,KTPM,K21,0,94,53
25138433,Pham Thi Thao,3.42,8.55,0,2004-10-04,QTKD,K21,0,85,60
25138434,Bui Thi Khanh,2.9,7.25,0,2007-06-13,KHMT,K23,0,94,50
25138435,Bui Thi Linh,3.89,9.72,1,2007-02-25,CKM,K23,0,127,62
25138436,Do Van Ngoc,3.69,9.22,0,2007-09-22,DTVT,K24,0,141,69
25138437,Phan Thi Khanh,2.68,6.7,1,2003-03-12,CKM,K21,0,49,81
25138438,Phan Thi Vy,3.52,8.8,1,2005-11-20,QTKD,K21,1,146,52
25138439,Tran Thi Linh,2.92,7.3,1,2004-02-16,KT,K25,0,149,75
25138440,Mai Thi Chi,1.76,4.4,1,2004-04-03,KHMT,K22,1,142,58
25138441,Mai Thi Hieu,3.85,9.62,0,2004-12-12,HTTT,K22,0,113,64
25138442,Tran Thi Duc,3.15,7.88,0,2001-08-23,CNOT,K21,0,138,69
25138443,Hoang Van Duc,3.0,7.5,0,2005-05-09,KTMT,K25,0,120,61
25138444,Le Van Trang,2.64,6.6,0,2002-10-05,CKM,K22,0,49,57
25138445,Vo Thi Ngoc,3.68,9.2,1,2006-10-26,KTPM,K21,0,38,59
25138446,Le Van Vy,2.1,5.25,1,2003-05-05,KTPM,K23,0,93,86
25138447,Vo Thi Dung,3.18,7.95,0,2005-07-17,CNTT,K22,0,71,65
25138448,Bui Thi Son,2.36,5.9,0,2005-02-25,KTMT,K25,0,37,62
25138449,Phan Thi Ngoc,3.39,8.47,0,2001-04-13,KTMT,K25,1,54,93
25138450,Le Van Linh,2.47,6.18,0,2002-04-12,CKM,K24,0,144,74
25138451,Ngo Thi Nam,3.34,8.35,1,2001-12-18,CNTT,K24,0,66,56
25138452,Huynh Van Vy,2.1,5.25,0,2007-05-24,KTPM,K25,0,70,52
25138453,Ngo Thi Nam,2.76,6.9,0,2002-08-19,CKM,K21,0,130,71
25138454,Tran Thi Binh,2.22,5.55,0,2003-03-23,KHMT,K24,0,64,60
25138455,Tran Thi Dung,1.75,4.38,0,2002-09-26,CKM,K24,0,130,59
25138456,Dang Van Minh,2.97,7.43,1,2006-01-14,KT,K22,0,99,98
25138457,Dang Van Duc,3.61,9.03,0,2001-02-23,QTKD,K24,1,131,64
25138458,Pham Thi Son,3.0,7.5,1,2003-07-07,HTTT,K23,0,135,68
25138459,Vo Thi Quan,3.84,9.6,1,2006-04-08,KHMT,K22,0,108,67
25138460,Pham Thi Tuan,3.26,8.15,1,2002-07-06,HTTT,K24,0,36,93
25138461,Nguyen Van Thao,2.62,6.55,1,2007-07-06,DTVT,K21,0,36,57
25138462,Truong Van Minh,2.16,5.4,0,2001-07-17,QTKD,K24,0,103,77
25138463,Bui Thi Nam,3.29,8.22,1,2004-03-27,KTMT,K23,0,30,62
25138464,Truong Van Son,2.77,6.92,1,2004-02-28,CNOT,K24,1,48,66
25138465,Phan Thi Dung,3.74,9.35,0,2001-07-12,CNOT,K22,0,114,98
25138466,Huynh Van Phuc,2.05,5.12,0,2007-06-06,KTMT,K22,0,89,84
25138467,Nguyen Van Khanh,2.44,6.1,0,2001-11-06,CNTT,K21,0,102,86
25138468,Bui Thi Quan,1.82,4.55,0,2002-08-02,CKM,K24,0,97,76
25138469,Truong Van Binh,3.73,9.32,1,2007-09-23,KTMT,K22,0,50,50
25138470,Vo Thi Minh,1.99,4.97,1,2003-08-26,KT,K24,0,138,61
25138471,Ngo Thi Giang,3.09,7.72,1,2006-03-20,DTVT,K22,0,40,59
25138472,Tran Thi Vy,1.89,4.72,0,2005-10-22,CNOT,K21,0,99,88
25138473,Tran Thi Hieu,2.21,5.53,1,2007-05-08,KHMT,K23,0,128,70
25138474,Le Van Vy,2.39,5.98,1,2007-02-07,KT,K21,0,97,61
25138475,Do Van Nam,3.88,9.7,1,2002-09-07,KTPM,K25,0,73,84
25138476,Le Van Vy,3.5,8.75,1,2005-02-24,KTPM,K25,0,75,54
25138477,Dang Van Quan,1.52,3.8,1,2004-06-14,KTPM,K23,0,59,76
25138478,Le Van Binh,2.75,6.88,0,2001-12-05,CNOT,K21,0,74,52
25138479,Pham Thi An,3.19,7.97,1,2005-09-28,QTKD,K24,0,98,63
25138480,Le Van Nam,1.71,4.28,0,2001-08-17,CKM,K23,0,92,88
25138481,Tran Thi Duc,2.78,6.95,0,2007-03-13,HTTT,K23,0,126,69
25138482,Phan Thi Giang,2.97,7.43,0,2001-11-21,QTKD,K24,0,137,91
25138483,Nguyen Van Son,1.91,4.77,1,2001-04-13,CNTT,K21,0,55,92
25138484,Bui Thi Tuan,3.25,8.12,1,2007-07-03,CNTT,K21,0,50,85
25138485,Le Van Nam,2.09,5.22,0,2002-11-30,QTKD,K23,0,108,61
25138486,Dang Van Quan,2.24,5.6,1,2001-11-10,CKM,K24,1,103,96
25138487,Tran Thi Minh,3.84,9.6,0,2004-07-20,KTMT,K21,0,44,91
25138488,Hoang Van Phuc,2.67,6.67,0,2001-12-21,KT,K23,0,74,75
25138489,Nguyen Van Chi,2.24,5.6,0,2002-07-12,CKM,K25,1,134,75
25138490,Phan Thi Binh,2.76,6.9,1,2002-03-12,KHMT,K23,0,65,75
25138491,Mai Thi Son,2.4,6.0,1,2001-03-05,CNOT,K23,1,87,82
25138492,Pham Thi Hai,3.79,9.47,1,2007-07-25,KTMT,K23,0,31,100
25138493,Dang Van Minh,1.71,4.28,0,2002-11-27,CNOT,K21,0,69,58
25138494,Duong Van Vy,3.55,8.88,0,2005-06-28,HTTT,K25,0,79,76
25138495,Huynh Van Son,2.26,5.65,0,2002-02-08,CNOT,K24,0,36,59
25138496,Tran Thi Son,2.97,7.43,0,2002-01-17,HTTT,K22,0,98,52
25138497,Pham Thi Ngoc,3.24,8.1,1,2005-10-22,CNTT,K25,0,68,99
25138498,Mai Thi Nam,3.11,7.77,1,2007-07-28,CNOT,K23,0,97,82
25138499,Dang Van An,2.15,5.38,1,2003-11-01,CKM,K23,1,32,60
25138500,Bui Thi Quan,2.78,6.95,0,2006-08-26,CKM,K25,0,87,98
25138501,Hoang Van Giang,1.55,3.88,0,2002-08-05,KTPM,K23,0,130,100
25138502,Le Van Hai,2.31,5.78,1,2006-08-05,DTVT,K22,0,139,69
25138503,Pham Thi Minh,2.31,5.78,0,2002-07-03,KTPM,K25,0,105,94
25138504,Tran Thi Quan,2.98,7.45,0,2004-07-04,KHMT,K21,1,69,66
25138505,Phan Thi Minh,3.61,9.03,0,2001-07-29,KHMT,K23,0,63,59
25138506,Phan Thi Vy,2.73,6.83,1,2005-08-14,HTTT,K22,0,42,56
25138507,Duong Van Hai,1.96,4.9,1,2003-12-29,HTTT,K22,0,87,63
25138508,Phan Thi Khanh,3.76,9.4,1,2005-08-15,CNTT,K23,0,36,96
25138509,Tran Thi Khanh,1.91,4.77,1,2004-03-16,CNTT,K23,0,65,60
25138510,Truong Van Duc,3.3,8.25,0,2004-07-17,KTMT,K24,0,37,61
25138511,Phan Thi Quan,1.9,4.75,0,2007-03-13,DTVT,K22,0,74,78
25138512,Le Van Chi,2.86,7.15,0,2003-06-15,CNTT,K21,0,139,82
25138513,Do Van Phuc,2.0,5.0,1,2004-10-19,CKM,K21,0,56,66
25138514,Bui Thi Duc,2.96,7.4,1,2003-03-18,KTMT,K21,0,140,54
25138515,Nguyen Van Chi,3.78,9.45,1,2004-05-09,KT,K22,0,102,75
25138516,Do Van Hai,3.57,8.92,0,2005-05-13,CNTT,K22,0,76,94
25138517,Mai Thi Phuc,3.48,8.7,1,2007-04-12,KTMT,K24,1,59,64
25138518,Le Van Hai,1.65,4.12,0,2004-07-27,KHMT,K24,0,67,85
25138519,Tran Thi Duc,2.55,6.38,1,2004-10-01,QTKD,K22,0,33,53
25138520,Nguyen Van Linh,1.65,4.12,1,2002-11-09,DTVT,K24,0,96,64
25138521,Mai Thi Minh,3.54,8.85,0,2003-02-27,KT,K21,0,84,76
25138522,Truong Van Son,2.62,6.55,0,2002-10-20,DTVT,K24,0,46,90
25138523,Huynh Van Binh,2.03,5.07,1,2003-06-24,KT,K25,0,144,84
25138524,Bui Thi Duc,3.81,9.53,1,2006-06-18,CNOT,K23,0,99,54
25138525,Bui Thi Dung,2.38,5.95,0,2006-09-17,KTMT,K23,0,93,90
25138526,Mai Thi Son,3.33,8.32,0,2003-05-17,CKM,K25,0,69,92
25138527,Phan Thi Trang,3.9,9.75,1,2006-11-04,QTKD,K24,0,120,79
25138528,Hoang Van Duc,3.33,8.32,0,2002-01-14,DTVT,K23,0,81,66
25138529,Dang Van An,2.41,6.03,0,2002-03-18,CNOT,K22,0,69,59
25138530,Le Van Minh,1.9,4.75,1,2004-04-06,KHMT,K23,0,53,80
25138531,Nguyen Van Son,2.26,5.65,1,2001-12-19,KTPM,K25,0,72,67
25138532,Nguyen Van Chi,3.45,8.62,0,2004-12-06,CKM,K23,1,47,86
25138533,Nguyen Van An,2.21,5.53,0,2002-10-06,QTKD,K21,0,69,85
25138534,Le Van Khanh,1.83,4.58,1,2007-03-05,HTTT,K23,0,54,54
25138535,Bui Thi Khanh,1.67,4.17,1,2007-02-07,CNTT,K25,0,111,63
25138536,Pham Thi Minh,2.23,5.58,0,2006-04-01,CNTT,K21,0,116,56
25138537,Le Van Khanh,3.44,8.6,0,2004-02-21,CNTT,K24,0,150,79
25138538,Truong Van Dung,3.33,8.32,0,2001-06-01,KTMT,K23,0,144,92
25138539,Duong Van Thao,1.93,4.83,0,2003-09-11,QTKD,K24,0,108,96
25138540,Le Van Son,2.96,7.4,0,2004-08-17,KHMT,K21,0,126,89
25138541,Nguyen Van Thao,2.33,5.83,0,2006-01-14,CNOT,K25,0,31,83
25138542,Mai Thi Trang,2.62,6.55,1,2001-07-04,CKM,K21,0,98,54
25138543,Ngo Thi Linh,1.62,4.05,0,2002-10-21,HTTT,K25,0,37,62
25138544,Phan Thi Vy,3.08,7.7,0,2007-12-19,HTTT,K22,0,133,51
25138545,Duong Van Binh,3.95,9.88,1,2006-06-25,KHMT,K23,1,70,72
25138546,Ngo Thi Giang,2.26,5.65,0,2002-02-28,HTTT,K25,0,80,67
25138547,Do Van Hieu,3.61,9.03,0,2004-02-01,KTMT,K22,0,122,63
25138548,Truong Van Dung,2.31,5.78,1,2006-03-16,DTVT,K21,0,132,66
25138549,Le Van Minh,3.16,7.9,1,2004-01-24,KT,K22,0,110,86
25138550,Phan Thi Dung,3.3,8.25,0,2005-01-26,KT,K22,0,86,50
25138551,Phan Thi Khanh,2.16,5.4,1,2003-10-04,KTMT,K21,1,125,54
25138552,Pham Thi Giang,2.76,6.9,0,2007-08-30,KHMT,K25,1,49,73
25138553,Vo Thi Khanh,1.76,4.4,1,2002-07-19,DTVT,K25,0,123,58
25138554,Bui Thi Minh,3.75,9.38,0,2002-07-21,KTPM,K23,0,47,69
25138555,Duong Van Thao,2.27,5.67,0,2006-10-22,KT,K22,0,43,75
25138556,Truong Van An,3.55,8.88,1,2005-01-23,QTKD,K21,1,95,78
25138557,Dang Van Giang,3.9,9.75,0,2006-07-29,DTVT,K24,0,149,99
25138558,Vo Thi Linh,3.65,9.12,1,2006-07-06,KT,K21,0,98,84
25138559,Vo Thi Ngoc,2.8,7.0,0,2007-01-16,CNTT,K23,0,65,76
25138560,Mai Thi Giang,1.72,4.3,1,2007-05-09,CNOT,K24,0,96,81
25138561,Ngo Thi Trang,3.28,8.2,0,2002-10-09,KTPM,K24,1,82,68
25138562,Ngo Thi Vy,1.91,4.77,1,2002-07-28,KTPM,K24,0,36,79
25138563,Le Van Minh,3.75,9.38,1,2001-09-28,HTTT,K21,0,145,80
25138564,Pham Thi Thao,1.78,4.45,1,2001-04-29,KTMT,K25,0,114,58
25138565,Mai Thi Son,1.7,4.25,0,2004-03-24,KTPM,K22,0,147,51
25138566,Bui Thi Son,2.32,5.8,0,2001-10-18,HTTT,K21,0,74,59
25138567,Truong Van Duc,1.83,4.58,0,2007-05-25,HTTT,K25,0,118,77
25138568,Truong Van Son,3.06,7.65,0,2006-01-28,CKM,K25,0,40,95
25138569,Phan Thi Nam,3.47,8.68,1,2003-02-15,CNOT,K21,0,69,89
25138570,Phan Thi Vy,3.56,8.9,0,2004-11-30,KTMT,K24,0,139,73
25138571,Duong Van Nam,2.06,5.15,0,2003-01-11,CNTT,K25,0,139,66
25138572,Dang Van Phuc,2.14,5.35,0,2005-06-18,DTVT,K21,0,141,87
25138573,Do Van Giang,2.45,6.12,0,2005-10-08,CKM,K21,0,67,94
25138574,Vo Thi Minh,2.5,6.25,1,2006-10-09,CKM,K25,0,105,52
25138575,Hoang Van An,2.77,6.92,0,2003-10-26,CNOT,K21,0,128,100
25138576,Pham Thi Trang,3.78,9.45,0,2004-09-24,CKM,K24,0,69,74
25138577,Hoang Van Son,3.41,8.53,1,2007-08-07,QTKD,K21,0,31,72
25138578,Dang Van Hai,3.17,7.92,0,2005-11-24,KT,K24,0,70,51
25138579,Tran Thi Thao,2.8,7.0,0,2004-01-16,DTVT,K22,0,74,69
25138580,Vo Thi An,2.77,6.92,0,2001-02-23,KT,K25,0,148,58
25138581,Truong Van Quan,1.95,4.88,1,2005-12-08,DTVT,K23,0,130,91
25138582,Vo Thi Hieu,2.36,5.9,1,2006-02-17,CKM,K25,0,134,93
25138583,Bui Thi Hai,2.36,5.9,0,2001-08-16,CNOT,K25,0,42,94
25138584,Phan Thi Nam,2.83,7.08,1,2006-04-03,KT,K21,1,138,87
25138585,Ngo Thi Dung,3.7,9.25,1,2003-10-17,QTKD,K23,1,91,87
25138586,Nguyen Van Son,2.68,6.7,1,2005-05-11,DTVT,K24,1,98,66
25138587,Vo Thi Son,3.32,8.3,1,2001-12-28,QTKD,K21,0,129,82
25138588,Hoang Van Quan,2.81,7.03,0,2005-02-24,KTMT,K25,0,148,100
25138589,Hoang Van Tuan,3.29,8.22,1,2005-12-25,KTPM,K21,0,86,75
25138590,Mai Thi Dung,2.91,7.28,0,2001-07-06,CKM,K21,0,106,65
25138591,Duong Van Son,2.92,7.3,1,2001-08-01,DTVT,K25,0,76,64
25138592,Ngo Thi Ngoc,2.65,6.62,0,2002-03-17,QTKD,K22,0,91,92
25138593,Hoang Van Binh,3.06,7.65,1,2005-01-24,CNTT,K24,0,94,53
25138594,Nguyen Van Ngoc,3.76,9.4,1,2002-08-18,KTMT,K25,0,68,77
25138595,Nguyen Van Son,1.84,4.6,1,2006-08-27,CKM,K25,0,119,81
25138596,Duong Van Binh,3.89,9.72,0,2002-11-05,QTKD,K21,0,74,50
25138597,Phan Thi Giang,3.48,8.7,1,2003-04-09,KTMT,K21,0,107,58
25138598,Truong Van Hai,2.17,5.42,0,2003-05-08,KHMT,K23,0,136,83
25138599,Le Van Nam,1.85,4.62,1,2002-01-28,KTMT,K25,0,140,90
25138600,Pham Thi Quan,1.65,4.12,0,2005-06-12,KHMT,K24,0,34,81
25138601,Nguyen Van Vy,1.58,3.95,0,2006-06-25,CKM,K24,0,82,52
25138602,Mai Thi Minh,3.18,7.95,0,2005-10-13,DTVT,K23,1,90,75
25138603,Do Van Thao,3.24,8.1,0,2002-12-21,DTVT,K24,1,36,64
25138604,Nguyen Van Nam,3.12,7.8,1,2001-11-03,KT,K23,0,36,85
25138605,Le Van Tuan,2.44,6.1,0,2006-07-14,QTKD,K21,1,65,85
25138606,Hoang Van Minh,2.32,5.8,1,2006-03-14,KTPM,K23,1,56,87
25138607,Phan Thi Dung,3.54,8.85,1,2007-10-15,CNOT,K21,0,113,55
25138608,Truong Van Nam,3.9,9.75,0,2003-08-29,KTMT,K24,0,141,50
25138609,Pham Thi Phuc,2.27,5.67,0,2007-05-16,QTKD,K21,0,115,71
25138610,Nguyen Van Tuan,2.25,5.62,0,2007-05-22,QTKD,K21,0,80,56
25138611,Do Van Binh,3.09,7.72,1,2006-11-03,DTVT,K25,0,128,79
25138612,Nguyen Van Tuan,2.36,5.9,0,2003-01-01,CKM,K25,0,86,72
25138613,Phan Thi Phuc,2.9,7.25,1,2005-01-25,DTVT,K22,0,96,71
25138614,Huynh Van Linh,3.24,8.1,0,2004-05-13,KHMT,K23,0,93,94
25138615,Phan Thi Ngoc,2.83,7.08,0,2005-10-17,KHMT,K25,0,135,84
25138616,Tran Thi An,1.58,3.95,1,2005-04-20,CKM,K25,0,115,57
25138617,Vo Thi Linh,3.97,9.93,1,2001-07-11,CKM,K22,0,137,69
25138618,Huynh Van Vy,3.18,7.95,0,2002-03-17,KTMT,K24,0,121,96
25138619,Phan Thi Nam,3.85,9.62,0,2002-08-14,KTMT,K25,0,83,93
25138620,Vo Thi Linh,3.23,8.07,1,2006-12-31,CNTT,K23,0,40,90
25138621,Le Van Phuc,3.93,9.83,0,2007-03-08,CKM,K24,0,131,70
25138622,Vo Thi Khanh,2.13,5.32,1,2002-04-10,QTKD,K25,0,77,59
25138623,Vo Thi Dung,2.49,6.23,0,2003-11-15,CKM,K21,0,84,51
25138624,Tran Thi Khanh,1.88,4.7,1,2001-07-14,KHMT,K25,0,105,50
25138625,Pham Thi Nam,2.66,6.65,1,2006-04-23,CKM,K23,0,118,68
25138626,Truong Van Minh,2.7,6.75,0,2004-12-21,HTTT,K21,0,84,79
25138627,Le Van Chi,3.25,8.12,0,2006-08-18,KTMT,K22,0,38,97
25138628,Truong Van Binh,3.61,9.03,1,2007-02-22,CNOT,K25,0,82,83
25138629,Huynh Van An,3.18,7.95,0,2005-06-19,DTVT,K22,0,88,75
25138630,Phan Thi Nam,3.29,8.22,0,2002-08-04,CNTT,K25,0,137,97
25138631,Do Van Thao,2.51,6.27,0,2003-09-16,KHMT,K21,0,142,68
25138632,Do Van An,3.22,8.05,1,2007-08-05,CKM,K22,0,49,68
25138633,Nguyen Van Nam,2.62,6.55,1,2004-03-16,DTVT,K24,0,32,53
25138634,Tran Thi Thao,1.67,4.17,0,2005-04-11,QTKD,K24,0,60,92
25138635,Huynh Van Ngoc,3.12,7.8,0,2006-05-20,DTVT,K24,1,105,97
25138636,Bui Thi Giang,3.51,8.77,1,2006-06-26,CNOT,K24,0,101,63
25138637,Hoang Van Ngoc,3.71,9.28,1,2003-12-28,CNTT,K25,0,66,92
25138638,Le Van Phuc,2.43,6.08,1,2005-07-30,CKM,K22,0,109,94
25138639,Huynh Van Phuc,1.67,4.17,1,2003-02-25,KHMT,K25,0,43,97
25138640,Do Van Linh,2.69,6.72,0,2004-08-23,HTTT,K24,0,41,64
25138641,Huynh Van Khanh,1.6,4.0,1,2005-10-08,CNTT,K23,0,72,99
25138642,Huynh Van An,1.73,4.33,0,2002-01-31,HTTT,K24,0,76,80
25138643,Do Van Phuc,3.41,8.53,1,2006-08-23,DTVT,K25,0,112,69
25138644,Hoang Van Tuan,3.27,8.18,1,2002-12-15,CKM,K23,0,143,88
25138645,Tran Thi Thao,3.58,8.95,1,2007-04-28,KTPM,K23,1,130,83
25138646,Phan Thi Chi,1.79,4.47,1,2003-12-23,HTTT,K24,0,146,65
25138647,Tran Thi An,3.44,8.6,0,2005-02-09,KTMT,K22,0,46,79
25138648,Le Van Quan,3.43,8.58,1,2005-08-05,KT,K22,0,87,60
25138649,Tran Thi Binh,2.93,7.33,1,2001-12-25,QTKD,K22,0,101,83
25138650,Vo Thi Phuc,3.17,7.92,0,2005-04-05,DTVT,K21,0,136,91
25138651,Vo Thi Vy,3.26,8.15,1,2005-11-05,KT,K23,0,137,74
25138652,Huynh Van An,2.04,5.1,0,2006-07-03,HTTT,K21,0,46,63
25138653,Huynh Van Dung,3.35,8.38,0,2005-04-24,CNOT,K24,0,139,85
25138654,Mai Thi Son,2.5,6.25,0,2005-06-12,KT,K24,0,75,89
25138655,Phan Thi An,2.37,5.93,0,2005-07-14,CNOT,K25,0,148,62
25138656,Vo Thi An,3.89,9.72,0,2001-12-24,HTTT,K21,0,139,81
25138657,Duong Van Hieu,2.68,6.7,0,2006-05-27,DTVT,K21,0,39,91
25138658,Hoang Van Linh,1.81,4.53,0,2005-04-09,CNTT,K23,0,139,100
25138659,Phan Thi Trang,3.55,8.88,1,2007-10-11,HTTT,K23,1,133,84
25138660,Hoang Van Chi,2.53,6.32,0,2004-10-06,CNOT,K24,0,115,95
25138661,Hoang Van Quan,2.44,6.1,1,2006-07-13,CNOT,K22,0,96,81
25138662,Mai Thi Linh,2.09,5.22,1,2003-08-19,KTPM,K25,0,110,99
25138663,Dang Van Vy,2.02,5.05,1,2004-03-28,HTTT,K22,0,70,69
25138664,Vo Thi Hai,3.71,9.28,1,2004-02-25,CNTT,K21,0,132,59
25138665,Tran Thi Hieu,1.72,4.3,1,2005-01-17,KT,K25,0,144,65
25138666,Tran Thi Duc,2.09,5.22,0,2002-11-25,CNTT,K24,0,102,65
25138667,Bui Thi Binh,2.89,7.23,1,2004-11-19,CNTT,K25,0,38,50
25138668,Duong Van Ngoc,2.47,6.18,1,2005-06-23,KT,K25,0,39,54
25138669,Ngo Thi Giang,2.22,5.55,1,2004-11-30,KTMT,K21,0,124,97
25138670,Dang Van Son,2.65,6.62,1,2005-10-10,KTMT,K23,0,59,61
25138671,Do Van Hai,2.12,5.3,0,2005-07-25,CNTT,K24,0,66,85
25138672,Tran Thi Giang,2.6,6.5,1,2004-11-06,KTPM,K23,0,126,85
25138673,Tran Thi Linh,1.89,4.72,1,2007-08-09,HTTT,K21,0,99,74
25138674,Huynh Van Linh,3.94,9.85,1,2007-03-26,KHMT,K25,0,86,96
25138675,Dang Van Chi,3.51,8.77,1,2006-10-29,QTKD,K21,0,136,75
25138676,Hoang Van Hieu,2.33,5.83,0,2002-01-02,KT,K21,0,30,93
25138677,Vo Thi Duc,1.93,4.83,1,2004-09-06,CKM,K25,1,65,91
25138678,Vo Thi Nam,2.67,6.67,0,2003-08-28,CKM,K25,0,105,74
25138679,Huynh Van Trang,3.91,9.78,0,2006-07-24,CNOT,K25,0,132,87
25138680,Truong Van Trang,2.6,6.5,0,2004-08-13,CNTT,K24,0,115,50
25138681,Do Van Hieu,2.55,6.38,1,2001-06-27,KT,K25,0,60,77
25138682,Phan Thi Binh,3.87,9.68,1,2004-01-19,KT,K23,0,47,60
25138683,Do Van Duc,3.72,9.3,1,2002-04-27,QTKD,K24,0,74,91
25138684,Duong Van Trang,1.51,3.77,0,2004-01-21,KTPM,K22,0,87,64
25138685,Bui Thi Linh,3.08,7.7,1,2003-02-05,KTMT,K22,0,120,93
25138686,Duong Van Linh,2.77,6.92,1,2003-06-15,KT,K24,0,84,59
25138687,Mai Thi Minh,2.36,5.9,0,2007-05-25,CNOT,K21,0,52,81
25138688,Dang Van Binh,3.55,8.88,1,2007-09-11,CNTT,K21,0,125,59
25138689,Huynh Van Son,1.68,4.2,1,2001-04-16,KHMT,K22,0,88,82
25138690,Duong Van Phuc,1.79,4.47,1,2005-09-05,HTTT,K23,0,70,77
25138691,Bui Thi Son,3.5,8.75,1,2004-09-26,QTKD,K23,0,85,94
25138692,Huynh Van Thao,1.53,3.83,0,2007-03-01,KT,K22,0,120,98
25138693,Tran Thi Khanh,2.55,6.38,0,2007-02-08,KTMT,K25,0,70,73
25138694,Dang Van An,2.09,5.22,1,2005-05-31,QTKD,K23,0,145,64
25138695,Vo Thi Son,3.65,9.12,0,2006-02-16,KTMT,K24,0,77,57
25138696,Ngo Thi Ngoc,2.57,6.42,1,2005-09-10,KTPM,K23,0,100,76
25138697,Pham Thi An,3.06,7.65,1,2003-05-09,DTVT,K25,0,46,95
25138698,Huynh Van Vy,1.67,4.17,0,2001-01-21,KT,K25,0,136,91
25138699,Hoang Van Hai,3.77,9.43,0,2003-05-28,KTPM,K23,0,100,63
25138700,Dang Van Giang,2.35,5.88,1,2005-09-03,DTVT,K22,0,92,78
25138701,Huynh Van Minh,3.41,8.53,0,2007-12-28,KT,K22,0,117,79
25138702,Tran Thi Ngoc,2.64,6.6,0,2005-05-13,CNOT,K23,0,126,67
25138703,Truong Van Binh,3.52,8.8,1,2002-04-13,KHMT,K22,1,99,67
25138704,Tran Thi Quan,3.84,9.6,0,2001-02-18,CNTT,K25,0,76,50
25138705,Ngo Thi Thao,3.19,7.97,1,2002-06-09,HTTT,K24,0,138,78
25138706,Nguyen Van Binh,2.56,6.4,0,2001-05-10,QTKD,K25,0,69,64
25138707,Pham Thi Chi,3.38,8.45,1,2002-08-19,KHMT,K24,0,83,85
25138708,Truong Van Minh,2.76,6.9,0,2003-03-29,DTVT,K21,0,148,95
25138709,Vo Thi Dung,2.79,6.97,1,2006-05-05,DTVT,K25,0,122,53
25138710,Huynh Van Duc,3.17,7.92,1,2002-03-20,KTMT,K21,0,143,63
25138711,Pham Thi Quan,2.42,6.05,0,2001-04-05,KHMT,K21,0,74,88
25138712,Bui Thi Thao,1.98,4.95,1,2004-10-17,KTPM,K24,0,45,99
25138713,Hoang Van An,2.25,5.62,1,2003-11-10,HTTT,K24,0,66,71
25138714,Mai Thi Ngoc,2.63,6.57,1,2007-12-03,DTVT,K21,0,131,74
25138715,Truong Van Duc,3.13,7.82,0,2004-06-19,CNTT,K21,0,97,98
25138716,Nguyen Van Tuan,1.72,4.3,1,2002-02-06,QTKD,K24,1,30,95
25138717,Vo Thi Nam,3.62,9.05,0,2007-02-14,KTPM,K22,0,60,97
25138718,Ngo Thi Quan,3.01,7.52,1,2003-04-16,QTKD,K21,0,113,77
25138719,Hoang Van Duc,2.97,7.43,0,2003-07-03,DTVT,K23,0,129,63
25138720,Le Van Thao,1.53,3.83,0,2006-01-29,KT,K22,0,125,59
25138721,Mai Thi Quan,2.83,7.08,1,2005-06-25,HTTT,K24,0,120,71
25138722,Bui Thi Hai,2.2,5.5,1,2002-09-25,KTPM,K21,0,31,84
25138723,Huynh Van Thao,2.04,5.1,1,2006-12-26,QTKD,K25,1,44,83
25138724,Bui Thi Linh,2.98,7.45,1,2005-05-10,CNOT,K21,0,73,77
25138725,Mai Thi Ngoc,3.66,9.15,0,2007-05-30,HTTT,K23,0,143,65
25138726,Ngo Thi Hieu,2.97,7.43,0,2002-08-08,HTTT,K25,0,111,97
25138727,Huynh Van Duc,1.91,4.77,0,2001-10-11,KTMT,K24,0,68,59
25138728,Bui Thi Thao,2.31,5.78,1,2003-03-15,QTKD,K22,1,119,79
25138729,Pham Thi Phuc,1.81,4.53,1,2001-01-27,CNOT,K21,0,132,88
25138730,Tran Thi Phuc,3.9,9.75,0,2006-08-25,KT,K22,1,106,71
25138731,Bui Thi Minh,3.31,8.28,0,2004-01-29,KTMT,K21,0,66,92
25138732,Do Van Son,1.66,4.15,1,2005-11-05,CNOT,K23,1,77,79
25138733,Do Van Hai,2.36,5.9,0,2001-02-02,KTPM,K24,0,66,78
25138734,Do Van Nam,2.1,5.25,1,2002-01-04,KTMT,K23,1,88,56
25138735,Vo Thi Duc,3.82,9.55,1,2004-04-12,KTMT,K21,0,102,94
25138736,Tran Thi Khanh,1.68,4.2,1,2005-10-21,CKM,K23,0,42,98
25138737,Phan Thi Tuan,3.15,7.88,1,2003-08-22,QTKD,K22,1,69,81
25138738,Nguyen Van Chi,2.18,5.45,1,2003-09-23,CKM,K23,0,74,77
25138739,Duong Van Phuc,2.74,6.85,0,2004-06-27,QTKD,K22,1,63,83
25138740,Truong Van Nam,3.1,7.75,0,2004-06-06,CNOT,K25,0,84,53
25138741,Mai Thi Quan,2.92,7.3,1,2004-06-08,CNOT,K23,0,60,74
25138742,Nguyen Van Khanh,2.34,5.85,1,2001-09-06,KTPM,K22,0,132,84
25138743,Le Van Hai,3.13,7.82,0,2006-07-01,HTTT,K22,1,85,85
25138744,Le Van Trang,3.32,8.3,0,2007-04-06,DTVT,K22,0,110,53
25138745,Do Van Binh,3.46,8.65,1,2006-02-03,HTTT,K21,0,38,97
25138746,Do Van Phuc,2.85,7.12,0,2003-04-04,CNOT,K25,0,146,66
25138747,Mai Thi Minh,3.13,7.82,1,2004-04-26,QTKD,K25,0,102,92
25138748,Pham Thi Phuc,3.14,7.85,0,2003-07-06,KTMT,K23,0,109,50
25138749,Do Van Quan,3.29,8.22,1,2003-05-03,KHMT,K24,0,101,65
25138750,Pham Thi Khanh,2.29,5.72,1,2003-11-14,QTKD,K24,0,117,72
25138751,Bui Thi Nam,1.85,4.62,0,2002-01-31,CNOT,K24,0,56,97
25138752,Huynh Van Son,1.91,4.77,0,2003-06-14,QTKD,K24,0,148,76
25138753,Nguyen Van Phuc,2.45,6.12,1,2004-05-07,DTVT,K25,0,128,56
25138754,Vo Thi Khanh,1.64,4.1,0,2006-02-23,QTKD,K25,0,75,90
25138755,Pham Thi Hai,3.82,9.55,0,2002-11-26,CKM,K24,0,69,58
25138756,Do Van Giang,2.61,6.52,1,2003-07-21,KHMT,K23,1,64,52
25138757,Le Van Dung,1.83,4.58,0,2004-08-31,DTVT,K24,0,97,63
25138758,Nguyen Van Nam,3.01,7.52,1,2002-01-21,CKM,K25,0,81,79
25138759,Dang Van Chi,3.66,9.15,0,2002-06-16,KTMT,K21,0,31,65
25138760,Ngo Thi Tuan,2.43,6.08,0,2001-12-02,DTVT,K24,0,67,66
25138761,Mai Thi An,2.8,7.0,1,2003-09-28,CNTT,K25,0,90,50
25138762,Hoang Van Hai,1.88,4.7,1,2005-07-14,CNOT,K23,0,81,58
25138763,Huynh Van Trang,3.99,9.98,0,2003-05-02,DTVT,K24,0,114,78
25138764,Hoang Van Hai,2.49,6.23,1,2001-10-08,KHMT,K23,0,123,83
25138765,Duong Van Nam,2.95,7.38,0,2001-03-24,HTTT,K25,1,70,99
25138766,Tran Thi Son,3.23,8.07,0,2004-09-12,CNTT,K21,0,90,76
25138767,Tran Thi Khanh,2.32,5.8,0,2005-01-17,KT,K22,0,41,95
25138768,Huynh Van Dung,3.56,8.9,1,2003-05-14,HTTT,K24,0,148,83
25138769,Bui Thi Tuan,3.2,8.0,1,2004-12-12,KTMT,K22,0,124,67
25138770,Le Van Binh,3.22,8.05,1,2005-12-12,KT,K24,1,65,82
25138771,Le Van Giang,1.84,4.6,1,2003-04-07,QTKD,K23,0,133,92
25138772,Duong Van Hai,3.18,7.95,1,2006-05-05,KT,K22,0,91,90
25138773,Le Van Minh,3.22,8.05,1,2003-04-05,KTPM,K24,0,100,68
25138774,Bui Thi Thao,2.12,5.3,1,2001-07-21,KTPM,K21,0,32,57
25138775,Duong Van Giang,2.08,5.2,0,2006-02-23,CKM,K21,0,77,63
25138776,Tran Thi Thao,2.16,5.4,0,2007-08-24,HTTT,K21,0,101,88
25138777,Le Van Son,2.5,6.25,0,2004-01-23,QTKD,K22,1,90,97
25138778,Phan Thi Linh,3.83,9.57,1,2003-09-29,HTTT,K21,0,32,65
25138779,Mai Thi Phuc,3.16,7.9,0,2002-02-12,KHMT,K24,0,67,92
25138780,Bui Thi Trang,1.65,4.12,1,2001-10-25,KT,K23,0,127,63
25138781,Phan Thi Tuan,1.82,4.55,0,2006-06-08,KT,K24,0,109,87
25138782,Huynh Van Linh,3.99,9.98,1,2001-03-04,KTMT,K23,0,78,50
25138783,Vo Thi Duc,3.49,8.73,0,2004-07-29,CNTT,K24,0,44,87
25138784,Huynh Van Giang,3.97,9.93,1,2007-10-15,HTTT,K25,0,143,77
25138785,Duong Van Hai,1.74,4.35,0,2005-08-15,KTPM,K23,0,32,85
25138786,Duong Van Chi,3.51,8.77,0,2002-03-23,CNOT,K23,0,82,77
25138787,Ngo Thi Giang,3.92,9.8,1,2006-06-20,CNTT,K23,0,116,86
25138788,Bui Thi Giang,2.98,7.45,1,2004-01-07,QTKD,K25,0,85,83
25138789,Truong Van Minh,2.6,6.5,0,2004-06-10,CNTT,K25,0,67,62
25138790,Pham Thi Binh,3.81,9.53,1,2004-07-25,KTMT,K24,0,126,84
25138791,Duong Van Chi,2.98,7.45,1,2001-01-09,KT,K24,0,82,91
25138792,Vo Thi Quan,2.68,6.7,0,2002-03-29,KTPM,K25,0,37,66
25138793,Hoang Van Chi,2.65,6.62,0,2004-08-20,HTTT,K23,1,117,69
25138794,Truong Van Vy,2.49,6.23,1,2006-02-02,CNTT,K22,0,141,55
25138795,Truong Van Giang,3.69,9.22,1,2007-11-26,KTMT,K25,0,56,100
25138796,Truong Van Minh,3.3,8.25,0,2003-03-10,CKM,K23,0,91,62
25138797,Truong Van Ngoc,2.76,6.9,0,2005-04-18,QTKD,K23,1,59,54
25138798,Duong Van Hai,3.0,7.5,1,2001-04-29,KHMT,K24,0,74,83
25138799,Vo Thi Nam,2.98,7.45,0,2003-07-01,CNTT,K21,0,85,68
25138800,Le Van Linh,2.92,7.3,0,2004-01-12,KT,K25,0,39,51
25138801,Phan Thi Tuan,1.83,4.58,1,2007-06-22,KT,K21,0,35,53
25138802,Tran Thi Duc,3.35,8.38,0,2007-07-04,KTPM,K25,0,141,91
25138803,Dang Van Hai,2.26,5.65,1,2005-01-26,DTVT,K24,0,33,95
25138804,Bui Thi Quan,1.85,4.62,0,2004-01-27,KTPM,K24,0,59,78
25138805,Tran Thi Quan,2.4,6.0,0,2004-01-29,DTVT,K21,0,114,94
25138806,Vo Thi Khanh,3.55,8.88,1,2007-09-07,CNTT,K22,1,67,86
25138807,Hoang Van Quan,3.6,9.0,0,2006-09-14,CKM,K24,0,69,70
25138808,Tran Thi Quan,1.82,4.55,1,2004-03-04,HTTT,K24,0,93,63
25138809,Dang Van Duc,3.04,7.6,0,2002-06-04,KHMT,K24,0,135,78
25138810,Do Van Linh,2.02,5.05,0,2003-11-11,QTKD,K21,0,109,76
25138811,Phan Thi Binh,2.89,7.23,0,2004-09-06,DTVT,K22,0,57,75
25138812,Mai Thi Linh,3.95,9.88,0,2003-05-26,KT,K21,1,114,76
25138813,Nguyen Van Linh,3.53,8.82,0,2001-07-12,CNOT,K21,0,107,51
25138814,Mai Thi Son,2.49,6.23,1,2005-09-30,QTKD,K21,0,148,77
25138815,Duong Van Trang,2.48,6.2,1,2006-06-07,DTVT,K23,0,33,54
25138816,Truong Van Hai,2.04,5.1,0,2003-04-19,HTTT,K22,0,52,60
25138817,Huynh Van Tuan,3.48,8.7,1,2002-08-12,KHMT,K25,0,90,87
25138818,Nguyen Van Nam,3.28,8.2,0,2003-08-25,KHMT,K24,0,137,51
25138819,Bui Thi Duc,3.31,8.28,0,2004-11-13,DTVT,K25,0,68,55
25138820,Huynh Van Minh,3.03,7.57,0,2001-11-19,DTVT,K23,0,56,79
25138821,Huynh Van Binh,1.54,3.85,1,2006-06-10,KT,K24,0,99,74
25138822,Le Van Chi,3.4,8.5,0,2001-06-03,KTPM,K25,0,97,90
25138823,Mai Thi Binh,3.84,9.6,0,2007-05-28,KHMT,K24,0,85,73
25138824,Do Van Phuc,3.19,7.97,0,2004-01-26,CNTT,K22,0,105,86
25138825,Huynh Van Son,3.41,8.53,1,2001-02-15,KT,K22,0,88,85
25138826,Hoang Van Minh,2.4,6.0,1,2002-09-10,KTMT,K25,0,124,71
25138827,Hoang Van Hai,1.74,4.35,1,2001-12-21,HTTT,K24,1,75,66
25138828,Duong Van Tuan,3.63,9.07,0,2005-06-25,CKM,K24,0,49,88
25138829,Duong Van Duc,3.78,9.45,1,2003-03-22,HTTT,K21,0,117,66
25138830,Phan Thi Duc,1.53,3.83,1,2007-11-21,QTKD,K24,0,133,74
25138831,Nguyen Van Son,2.69,6.72,1,2001-12-08,KTPM,K21,0,124,80
25138832,Bui Thi An,1.58,3.95,0,2003-04-03,KT,K25,1,31,96
25138833,Truong Van Linh,3.74,9.35,0,2001-04-09,KT,K21,0,77,71
25138834,Hoang Van Vy,3.46,8.65,0,2003-07-16,KHMT,K21,0,40,74
25138835,Ngo Thi Binh,3.16,7.9,0,2006-10-01,KHMT,K25,0,138,90
25138836,Phan Thi Trang,3.25,8.12,1,2006-01-16,KT,K24,0,84,87
25138837,Ngo Thi Tuan,3.53,8.82,0,2004-09-17,CKM,K24,1,123,51
25138838,Duong Van Quan,2.52,6.3,0,2003-05-10,KT,K22,0,57,70
25138839,Hoang Van Giang,1.69,4.22,0,2001-01-06,KT,K22,0,41,75
25138840,Nguyen Van Ngoc,3.12,7.8,1,2005-08-28,DTVT,K23,0,149,70
25138841,Ngo Thi Minh,1.94,4.85,1,2007-01-25,KTPM,K21,0,93,65
25138842,Dang Van Dung,3.41,8.53,1,2006-06-26,KT,K24,1,139,100
25138843,Duong Van Binh,1.98,4.95,1,2003-05-06,KTPM,K25,1,100,77
25138844,Vo Thi Minh,2.88,7.2,1,2001-06-30,KHMT,K24,1,106,74
25138845,Huynh Van Nam,2.33,5.83,1,2002-07-22,HTTT,K23,0,68,88
25138846,Do Van Phuc,2.69,6.72,0,2003-11-25,KTPM,K21,0,69,63
25138847,Pham Thi Quan,2.8,7.0,1,2005-11-16,HTTT,K23,0,33,96
25138848,Bui Thi Thao,3.17,7.92,0,2001-01-10,KTMT,K22,0,47,82
25138849,Tran Thi Hai,3.48,8.7,0,2007-08-10,CNOT,K24,0,123,74
25138850,Le Van Tuan,1.83,4.58,0,2004-05-14,HTTT,K23,0,65,74
25138851,Dang Van Dung,2.97,7.43,0,2002-09-13,DTVT,K21,0,108,75
25138852,Do Van Quan,2.97,7.43,1,2006-01-15,DTVT,K23,0,69,72
25138853,Bui Thi Khanh,1.8,4.5,0,2001-08-19,DTVT,K21,0,94,58
25138854,Duong Van Trang,1.52,3.8,0,2003-01-26,KTPM,K25,0,59,60
25138855,Phan Thi Vy,2.83,7.08,0,2007-09-04,KT,K24,0,129,90
25138856,Le Van Tuan,1.98,4.95,1,2003-10-18,HTTT,K23,0,139,55
25138857,Truong Van Khanh,3.81,9.53,1,2003-12-08,CKM,K24,0,53,51
25138858,Mai Thi Tuan,1.54,3.85,0,2007-02-26,KT,K23,0,90,94
25138859,Hoang Van Ngoc,3.87,9.68,1,2004-08-28,CKM,K21,1,59,62
25138860,Phan Thi Minh,2.35,5.88,1,2001-10-09,CNTT,K25,0,40,71
25138861,Vo Thi Hieu,1.79,4.47,0,2003-02-04,QTKD,K21,0,150,80
25138862,Bui Thi Duc,2.83,7.08,0,2004-02-29,QTKD,K24,0,121,100
25138863,Ngo Thi Binh,2.39,5.98,1,2001-10-03,KHMT,K24,0,72,70
25138864,Mai Thi Ngoc,2.34,5.85,0,2004-04-02,KT,K21,0,30,70
25138865,Dang Van Hai,2.0,5.0,1,2004-06-22,KHMT,K24,0,103,93
25138866,Duong Van Phuc,1.74,4.35,1,2004-06-27,QTKD,K25,0,38,85
25138867,Mai Thi Giang,2.35,5.88,0,2002-09-25,KTMT,K24,0,48,70
25138868,Hoang Van Trang,3.58,8.95,1,2003-03-14,CKM,K24,0,49,58
25138869,Huynh Van Giang,2.6,6.5,1,2006-11-30,CKM,K23,0,73,77
25138870,Bui Thi Giang,3.71,9.28,0,2004-12-29,KHMT,K23,0,43,84
25138871,Huynh Van Duc,2.81,7.03,1,2003-09-27,CNTT,K23,1,132,68
25138872,Hoang Van Minh,1.65,4.12,1,2005-12-05,KT,K22,0,41,73
25138873,Do Van An,3.08,7.7,1,2001-10-22,HTTT,K23,0,127,96
25138874,Hoang Van Ngoc,3.1,7.75,0,2004-11-07,CKM,K22,0,114,99
25138875,Hoang Van Hieu,3.18,7.95,0,2006-09-20,HTTT,K23,0,149,71
25138876,Dang Van Chi,1.99,4.97,1,2007-10-11,HTTT,K24,0,93,94
25138877,Bui Thi Thao,1.54,3.85,0,2004-12-18,KHMT,K24,0,112,77
25138878,Truong Van Tuan,2.03,5.07,1,2002-07-05,KT,K24,0,109,77
25138879,Le Van Duc,2.34,5.85,1,2001-12-09,QTKD,K23,0,91,88
25138880,Dang Van Vy,2.62,6.55,0,2004-12-11,DTVT,K24,0,135,67
25138881,Vo Thi Tuan,2.51,6.27,0,2004-01-15,DTVT,K21,0,89,60
25138882,Do Van Ngoc,2.06,5.15,0,2004-06-30,KTMT,K24,0,43,96
25138883,Duong Van Dung,3.4,8.5,1,2003-05-08,QTKD,K23,1,134,91
25138884,Tran Thi Son,2.91,7.28,1,2004-11-09,CNOT,K22,1,36,83
25138885,Nguyen Van Quan,3.55,8.88,0,2007-01-28,KTPM,K24,0,78,58
25138886,Bui Thi Ngoc,1.98,4.95,1,2003-12-05,DTVT,K24,0,35,73
25138887,Le Van Binh,3.55,8.88,1,2002-10-12,QTKD,K25,0,52,90
25138888,Vo Thi Linh,2.07,5.17,0,2002-03-28,DTVT,K25,1,93,85
25138889,Mai Thi Vy,3.33,8.32,1,2007-04-09,KTMT,K24,0,112,88
25138890,Vo Thi Binh,3.56,8.9,0,2007-02-20,CNOT,K22,0,132,74
25138891,Bui Thi Duc,2.58,6.45,0,2004-01-09,HTTT,K22,0,134,62
25138892,Tran Thi Thao,2.12,5.3,0,2002-12-04,KTPM,K24,0,138,74
25138893,Huynh Van Hai,2.79,6.97,0,2006-07-11,KTMT,K21,0,100,66
25138894,Hoang Van Vy,2.48,6.2,0,2002-08-16,KTMT,K21,0,40,88
25138895,Dang Van Giang,2.86,7.15,0,2007-09-15,KT,K21,0,139,82
25138896,Bui Thi Hai,3.96,9.9,1,2003-05-27,KTPM,K22,0,60,57
25138897,Truong Van Linh,3.39,8.47,1,2007-08-21,QTKD,K24,0,119,81
25138898,Tran Thi An,1.71,4.28,0,2002-06-22,KTPM,K24,0,140,98
25138899,Nguyen Van Chi,2.33,5.83,1,2001-08-17,HTTT,K25,0,38,92
25138900,Huynh Van Tuan,2.51,6.27,1,2006-04-11,KHMT,K22,0,68,58
25138901,Phan Thi Nam,3.69,9.22,1,2002-01-16,QTKD,K25,0,82,51
25138902,Duong Van Trang,2.05,5.12,0,2007-08-19,DTVT,K22,0,140,87
25138903,Truong Van Phuc,2.48,6.2,0,2004-10-24,KHMT,K24,0,55,74
25138904,Mai Thi Giang,2.24,5.6,0,2006-03-08,KTPM,K23,0,148,86
25138905,Duong Van Vy,1.5,3.75,0,2005-08-19,CNOT,K21,0,114,84
25138906,Tran Thi An,2.1,5.25,1,2004-09-07,DTVT,K25,0,94,73
25138907,Bui Thi Ngoc,1.99,4.97,1,2001-11-20,QTKD,K21,0,121,95
25138908,Huynh Van Giang,2.7,6.75,1,2005-02-15,KHMT,K25,0,108,72
25138909,Duong Van Vy,2.9,7.25,1,2003-02-09,HTTT,K25,1,85,89
25138910,Dang Van Nam,2.3,5.75,1,2006-09-15,KTMT,K21,0,123,66
25138911,Dang Van Khanh,2.07,5.17,0,2003-01-21,KTPM,K21,1,108,58
25138912,Ngo Thi Trang,2.52,6.3,1,2005-03-04,KTMT,K21,0,61,61
25138913,Duong Van Khanh,3.21,8.03,0,2006-06-04,DTVT,K25,0,97,97
25138914,Hoang Van Quan,3.49,8.73,1,2007-12-14,CKM,K24,0,121,91
25138915,Le Van Minh,2.82,7.05,1,2005-07-05,KHMT,K21,0,117,72
25138916,Hoang Van Tuan,3.45,8.62,0,2003-05-16,KTMT,K25,0,39,79
25138917,Dang Van Ngoc,1.99,4.97,0,2002-02-05,CNTT,K22,0,39,93
25138918,Dang Van Tuan,3.49,8.73,1,2001-09-02,KHMT,K21,0,62,63
25138919,Huynh Van Linh,2.73,6.83,0,2006-08-06,KTMT,K21,0,132,73
25138920,Do Van Son,2.55,6.38,1,2001-12-02,KHMT,K25,0,48,64
25138921,Ngo Thi Binh,2.51,6.27,0,2006-05-15,KTMT,K25,0,90,51
25138922,Hoang Van Phuc,3.41,8.53,0,2002-11-22,QTKD,K24,0,139,51
25138923,Phan Thi Nam,2.6,6.5,0,2002-06-16,QTKD,K23,0,145,80
25138924,Nguyen Van Trang,3.93,9.83,0,2004-07-10,QTKD,K22,1,106,87
25138925,Mai Thi Binh,2.0,5.0,1,2001-11-05,KTMT,K22,0,144,93
25138926,Dang Van Thao,1.68,4.2,1,2007-11-18,QTKD,K21,0,30,99
25138927,Do Van Binh,1.82,4.55,1,2002-10-31,CNOT,K22,0,48,100
25138928,Bui Thi Dung,3.43,8.58,1,2006-05-04,CKM,K23,0,64,60
25138929,Dang Van Phuc,3.25,8.12,1,2007-02-19,KTPM,K23,0,39,72
25138930,Pham Thi Ngoc,2.95,7.38,1,2007-01-02,KTPM,K24,0,33,100
25138931,Hoang Van Trang,2.27,5.67,0,2001-07-01,KHMT,K24,0,102,71
25138932,Phan Thi Phuc,3.14,7.85,0,2007-07-12,QTKD,K23,0,78,62
25138933,Pham Thi Linh,3.9,9.75,0,2002-07-12,CNTT,K25,0,127,76
25138934,Pham Thi Vy,2.04,5.1,0,2004-07-07,QTKD,K22,0,69,79
25138935,Tran Thi Tuan,1.56,3.9,1,2002-09-07,KHMT,K24,0,108,69
25138936,Hoang Van Binh,2.13,5.32,1,2007-05-06,CNTT,K24,0,39,77
25138937,Pham Thi Binh,3.16,7.9,1,2003-03-19,QTKD,K24,0,52,60
25138938,Huynh Van Thao,2.78,6.95,1,2006-03-22,KTMT,K21,0,140,62
25138939,Phan Thi Giang,2.34,5.85,1,2001-06-08,KHMT,K24,0,90,100
25138940,Mai Thi Tuan,3.53,8.82,0,2001-10-26,KTMT,K24,0,137,52
25138941,Dang Van Khanh,2.65,6.62,1,2003-12-28,KTMT,K24,1,45,76
25138942,Dang Van Thao,1.61,4.03,1,2003-12-22,KHMT,K21,0,121,64
25138943,Bui Thi Minh,3.4,8.5,1,2006-03-23,CNTT,K23,0,32,90
25138944,Phan Thi Quan,1.84,4.6,0,2002-03-07,CNTT,K25,0,124,64
25138945,Tran Thi Ngoc,3.77,9.43,0,2003-12-02,DTVT,K23,0,34,72
25138946,Huynh Van Quan,2.72,6.8,1,2003-03-11,DTVT,K21,0,131,99
25138947,Phan Thi Ngoc,1.77,4.42,1,2004-10-18,DTVT,K22,0,114,66
25138948,Nguyen Van Nam,2.37,5.93,1,2001-03-05,KT,K21,0,31,88
25138949,Duong Van Dung,2.06,5.15,0,2007-04-19,HTTT,K21,0,67,85
25138950,Do Van Son,3.49,8.73,1,2007-07-15,HTTT,K22,0,47,67
25138951,Truong Van Duc,1.88,4.7,0,2005-07-15,DTVT,K23,0,104,59
25138952,Phan Thi Nam,2.94,7.35,1,2007-08-30,KT,K21,0,59,97
25138953,Duong Van Giang,3.36,8.4,1,2002-04-17,QTKD,K24,0,127,57
25138954,Huynh Van An,2.55,6.38,0,2006-04-01,CNOT,K21,0,133,99
25138955,Phan Thi Tuan,2.89,7.23,1,2006-04-18,KTPM,K22,0,77,93
25138956,Huynh Van Linh,2.55,6.38,1,2002-04-18,DTVT,K22,0,50,98
25138957,Dang Van Minh,2.09,5.22,1,2001-12-03,KT,K23,0,141,92
25138958,Phan Thi Nam,3.06,7.65,1,2003-04-29,KTPM,K23,0,117,76
25138959,Phan Thi Duc,2.5,6.25,0,2007-02-18,KTPM,K25,0,109,59
25138960,Hoang Van Quan,2.62,6.55,1,2004-09-22,KHMT,K24,0,86,72
25138961,Do Van Thao,3.11,7.77,0,2004-02-23,KTPM,K24,0,138,70
25138962,Duong Van Nam,2.67,6.67,1,2003-08-26,DTVT,K22,0,103,88
25138963,Dang Van Binh,3.19,7.97,1,2005-06-24,CNOT,K22,0,70,70
25138964,Le Van Minh,3.42,8.55,0,2007-07-02,DTVT,K24,0,90,73
25138965,Mai Thi Quan,1.82,4.55,0,2001-08-03,KHMT,K25,0,122,88
25138966,Huynh Van Duc,1.97,4.92,0,2003-03-02,KTMT,K24,0,147,75
25138967,Huynh Van An,3.9,9.75,0,2003-07-17,CNTT,K23,0,77,61
25138968,Truong Van An,3.41,8.53,0,2007-06-04,CNOT,K23,0,110,69
25138969,Mai Thi Chi,3.9,9.75,0,2007-11-23,HTTT,K25,0,69,74
25138970,Truong Van Binh,1.77,4.42,0,2005-09-07,CNOT,K23,0,140,99
25138971,Vo Thi Son,2.26,5.65,0,2003-05-17,CNOT,K24,0,40,89
25138972,Huynh Van Thao,1.79,4.47,0,2004-08-20,KTPM,K22,0,129,52
25138973,Do Van Trang,2.38,5.95,1,2006-09-24,KTMT,K24,0,30,62
25138974,Tran Thi Trang,3.14,7.85,0,2005-05-04,CKM,K23,0,76,65
25138975,Do Van Hai,3.5,8.75,0,2004-12-06,CNOT,K25,0,34,54
25138976,Ngo Thi Thao,3.91,9.78,1,2007-01-10,QTKD,K23,0,75,55
25138977,Le Van An,2.44,6.1,1,2006-07-03,CNTT,K22,0,40,89
25138978,Dang Van Linh,2.79,6.97,0,2005-06-30,CNTT,K23,0,33,66
25138979,Do Van Linh,3.95,9.88,1,2003-04-18,CKM,K21,1,67,76
25138980,Nguyen Van Tuan,2.36,5.9,1,2002-10-01,CNTT,K23,0,72,88
25138981,Le Van Duc,2.46,6.15,0,2003-04-07,QTKD,K22,0,89,54
25138982,Nguyen Van Giang,2.27,5.67,0,2005-07-07,KT,K21,0,138,75
25138983,Duong Van Phuc,3.67,9.18,1,2003-06-02,CKM,K25,0,113,51
25138984,Ngo Thi Duc,3.9,9.75,1,2004-05-22,KHMT,K23,0,74,99
25138985,Ngo Thi Linh,2.96,7.4,0,2001-01-25,KHMT,K21,0,72,51
25138986,Huynh Van Chi,1.57,3.93,1,2006-12-08,CNTT,K24,0,126,61
25138987,Vo Thi An,1.64,4.1,1,2005-11-09,CNOT,K23,0,94,72
25138988,Duong Van Duc,3.3,8.25,0,2006-10-26,KT,K21,0,142,82
25138989,Le Van Minh,1.99,4.97,0,2001-09-22,KTPM,K25,1,34,73
25138990,Phan Thi Tuan,3.65,9.12,1,2004-10-27,CKM,K21,0,43,96
25138991,Hoang Van Ngoc,3.1,7.75,0,2006-12-20,CNOT,K22,1,142,66
25138992,Phan Thi Phuc,2.74,6.85,1,2004-09-12,DTVT,K23,1,89,89
25138993,Bui Thi Trang,3.69,9.22,1,2002-07-02,KTPM,K21,0,46,65
25138994,Bui Thi Chi,2.1,5.25,1,2004-01-08,CNOT,K25,0,87,61
25138995,Huynh Van Tuan,3.53,8.82,0,2002-01-23,KTPM,K22,0,61,84
25138996,Phan Thi Binh,3.44,8.6,1,2004-09-27,KTMT,K22,0,98,68
25138997,Duong Van Vy,3.63,9.07,0,2001-08-31,CNTT,K25,0,97,67
25138998,Nguyen Van Trang,2.85,7.12,1,2001-08-28,KTMT,K21,0,68,72
25138999,Ngo Thi Linh,2.76,6.9,1,2007-10-09,CNOT,K23,0,135,63
25139000,Truong Van Dung,1.68,4.2,1,2004-03-20,KHMT,K25,0,34,85
25139001,Truong Van Binh,3.16,7.9,1,2005-03-11,KTMT,K24,0,60,98
25139002,Truong Van Vy,2.08,5.2,1,2004-02-14,DTVT,K25,0,109,58
25139003,Bui Thi Binh,3.79,9.47,0,2001-06-18,KTPM,K25,0,42,97
25139004,Dang Van Minh,2.78,6.95,0,2003-08-17,KHMT,K21,0,131,58
25139005,Le Van Chi,3.23,8.07,0,2005-02-24,CNOT,K21,0,67,73
25139006,Dang Van Quan,3.34,8.35,0,2001-09-03,QTKD,K21,0,110,87
25139007,Truong Van Phuc,2.67,6.67,1,2002-03-26,DTVT,K25,1,128,58
25139008,Bui Thi Nam,2.4,6.0,0,2001-09-06,KHMT,K23,0,63,71
25139009,Pham Thi Trang,3.94,9.85,1,2005-06-18,QTKD,K22,1,145,98
25139010,Tran Thi Minh,1.93,4.83,0,2001-01-04,KTPM,K21,0,64,78
25139011,Bui Thi Minh,3.07,7.67,1,2006-11-03,CNOT,K25,0,70,66
25139012,Do Van Quan,2.93,7.33,0,2007-01-08,KTPM,K21,0,118,53
25139013,Phan Thi Hai,3.9,9.75,1,2004-05-16,KHMT,K22,0,134,69
25139014,Vo Thi Thao,3.57,8.92,0,2006-08-08,CNTT,K22,0,150,90
25139015,Tran Thi Hieu,3.97,9.93,0,2003-08-23,HTTT,K24,0,112,68
25139016,Bui Thi Khanh,2.88,7.2,0,2004-05-05,KT,K24,0,43,62
25139017,Nguyen Van Ngoc,2.79,6.97,0,2006-12-18,QTKD,K22,1,56,86
25139018,Pham Thi Quan,2.38,5.95,1,2007-08-09,CNTT,K25,1,95,96
25139019,Ngo Thi Minh,3.69,9.22,0,2007-06-21,KT,K21,1,85,99
25139020,Dang Van Hieu,3.83,9.57,0,2003-05-31,KTPM,K24,1,127,69
25139021,Le Van Vy,2.33,5.83,1,2006-07-27,CNTT,K21,0,142,59
25139022,Pham Thi Thao,3.13,7.82,1,2001-04-22,CKM,K21,0,119,85
25139023,Bui Thi Duc,1.88,4.7,0,2003-06-25,DTVT,K22,0,116,83
25139024,Do Van Chi,3.44,8.6,0,2005-11-27,QTKD,K24,0,110,77
25139025,Mai Thi Ngoc,2.22,5.55,0,2007-11-25,KTMT,K25,1,67,51
25139026,Duong Van Nam,3.42,8.55,0,2007-12-09,QTKD,K25,0,43,80
25139027,Le Van Son,2.94,7.35,0,2003-06-17,QTKD,K22,0,83,70
25139028,Dang Van Duc,1.88,4.7,1,2002-06-06,CKM,K23,0,93,77
25139029,Le Van Ngoc,2.42,6.05,0,2003-05-15,HTTT,K24,0,78,97
25139030,Vo Thi Dung,3.9,9.75,1,2005-03-05,KT,K22,0,123,64
25139031,Bui Thi Hai,3.68,9.2,0,2001-12-29,KHMT,K22,0,34,82
25139032,Mai Thi Khanh,3.37,8.43,1,2002-01-29,KTPM,K22,0,129,81
25139033,Do Van Trang,2.05,5.12,0,2004-05-21,KTMT,K24,0,105,64
25139034,Tran Thi Hai,2.1,5.25,1,2002-11-19,HTTT,K23,1,137,63
25139035,Do Van Giang,2.03,5.07,0,2003-07-14,KTMT,K25,0,124,57
25139036,Mai Thi Binh,1.9,4.75,0,2003-12-24,KTMT,K24,0,127,93
25139037,Phan Thi Khanh,1.6,4.0,1,2005-08-01,CNTT,K23,0,62,61
25139038,Ngo Thi Giang,2.88,7.2,1,2002-02-21,CKM,K25,0,139,72
25139039,Do Van Khanh,3.53,8.82,1,2004-05-19,KT,K23,0,119,98
25139040,Tran Thi Giang,2.36,5.9,0,2002-12-31,KTPM,K24,0,62,73
25139041,Bui Thi Thao,3.9,9.75,0,2004-11-14,KTMT,K24,0,128,92
25139042,Le Van An,1.67,4.17,0,2003-10-05,CKM,K24,0,144,89
25139043,Dang Van Tuan,1.78,4.45,0,2001-12-29,CNTT,K24,0,38,59
25139044,Vo Thi Vy,2.37,5.93,1,2006-03-07,KTPM,K23,0,79,88
25139045,Pham Thi Quan,3.59,8.97,1,2007-06-30,CNTT,K25,0,59,66
25139046,Phan Thi Binh,2.11,5.27,1,2004-05-01,DTVT,K21,0,141,98
25139047,Do Van Nam,2.13,5.32,0,2005-12-02,HTTT,K23,0,107,62
25139048,Dang Van Ngoc,1.52,3.8,1,2004-12-11,KTPM,K25,0,78,100
25139049,Duong Van Nam,2.02,5.05,0,2003-01-19,HTTT,K22,0,85,88
25139050,Vo Thi Quan,2.17,5.42,0,2006-10-09,KTMT,K25,1,126,99
25139051,Mai Thi Chi,3.95,9.88,0,2002-10-05,CKM,K21,0,129,93
25139052,Phan Thi Ngoc,3.96,9.9,0,2005-05-26,CNOT,K24,0,111,85
25139053,Truong Van Hieu,1.74,4.35,1,2004-11-09,CNTT,K22,1,64,80
25139054,Vo Thi Ngoc,1.79,4.47,0,2003-06-09,CKM,K22,0,130,81
25139055,Ngo Thi Phuc,2.13,5.32,1,2007-07-27,KTPM,K21,0,137,60
25139056,Phan Thi Linh,1.51,3.77,1,2003-02-19,CNTT,K21,0,89,88
25139057,Hoang Van Quan,3.33,8.32,1,2005-06-15,KTMT,K23,0,75,76
25139058,Hoang Van Trang,3.57,8.92,1,2001-04-06,KTPM,K21,0,43,89
25139059,Nguyen Van Ngoc,2.58,6.45,1,2001-08-10,CNOT,K24,0,67,88
25139060,Mai Thi Khanh,2.17,5.42,1,2003-08-20,KHMT,K23,0,54,74
25139061,Dang Van Chi,2.49,6.23,0,2002-03-15,CNOT,K23,0,50,51
25139062,Duong Van Minh,2.81,7.03,0,2007-04-25,CNTT,K22,0,102,73
25139063,Pham Thi Hai,1.94,4.85,1,2004-02-18,CNTT,K22,0,119,98
25139064,Do Van Giang,1.88,4.7,1,2006-07-13,DTVT,K23,0,97,52
25139065,Hoang Van Nam,2.41,6.03,0,2003-03-06,CNTT,K25,0,76,93
25139066,Phan Thi Dung,2.16,5.4,1,2005-01-15,CNTT,K24,0,86,77
25139067,Dang Van Thao,2.95,7.38,1,2001-08-15,KHMT,K23,0,99,87
25139068,Bui Thi Vy,2.5,6.25,0,2007-02-27,CKM,K22,0,65,51
25139069,Nguyen Van Linh,2.06,5.15,0,2002-07-17,CNTT,K23,0,100,97
25139070,Tran Thi Hai,2.62,6.55,0,2001-11-22,KHMT,K21,0,96,66
25139071,Phan Thi Duc,2.9,7.25,1,2003-09-19,KTPM,K23,0,62,64
25139072,Mai Thi Trang,3.87,9.68,1,2006-01-26,DTVT,K21,0,137,73
25139073,Ngo Thi Thao,1.86,4.65,0,2003-04-07,CNTT,K23,0,121,77
25139074,Vo Thi Hai,3.0,7.5,1,2003-10-24,QTKD,K22,0,51,94
25139075,Le Van Giang,3.59,8.97,0,2001-11-18,KHMT,K24,0,107,66
25139076,Ngo Thi Tuan,1.59,3.98,0,2005-11-13,KTPM,K21,0,148,89
25139077,Ngo Thi Hai,1.57,3.93,1,2001-05-17,HTTT,K24,0,103,72
25139078,Do Van Tuan,3.48,8.7,0,2003-07-28,QTKD,K24,0,93,59
25139079,Do Van Phuc,1.96,4.9,1,2002-05-20,KHMT,K21,0,52,82
25139080,Bui Thi Binh,2.05,5.12,0,2001-12-06,KT,K23,0,33,98
25139081,Mai Thi Hai,3.67,9.18,0,2007-07-08,KT,K23,0,133,82
25139082,Phan Thi Dung,1.6,4.0,1,2003-05-08,KT,K21,0,81,66
25139083,Tran Thi Khanh,3.53,8.82,1,2005-06-05,CKM,K21,1,127,62
25139084,Mai Thi Hai,3.56,8.9,1,2001-09-08,HTTT,K22,0,72,77
25139085,Mai Thi Khanh,2.52,6.3,1,2006-12-17,KTMT,K24,0,33,70
25139086,Do Van Trang,2.37,5.93,1,2005-02-26,KTPM,K25,1,56,92
25139087,Do Van Duc,2.26,5.65,1,2006-02-21,CNOT,K25,1,47,61
25139088,Truong Van Binh,2.18,5.45,1,2005-10-22,KTPM,K21,0,70,74
25139089,Dang Van An,3.78,9.45,1,2007-04-18,KHMT,K25,0,43,61
25139090,Vo Thi Quan,2.55,6.38,1,2007-08-17,QTKD,K22,0,91,76
25139091,Ngo Thi Trang,3.83,9.57,1,2001-09-21,CKM,K23,1,37,85
25139092,Dang Van Tuan,1.6,4.0,0,2003-01-27,KTPM,K22,0,73,73
25139093,Mai Thi An,2.08,5.2,1,2002-10-15,CNTT,K25,0,78,87
25139094,Pham Thi Hai,1.6,4.0,0,2001-12-20,CKM,K25,0,66,55
25139095,Dang Van Binh,3.95,9.88,0,2007-08-31,DTVT,K21,0,65,61
25139096,Nguyen Van Linh,3.36,8.4,0,2006-08-09,CNOT,K24,0,143,80
25139097,Le Van Thao,1.74,4.35,0,2002-02-14,KT,K24,0,140,81
25139098,Do Van Quan,2.82,7.05,0,2003-01-18,KTMT,K23,1,119,89
25139099,Vo Thi Quan,1.55,3.88,1,2002-02-06,HTTT,K24,0,64,94
25139100,Phan Thi Ngoc,2.62,6.55,0,2005-12-21,CKM,K24,0,123,60
25139101,Vo Thi Dung,2.81,7.03,1,2002-04-07,CKM,K22,0,42,83
25139102,Vo Thi Son,2.07,5.17,0,2007-09-28,HTTT,K21,0,78,86
25139103,Nguyen Van Chi,1.7,4.25,1,2006-11-04,HTTT,K25,0,72,79
25139104,Tran Thi Trang,1.59,3.98,0,2004-06-03,KHMT,K23,0,40,80
25139105,Do Van An,3.45,8.62,1,2006-07-09,KTPM,K23,0,101,83
25139106,Pham Thi Vy,2.91,7.28,1,2006-07-05,CKM,K22,0,92,94
25139107,Vo Thi An,2.25,5.62,1,2003-01-01,KHMT,K23,1,130,91
25139108,Mai Thi Vy,1.89,4.72,0,2001-07-20,QTKD,K22,0,31,89
25139109,Do Van Phuc,3.83,9.57,0,2004-03-02,HTTT,K24,0,61,85
25139110,Dang Van Dung,2.07,5.17,1,2004-12-26,KT,K22,0,118,77
25139111,Ngo Thi An,1.69,4.22,0,2002-08-24,KT,K21,0,92,95
25139112,Ngo Thi Phuc,3.37,8.43,0,2005-11-01,KHMT,K21,0,118,87
25139113,Ngo Thi Giang,3.81,9.53,1,2005-08-04,KT,K21,0,88,53
25139114,Huynh Van Trang,1.55,3.88,1,2004-03-21,CNTT,K23,0,135,72
25139115,Bui Thi Quan,1.81,4.53,1,2003-11-29,QTKD,K22,0,93,84
25139116,Bui Thi Tuan,3.16,7.9,1,2002-07-14,HTTT,K23,0,127,56
25139117,Bui Thi Vy,2.15,5.38,0,2002-05-27,CNTT,K25,0,35,69
25139118,Vo Thi Duc,2.68,6.7,0,2003-10-02,QTKD,K25,0,71,78
25139119,Dang Van An,3.19,7.97,0,2002-10-30,DTVT,K23,0,55,93
25139120,Truong Van Trang,3.47,8.68,1,2003-07-30,KHMT,K25,0,59,95
25139121,Huynh Van Tuan,3.3,8.25,1,2004-12-12,KT,K21,0,105,87
25139122,Ngo Thi Chi,1.81,4.53,0,2005-11-01,HTTT,K21,0,54,99
25139123,Tran Thi Vy,1.66,4.15,1,2007-04-17,KHMT,K24,0,73,98
25139124,Vo Thi Phuc,2.66,6.65,1,2003-05-26,DTVT,K23,0,114,94
25139125,Pham Thi Thao,2.34,5.85,1,2001-02-08,HTTT,K22,0,30,71
25139126,Mai Thi Vy,3.97,9.93,0,2005-07-03,KTPM,K22,0,124,52
25139127,Ngo Thi Chi,2.72,6.8,1,2005-03-28,KHMT,K23,0,48,51
25139128,Phan Thi Phuc,3.12,7.8,0,2002-11-21,CNOT,K25,0,61,82
25139129,Pham Thi Giang,1.51,3.77,1,2003-06-10,CNTT,K24,1,37,60
25139130,Mai Thi Hieu,3.45,8.62,0,2004-03-18,CKM,K22,0,78,55
25139131,Le Van Vy,2.82,7.05,1,2004-07-19,KTPM,K22,0,109,94
25139132,Bui Thi An,3.41,8.53,0,2001-01-02,KT,K22,0,118,76
25139133,Duong Van Binh,3.57,8.92,1,2004-06-15,DTVT,K21,0,106,63
25139134,Tran Thi Vy,1.76,4.4,1,2007-07-25,QTKD,K24,0,141,54
25139135,Duong Van Phuc,2.76,6.9,1,2004-09-05,KTPM,K23,0,52,82
25139136,Phan Thi Son,3.8,9.5,0,2001-06-04,KTMT,K21,0,73,95
25139137,Truong Van Hai,1.81,4.53,0,2005-03-20,CNOT,K22,0,114,98
25139138,Do Van Linh,3.62,9.05,0,2003-08-01,KT,K24,0,139,69
25139139,Pham Thi An,2.22,5.55,1,2004-02-24,KHMT,K24,0,44,72
25139140,Truong Van Chi,2.32,5.8,0,2006-08-04,KT,K21,0,32,72
25139141,Phan Thi Minh,3.96,9.9,0,2001-04-25,CNOT,K22,1,135,82
25139142,Bui Thi Giang,2.31,5.78,1,2002-07-09,KTMT,K21,0,113,94
25139143,Pham Thi Tuan,2.83,7.08,0,2001-05-06,KTPM,K23,0,78,87
25139144,Vo Thi Thao,1.75,4.38,1,2002-06-08,CKM,K22,0,80,61
25139145,Pham Thi Trang,2.02,5.05,1,2005-05-03,DTVT,K25,0,42,97
25139146,Mai Thi Hai,3.89,9.72,0,2003-08-19,QTKD,K25,0,97,94
25139147,Duong Van Chi,1.83,4.58,1,2006-05-10,KT,K25,1,45,85
25139148,Vo Thi Dung,2.79,6.97,1,2006-06-23,DTVT,K25,0,94,79
25139149,Bui Thi Giang,2.66,6.65,1,2005-11-18,KT,K22,1,53,99
25139150,Dang Van Quan,3.01,7.52,1,2002-11-08,KT,K25,0,43,65
25139151,Vo Thi Quan,3.13,7.82,0,2004-09-15,KHMT,K21,0,107,95
25139152,Pham Thi Hieu,1.95,4.88,1,2007-10-03,DTVT,K24,0,150,86
25139153,Tran Thi Dung,3.94,9.85,0,2007-10-08,KTPM,K22,0,33,67
25139154,Phan Thi Ngoc,2.31,5.78,1,2005-11-15,HTTT,K23,0,96,76
25139155,Ngo Thi Binh,3.45,8.62,1,2003-07-17,KHMT,K23,0,66,60
25139156,Nguyen Van Trang,2.38,5.95,0,2007-06-27,KT,K22,0,127,86
25139157,Dang Van Binh,3.04,7.6,1,2001-12-27,KTPM,K25,0,130,100
25139158,Ngo Thi Vy,3.06,7.65,1,2005-09-15,CNTT,K22,0,34,86
25139159,Huynh Van Duc,1.91,4.77,1,2007-10-14,CNOT,K22,0,148,67
25139160,Mai Thi Thao,1.58,3.95,0,2005-03-17,DTVT,K25,0,119,57
25139161,Pham Thi Phuc,3.9,9.75,0,2007-03-22,QTKD,K24,0,136,55
25139162,Le Van Linh,3.66,9.15,0,2005-10-21,KTPM,K24,0,82,59
25139163,Dang Van Dung,2.89,7.23,0,2006-12-11,KTMT,K23,1,70,58
25139164,Le Van Giang,3.1,7.75,0,2007-04-22,DTVT,K24,0,65,61
25139165,Hoang Van Duc,2.59,6.47,0,2006-02-18,KHMT,K21,0,123,74
25139166,Nguyen Van Trang,2.5,6.25,0,2005-01-07,DTVT,K23,1,46,57
25139167,Nguyen Van Binh,3.95,9.88,0,2005-06-22,KTPM,K25,0,121,80
25139168,Mai Thi Vy,2.71,6.78,0,2001-08-03,DTVT,K23,0,114,92
25139169,Dang Van Duc,1.85,4.62,0,2004-10-07,HTTT,K25,0,63,59
25139170,Vo Thi Tuan,2.82,7.05,0,2001-07-21,QTKD,K21,0,116,97
25139171,Do Van Thao,2.2,5.5,1,2002-12-15,HTTT,K24,0,48,81
25139172,Pham Thi Chi,3.23,8.07,1,2001-03-19,KTMT,K25,0,133,85
25139173,Hoang Van Ngoc,1.6,4.0,1,2001-06-21,QTKD,K23,0,57,69
25139174,Duong Van Nam,3.41,8.53,1,2002-06-21,DTVT,K25,0,147,97
25139175,Mai Thi Duc,2.77,6.92,1,2007-02-14,HTTT,K23,0,41,55
25139176,Vo Thi Son,3.56,8.9,0,2007-01-06,KHMT,K25,1,51,79
25139177,Ngo Thi Hieu,3.74,9.35,0,2006-04-03,DTVT,K23,0,148,53
25139178,Tran Thi Ngoc,2.85,7.12,0,2001-09-05,HTTT,K25,0,55,75
25139179,Pham Thi Thao,1.9,4.75,0,2004-06-15,CNTT,K22,0,82,83
25139180,Huynh Van Vy,3.47,8.68,0,2001-04-12,CNOT,K25,0,67,91
25139181,Do Van Duc,2.32,5.8,1,2002-08-09,CNOT,K21,0,111,91
25139182,Mai Thi Duc,1.53,3.83,0,2003-06-24,CNOT,K23,0,141,70
25139183,Tran Thi Tuan,1.83,4.58,1,2007-08-05,CNOT,K23,0,41,60
25139184,Pham Thi Minh,1.89,4.72,0,2003-01-21,KTMT,K23,0,57,98
25139185,Duong Van Duc,1.51,3.77,0,2007-07-31,DTVT,K24,0,65,82
25139186,Nguyen Van Dung,3.28,8.2,0,2005-01-07,HTTT,K22,0,109,70
25139187,Vo Thi Vy,1.62,4.05,0,2003-02-15,CKM,K21,0,43,88
25139188,Hoang Van Hieu,2.85,7.12,0,2006-10-04,KTMT,K23,0,35,60
25139189,Le Van Dung,3.15,7.88,0,2004-02-14,CNTT,K22,0,131,72
25139190,Truong Van Duc,2.93,7.33,0,2002-10-11,HTTT,K21,0,39,65
25139191,Phan Thi Khanh,2.42,6.05,1,2003-12-31,KTMT,K24,0,68,71
25139192,Phan Thi Nam,2.77,6.92,1,2001-06-10,DTVT,K22,1,46,94
25139193,Vo Thi Son,2.29,5.72,1,2005-01-27,KT,K22,0,145,67
25139194,Le Van Nam,3.98,9.95,0,2005-04-14,CKM,K24,0,123,71
25139195,Ngo Thi Thao,1.69,4.22,1,2002-09-26,KHMT,K25,0,123,63
25139196,Vo Thi Ngoc,3.24,8.1,0,2005-01-16,CNOT,K25,1,141,98
25139197,Huynh Van Quan,2.87,7.18,0,2004-07-06,DTVT,K23,0,118,89
25139198,Le Van Giang,3.4,8.5,1,2007-12-10,DTVT,K24,0,53,75
25139199,Pham Thi Thao,1.63,4.07,1,2007-12-12,KTPM,K23,1,111,57
25139200,Le Van Tuan,2.6,6.5,1,2001-05-22,KTPM,K22,0,130,93
25139201,Duong Van Dung,2.19,5.47,0,2003-06-24,QTKD,K22,0,138,52
25139202,Dang Van Ngoc,2.3,5.75,1,2001-11-04,CKM,K23,0,111,68
25139203,Do Van Thao,1.97,4.92,0,2006-06-30,CNTT,K22,0,48,86
25139204,Pham Thi Thao,2.62,6.55,0,2004-03-03,CKM,K23,0,47,68
25139205,Do Van Son,2.04,5.1,0,2005-09-04,CNOT,K23,1,93,94
25139206,Truong Van Quan,3.23,8.07,0,2006-09-22,DTVT,K25,0,38,86
25139207,Dang Van An,3.84,9.6,1,2003-05-28,CNTT,K24,1,93,59
25139208,Tran Thi Tuan,3.15,7.88,1,2004-08-29,CNTT,K24,0,126,82
25139209,Do Van Quan,3.05,7.62,0,2004-04-10,KTMT,K25,0,127,58
25139210,Ngo Thi Binh,3.01,7.52,0,2007-04-09,QTKD,K21,0,84,68
25139211,Mai Thi Linh,1.98,4.95,0,2002-12-28,CKM,K22,0,50,69
25139212,Vo Thi Duc,2.93,7.33,1,2002-11-29,DTVT,K22,0,76,53
25139213,Le Van Vy,2.78,6.95,0,2005-02-05,KTMT,K25,1,123,52
25139214,Mai Thi An,2.01,5.02,0,2002-07-30,QTKD,K21,0,76,64
25139215,Duong Van Phuc,3.58,8.95,0,2002-09-25,QTKD,K25,1,101,96
25139216,Hoang Van Vy,2.51,6.27,1,2002-10-29,QTKD,K25,0,119,59
25139217,Pham Thi Linh,2.79,6.97,1,2003-08-17,KTMT,K25,0,38,74
25139218,Vo Thi Quan,1.67,4.17,0,2006-08-30,KHMT,K22,0,114,55
25139219,Tran Thi Hai,2.46,6.15,0,2005-09-22,KT,K22,0,83,53
25139220,Nguyen Van Trang,3.16,7.9,1,2003-10-13,CKM,K21,0,93,56
25139221,Ngo Thi Chi,2.74,6.85,0,2003-02-18,KTMT,K21,0,85,98
25139222,Huynh Van Giang,3.36,8.4,1,2004-07-04,KTMT,K23,0,38,65
25139223,Do Van Tuan,3.62,9.05,1,2005-10-18,KTMT,K23,0,129,88
25139224,Pham Thi Phuc,3.48,8.7,0,2002-04-21,CKM,K21,1,96,74
25139225,Vo Thi Hai,3.47,8.68,0,2003-08-13,QTKD,K21,0,88,78
25139226,Tran Thi Khanh,2.09,5.22,0,2006-04-19,KHMT,K25,0,89,99
25139227,Pham Thi Linh,3.47,8.68,0,2005-07-06,DTVT,K24,0,82,52
25139228,Pham Thi Ngoc,3.84,9.6,0,2003-06-29,DTVT,K24,1,143,66
25139229,Ngo Thi Minh,2.05,5.12,1,2003-04-18,CNTT,K21,0,30,85
25139230,Nguyen Van Minh,3.88,9.7,1,2003-03-19,KHMT,K24,1,87,50
25139231,Pham Thi Vy,2.39,5.98,1,2004-11-01,KTPM,K22,0,44,85
25139232,Hoang Van Dung,2.63,6.57,0,2007-01-01,CNTT,K24,0,150,72
25139233,Hoang Van Ngoc,3.05,7.62,1,2006-04-09,KHMT,K23,0,118,89
25139234,Vo Thi Dung,2.94,7.35,0,2004-10-02,KHMT,K24,0,144,86
25139235,Hoang Van Nam,3.17,7.92,1,2002-08-20,DTVT,K21,0,136,52
25139236,Ngo Thi Hieu,1.82,4.55,0,2001-05-19,CNTT,K21,1,109,53
25139237,Vo Thi Tuan,2.16,5.4,0,2004-11-19,QTKD,K22,0,101,51
25139238,Vo Thi Linh,2.02,5.05,1,2001-10-28,KHMT,K24,0,69,90
25139239,Ngo Thi Dung,3.23,8.07,1,2002-09-03,KTPM,K21,0,34,94
25139240,Do Van Thao,1.78,4.45,0,2004-11-10,KTPM,K21,1,42,52
25139241,Le Van Dung,2.01,5.02,0,2005-10-16,KTPM,K25,1,47,84
25139242,Do Van Son,1.75,4.38,0,2007-09-03,KTMT,K22,0,113,50
25139243,Le Van Nam,1.51,3.77,0,2002-03-18,KT,K25,0,86,84
25139244,Do Van Thao,2.99,7.48,0,2002-08-07,QTKD,K24,1,54,61
25139245,Nguyen Van Hai,3.28,8.2,0,2001-07-22,KTPM,K22,0,103,100
25139246,Le Van Vy,3.23,8.07,1,2004-01-25,CNOT,K24,0,49,76
25139247,Duong Van Duc,3.39,8.47,1,2002-06-23,KTPM,K21,0,78,67
25139248,Vo Thi Quan,1.77,4.42,1,2005-11-22,CKM,K21,0,92,94
25139249,Tran Thi Hieu,3.65,9.12,0,2001-12-17,QTKD,K21,0,126,72
25139250,Bui Thi Trang,1.56,3.9,0,2003-04-24,CKM,K21,0,122,65
25139251,Tran Thi Binh,3.17,7.92,0,2004-04-24,CKM,K21,1,103,86
25139252,Do Van Quan,3.21,8.03,1,2001-07-15,KHMT,K21,0,74,87
25139253,Huynh Van Giang,3.7,9.25,0,2007-07-09,HTTT,K22,0,149,56
25139254,Duong Van Vy,2.65,6.62,0,2001-10-03,KT,K21,0,89,82
25139255,Mai Thi An,3.79,9.47,0,2004-12-23,CNTT,K24,0,138,84
25139256,Huynh Van An,1.71,4.28,0,2004-12-08,QTKD,K22,0,31,97
25139257,Do Van Nam,2.37,5.93,0,2006-04-29,CKM,K22,0,96,68
25139258,Tran Thi Thao,1.77,4.42,1,2006-10-11,KTPM,K21,0,141,56
25139259,Mai Thi Binh,2.62,6.55,1,2007-09-04,HTTT,K23,0,141,62
25139260,Tran Thi Dung,3.35,8.38,0,2001-07-24,CNOT,K23,0,64,60
25139261,Pham Thi Trang,2.4,6.0,0,2002-06-03,KHMT,K23,0,74,70
25139262,Phan Thi Ngoc,1.85,4.62,0,2004-08-11,CKM,K24,0,142,96
25139263,Bui Thi Quan,3.24,8.1,0,2002-04-30,CKM,K23,0,144,53
25139264,Pham Thi Binh,1.63,4.07,1,2005-09-08,KTPM,K25,0,138,73
25139265,Nguyen Van Son,2.75,6.88,1,2007-02-12,CNOT,K24,0,56,99
25139266,Bui Thi Minh,3.74,9.35,1,2003-06-14,CNOT,K23,0,44,82
25139267,Nguyen Van Hieu,3.59,8.97,0,2007-02-27,CNTT,K21,0,150,67
25139268,Ngo Thi Duc,3.83,9.57,1,2003-09-05,CNTT,K23,0,50,67
25139269,Dang Van Nam,1.75,4.38,1,2004-11-06,CKM,K23,0,110,57
25139270,Le Van Duc,2.11,5.27,1,2005-04-22,CNOT,K22,0,122,80
25139271,Ngo Thi Minh,2.17,5.42,0,2004-02-25,DTVT,K24,0,102,83
25139272,Truong Van Dung,3.25,8.12,1,2002-12-12,DTVT,K23,0,67,90
25139273,Vo Thi Linh,2.48,6.2,1,2006-10-05,CKM,K23,0,111,75
25139274,Tran Thi An,2.34,5.85,1,2006-11-02,HTTT,K21,0,55,69
25139275,Truong Van Tuan,1.78,4.45,1,2003-02-03,CKM,K21,0,49,92
25139276,Tran Thi Son,3.37,8.43,1,2007-05-16,CNOT,K24,0,89,89
25139277,Nguyen Van Ngoc,1.81,4.53,0,2003-06-12,KHMT,K23,0,150,54
25139278,Le Van Nam,2.95,7.38,0,2002-02-11,KHMT,K22,0,57,53
25139279,Pham Thi Hai,2.06,5.15,0,2001-11-30,CNTT,K22,0,54,50
25139280,Hoang Van Khanh,1.66,4.15,0,2003-08-20,KT,K24,0,112,56
25139281,Nguyen Van Tuan,3.95,9.88,1,2007-06-06,KHMT,K24,0,123,68
25139282,Pham Thi Khanh,3.96,9.9,1,2003-12-05,CKM,K21,0,100,53
25139283,Dang Van Tuan,2.58,6.45,1,2007-06-10,DTVT,K21,0,109,92
25139284,Ngo Thi Khanh,3.84,9.6,0,2005-11-08,CKM,K22,1,105,94
25139285,Duong Van Duc,3.18,7.95,1,2006-12-07,CNTT,K22,0,84,64
25139286,Le Van Giang,3.19,7.97,0,2004-11-28,HTTT,K24,0,137,59
25139287,Do Van Trang,2.58,6.45,1,2001-02-19,CKM,K22,1,107,64
25139288,Dang Van Chi,3.05,7.62,0,2003-06-02,KT,K22,1,85,67
25139289,Duong Van Phuc,1.76,4.4,1,2002-07-17,CNTT,K25,0,52,61
25139290,Do Van Linh,3.46,8.65,1,2007-01-19,DTVT,K24,0,134,95
25139291,Nguyen Van Giang,1.53,3.83,0,2004-12-03,KHMT,K22,0,111,100
25139292,Bui Thi Nam,2.42,6.05,0,2003-04-11,KHMT,K23,1,76,93
25139293,Pham Thi An,2.61,6.52,1,2002-10-05,KHMT,K23,0,66,72
25139294,Do Van Giang,2.11,5.27,0,2007-10-27,KTMT,K22,0,79,97
25139295,Hoang Van Khanh,1.98,4.95,1,2001-07-13,KTMT,K24,0,131,92
25139296,Huynh Van Duc,2.86,7.15,1,2003-05-22,CKM,K24,0,67,51
25139297,Hoang Van Hieu,2.18,5.45,0,2005-06-12,KHMT,K25,0,93,56
25139298,Bui Thi Minh,3.96,9.9,0,2003-03-01,HTTT,K23,1,59,95
25139299,Bui Thi Son,2.78,6.95,1,2006-12-04,KHMT,K22,0,139,64
25139300,Bui Thi Phuc,3.62,9.05,0,2001-09-03,KT,K21,0,89,53
25139301,Nguyen Van Minh,3.9,9.75,1,2003-02-22,HTTT,K25,0,144,55
25139302,Dang Van Giang,2.9,7.25,1,2003-08-03,KTMT,K22,1,134,58
25139303,Ngo Thi Khanh,2.32,5.8,1,2002-12-29,CKM,K24,0,66,91
25139304,Truong Van Tuan,2.12,5.3,1,2004-11-26,KTMT,K23,0,46,75
25139305,Hoang Van Dung,1.69,4.22,0,2006-07-05,KT,K23,0,60,53
25139306,Huynh Van Tuan,2.71,6.78,0,2004-11-10,KHMT,K21,0,64,61
25139307,Nguyen Van An,2.42,6.05,0,2002-06-16,CNTT,K21,0,87,96
25139308,Dang Van An,2.08,5.2,0,2007-09-03,KTPM,K23,0,148,50
25139309,Tran Thi Son,1.68,4.2,0,2005-11-21,CNTT,K21,1,134,51
25139310,Tran Thi Quan,2.25,5.62,1,2004-03-23,QTKD,K21,0,125,79
25139311,Duong Van Hieu,2.45,6.12,0,2004-07-11,KHMT,K24,0,126,66
25139312,Hoang Van Phuc,2.32,5.8,1,2004-03-18,KT,K24,0,142,85
25139313,Hoang Van Trang,2.43,6.08,1,2002-12-03,KHMT,K24,0,43,66
25139314,Duong Van Dung,3.72,9.3,0,2005-03-02,KTMT,K21,0,147,80
25139315,Huynh Van Binh,3.29,8.22,1,2004-04-21,HTTT,K25,0,84,74
25139316,Bui Thi Duc,2.98,7.45,1,2007-10-03,DTVT,K22,1,127,54
25139317,Duong Van An,3.78,9.45,1,2002-03-30,KTMT,K23,0,98,68
25139318,Vo Thi Nam,3.24,8.1,1,2003-01-23,DTVT,K24,0,33,52
25139319,Le Van Son,1.64,4.1,0,2006-07-14,KHMT,K22,0,90,65
25139320,Ngo Thi Minh,1.89,4.72,1,2005-04-20,DTVT,K21,0,141,62
25139321,Tran Thi Hieu,2.25,5.62,1,2002-12-03,KT,K22,0,145,98
25139322,Do Van Linh,2.52,6.3,1,2003-05-03,DTVT,K23,1,145,92
25139323,Ngo Thi Son,2.43,6.08,1,2005-12-14,QTKD,K24,0,98,57
25139324,Tran Thi Thao,3.22,8.05,1,2007-06-10,HTTT,K23,0,37,69
25139325,Truong Van Son,1.78,4.45,0,2006-01-14,HTTT,K21,0,81,95
25139326,Bui Thi Thao,3.44,8.6,1,2004-07-26,CNOT,K21,1,93,94
25139327,Vo Thi Ngoc,3.78,9.45,1,2006-02-01,CKM,K21,0,99,99
25139328,Truong Van Vy,2.74,6.85,0,2006-10-16,KHMT,K22,0,62,65
25139329,Mai Thi Linh,2.58,6.45,0,2001-06-20,QTKD,K22,0,100,54
25139330,Tran Thi Khanh,2.88,7.2,1,2003-12-18,KTMT,K25,1,114,90
25139331,Do Van Phuc,3.02,7.55,1,2004-01-24,KT,K25,0,99,57
25139332,Hoang Van Giang,3.7,9.25,0,2005-08-11,KT,K22,0,95,93
25139333,Duong Van Phuc,2.98,7.45,1,2005-09-06,CNOT,K21,1,117,91
25139334,Le Van Giang,2.48,6.2,1,2002-04-20,CKM,K24,0,147,70
25139335,Ngo Thi Duc,3.42,8.55,0,2002-12-30,KHMT,K21,0,103,68
25139336,Truong Van Tuan,3.8,9.5,0,2005-12-29,QTKD,K22,0,147,57
25139337,Ngo Thi Quan,3.99,9.98,0,2007-04-29,CNOT,K25,0,80,95
25139338,Tran Thi Binh,3.73,9.32,1,2002-12-09,KHMT,K24,0,139,65
25139339,Tran Thi Ngoc,3.65,9.12,0,2007-06-19,KHMT,K25,0,86,73
25139340,Bui Thi Khanh,2.82,7.05,0,2001-08-01,KTPM,K25,0,84,100
25139341,Nguyen Van Khanh,2.39,5.98,1,2002-08-14,KT,K23,0,135,64
25139342,Phan Thi Minh,3.49,8.73,1,2002-03-02,DTVT,K24,0,97,52
25139343,Duong Van Trang,3.31,8.28,0,2004-07-13,KTMT,K21,0,90,98
25139344,Hoang Van Nam,3.0,7.5,1,2003-05-25,KTMT,K22,0,116,81
25139345,Bui Thi Chi,2.52,6.3,1,2006-08-03,KTMT,K22,0,128,85
25139346,Do Van Tuan,3.82,9.55,1,2007-03-17,CKM,K21,0,122,88
25139347,Le Van Tuan,3.12,7.8,0,2001-01-06,HTTT,K25,0,63,59
25139348,Ngo Thi Son,3.28,8.2,1,2007-10-12,KTPM,K22,0,110,63
25139349,Pham Thi Hai,3.3,8.25,0,2003-11-16,KTMT,K23,0,58,50
25139350,Duong Van Hai,3.96,9.9,0,2007-08-06,KTPM,K25,0,114,87
25139351,Truong Van Giang,3.3,8.25,0,2001-07-30,KT,K25,0,80,88
25139352,Duong Van Khanh,3.82,9.55,0,2001-08-20,KTPM,K21,0,89,61
25139353,Le Van An,1.99,4.97,1,2002-05-31,CKM,K23,0,97,67
25139354,Huynh Van Hieu,2.88,7.2,1,2003-11-26,HTTT,K21,0,84,92
25139355,Nguyen Van Binh,1.7,4.25,0,2001-11-22,KT,K21,0,51,73
25139356,Do Van Hai,2.32,5.8,0,2004-01-17,CKM,K21,0,48,70
25139357,Nguyen Van Binh,3.0,7.5,1,2007-11-25,CKM,K25,0,112,90
25139358,Mai Thi Hieu,3.22,8.05,0,2004-01-17,KTPM,K24,0,132,93
25139359,Dang Van Dung,2.57,6.42,1,2006-01-19,DTVT,K22,0,145,85
25139360,Vo Thi Vy,2.22,5.55,1,2001-06-03,CNOT,K24,0,55,66
25139361,Huynh Van Hieu,3.45,8.62,1,2001-08-23,KT,K23,0,134,54
25139362,Truong Van Hieu,2.98,7.45,0,2003-11-02,HTTT,K23,0,123,80
25139363,Nguyen Van Phuc,3.77,9.43,0,2006-12-01,KTMT,K25,0,94,86
25139364,Truong Van Son,1.86,4.65,1,2003-05-31,KTMT,K21,0,54,65
25139365,Mai Thi Khanh,1.59,3.98,0,2003-06-05,CNTT,K24,0,125,89
25139366,Ngo Thi Chi,3.84,9.6,1,2004-07-02,KTMT,K23,0,106,67
25139367,Tran Thi Giang,2.96,7.4,0,2007-03-25,KT,K23,0,72,75
25139368,Dang Van Binh,1.74,4.35,0,2004-04-23,DTVT,K21,0,59,92
25139369,Ngo Thi Tuan,3.72,9.3,0,2002-05-27,KTPM,K24,0,127,77
25139370,Huynh Van Khanh,3.97,9.93,1,2001-04-08,HTTT,K25,1,113,58
25139371,Truong Van Son,3.39,8.47,1,2002-07-01,QTKD,K23,0,123,86
25139372,Huynh Van Khanh,2.57,6.42,1,2003-09-16,KTPM,K24,0,135,78
25139373,Do Van Vy,3.39,8.47,1,2007-09-17,CNTT,K22,1,149,59
25139374,Tran Thi Vy,1.51,3.77,0,2002-01-06,DTVT,K24,0,46,53
25139375,Nguyen Van Khanh,3.59,8.97,0,2005-10-07,KHMT,K21,0,83,55
25139376,Do Van Linh,1.68,4.2,1,2007-05-17,QTKD,K22,0,32,82
25139377,Phan Thi Son,3.35,8.38,1,2002-03-13,KTMT,K22,0,82,81
25139378,Do Van Phuc,2.92,7.3,1,2007-05-31,QTKD,K24,0,41,55
25139379,Truong Van Vy,1.89,4.72,0,2003-03-21,KTPM,K22,0,41,79
25139380,Bui Thi Binh,3.38,8.45,1,2002-02-14,HTTT,K24,0,149,68
25139381,Duong Van Ngoc,1.88,4.7,0,2006-02-05,CNTT,K21,0,149,72
25139382,Mai Thi Nam,3.76,9.4,0,2005-11-09,CNTT,K23,0,149,51
25139383,Dang Van Quan,2.89,7.23,0,2001-07-17,CNOT,K23,0,128,97
25139384,Dang Van An,3.98,9.95,0,2007-11-28,CNOT,K23,0,96,91
25139385,Bui Thi Duc,3.02,7.55,1,2006-11-16,QTKD,K25,0,61,82
25139386,Phan Thi Hai,3.84,9.6,1,2005-09-27,KHMT,K23,0,130,93
25139387,Bui Thi Son,2.97,7.43,0,2001-04-27,HTTT,K23,0,115,54
25139388,Vo Thi Son,2.04,5.1,0,2005-11-15,CKM,K25,0,140,94
25139389,Duong Van Thao,3.3,8.25,0,2006-03-06,KTMT,K22,0,31,80
25139390,Phan Thi Trang,3.55,8.88,0,2002-10-12,QTKD,K25,0,37,83
25139391,Dang Van Duc,2.93,7.33,1,2003-05-10,QTKD,K24,0,41,93
25139392,Huynh Van Chi,3.19,7.97,1,2005-08-15,CNTT,K24,0,94,66
25139393,Phan Thi Chi,3.85,9.62,1,2002-03-11,DTVT,K25,0,64,56
25139394,Hoang Van Linh,1.63,4.07,0,2003-08-20,KT,K24,0,60,68
25139395,Bui Thi Binh,1.51,3.77,0,2002-01-02,CNOT,K25,0,39,53
25139396,Bui Thi Phuc,3.47,8.68,1,2007-10-01,CKM,K21,1,70,88
25139397,Huynh Van Dung,1.9,4.75,1,2005-12-29,KT,K24,1,48,98
25139398,Nguyen Van Dung,3.8,9.5,0,2001-08-14,CNOT,K23,0,68,60
25139399,Phan Thi Dung,3.59,8.97,0,2001-09-16,QTKD,K25,0,70,75
25139400,Tran Thi Thao,3.42,8.55,0,2002-12-31,KTMT,K25,0,135,97
25139401,Tran Thi Trang,3.47,8.68,1,2005-04-19,CNOT,K23,0,123,94
25139402,Le Van Hieu,3.32,8.3,1,2002-01-25,CNOT,K24,0,51,73
25139403,Tran Thi Thao,2.1,5.25,0,2002-11-28,KHMT,K25,1,94,76
25139404,Le Van Giang,3.13,7.82,1,2003-12-15,CNOT,K24,0,68,93
25139405,Nguyen Van Phuc,1.56,3.9,0,2001-09-05,CNTT,K25,0,111,95
25139406,Duong Van Khanh,2.47,6.18,1,2007-01-23,KTMT,K21,0,136,85
25139407,Dang Van Son,3.48,8.7,1,2003-09-07,KT,K22,0,132,75
25139408,Nguyen Van Dung,2.05,5.12,0,2007-06-26,CNOT,K21,0,135,54
25139409,Le Van Giang,2.28,5.7,0,2002-03-22,KT,K21,0,55,100
25139410,Tran Thi Vy,3.74,9.35,0,2004-03-24,KTMT,K24,0,120,97
25139411,Le Van Phuc,3.18,7.95,1,2001-10-22,KT,K23,0,116,99
25139412,Truong Van Hai,2.21,5.53,0,2003-01-31,HTTT,K24,0,77,57
25139413,Nguyen Van An,1.79,4.47,1,2006-02-07,KTMT,K21,0,147,62
25139414,Hoang Van Dung,3.58,8.95,1,2006-07-10,QTKD,K24,0,111,96
25139415,Dang Van Son,2.03,5.07,1,2004-02-17,CKM,K25,0,84,74
25139416,Truong Van Hieu,2.76,6.9,1,2006-06-18,KTPM,K24,0,42,83
25139417,Nguyen Van Tuan,3.85,9.62,0,2006-03-03,KTMT,K22,0,125,72
25139418,Le Van Quan,2.25,5.62,1,2001-11-25,CNOT,K22,0,94,68
25139419,Nguyen Van Vy,3.99,9.98,1,2003-03-15,HTTT,K23,0,125,91
25139420,Bui Thi An,3.95,9.88,0,2003-07-17,CKM,K24,0,105,80
25139421,Dang Van Duc,2.24,5.6,1,2001-12-13,DTVT,K22,0,36,63
25139422,Hoang Van Binh,2.02,5.05,0,2006-02-02,HTTT,K23,0,112,85
25139423,Bui Thi Hai,1.66,4.15,0,2007-11-22,KHMT,K24,0,69,63
25139424,Truong Van Vy,3.29,8.22,0,2005-09-27,HTTT,K22,0,35,69
25139425,Vo Thi Linh,3.88,9.7,0,2003-03-04,KTMT,K25,0,92,81
25139426,Huynh Van Binh,2.84,7.1,1,2003-08-03,HTTT,K23,0,84,55
25139427,Duong Van Hieu,3.2,8.0,1,2006-04-08,KHMT,K24,0,31,92
25139428,Bui Thi An,2.23,5.58,0,2004-06-04,KT,K25,0,61,64
25139429,Huynh Van Giang,3.69,9.22,1,2007-01-11,QTKD,K23,0,93,86
25139430,Tran Thi Duc,2.48,6.2,0,2004-10-18,KT,K24,0,96,58
25139431,Phan Thi Duc,2.62,6.55,1,2003-02-11,CKM,K21,0,45,82
25139432,Ngo Thi Hieu,2.62,6.55,0,2007-04-15,CNOT,K23,0,73,90
25139433,Ngo Thi Dung,2.85,7.12,1,2007-02-08,KT,K21,0,90,62
25139434,Le Van Quan,2.11,5.27,0,2004-01-21,CKM,K21,0,32,77
25139435,Pham Thi Hieu,2.86,7.15,0,2002-05-14,KT,K24,1,136,78
25139436,Do Van Linh,2.22,5.55,1,2001-09-07,KTMT,K22,0,70,61
25139437,Nguyen Van Quan,1.8,4.5,1,2003-04-19,KT,K23,0,105,53
25139438,Dang Van Nam,3.04,7.6,0,2003-04-07,KT,K22,0,34,81
25139439,Pham Thi Ngoc,3.78,9.45,0,2001-03-01,KT,K21,0,143,55
25139440,Truong Van Son,2.33,5.83,1,2003-02-19,CNOT,K25,0,67,76
25139441,Vo Thi Binh,2.61,6.52,1,2005-03-25,QTKD,K25,0,59,66
25139442,Mai Thi Dung,2.7,6.75,1,2001-12-28,CNTT,K24,0,34,88
25139443,Ngo Thi Son,3.62,9.05,0,2007-07-18,CNOT,K23,0,75,67
25139444,Do Van Ngoc,2.62,6.55,0,2007-04-18,HTTT,K25,0,125,68
25139445,Phan Thi Duc,3.12,7.8,0,2006-02-27,CKM,K24,0,143,71
25139446,Vo Thi Phuc,3.57,8.92,1,2003-05-10,CNTT,K25,1,137,69
25139447,Huynh Van Nam,1.81,4.53,0,2007-06-17,CNOT,K25,0,126,68
25139448,Pham Thi Thao,1.84,4.6,1,2007-10-23,CNOT,K22,0,105,82
25139449,Le Van Linh,2.29,5.72,0,2002-03-22,CNTT,K22,0,145,72
25139450,Le Van Duc,1.77,4.42,1,2006-08-20,CKM,K23,1,150,98
25139451,Vo Thi Giang,3.38,8.45,1,2005-04-17,CNTT,K23,0,109,57
25139452,Vo Thi Dung,3.93,9.83,0,2001-11-19,DTVT,K22,0,125,64
25139453,Pham Thi Thao,3.68,9.2,0,2007-08-21,QTKD,K22,0,72,58
25139454,Bui Thi Minh,3.3,8.25,0,2007-07-17,DTVT,K22,0,105,89
25139455,Bui Thi Nam,2.0,5.0,0,2001-10-08,CNTT,K24,0,50,88
25139456,Nguyen Van Hai,3.97,9.93,0,2003-06-02,KHMT,K23,0,107,99
25139457,Tran Thi Son,1.54,3.85,1,2006-02-23,KTPM,K23,0,130,55
25139458,Bui Thi An,3.88,9.7,1,2006-05-27,KHMT,K21,0,104,69
25139459,Mai Thi Khanh,3.91,9.78,0,2002-11-13,KTPM,K25,0,144,72
25139460,Le Van Son,2.09,5.22,0,2006-08-08,CNOT,K22,0,144,91
25139461,Pham Thi Vy,1.98,4.95,0,2002-11-16,QTKD,K23,0,131,90
25139462,Dang Van Hieu,3.12,7.8,0,2005-12-27,KTMT,K21,0,113,75
25139463,Hoang Van Hieu,1.75,4.38,1,2002-03-22,KHMT,K23,0,43,56
25139464,Pham Thi Minh,2.53,6.32,1,2003-06-09,CNTT,K25,0,108,91
25139465,Truong Van Hieu,2.45,6.12,1,2004-09-11,CNOT,K21,0,98,56
25139466,Truong Van Dung,3.46,8.65,1,2007-04-05,KTMT,K21,0,113,83
25139467,Pham Thi Phuc,3.42,8.55,1,2001-09-29,KHMT,K22,0,108,58
25139468,Phan Thi Thao,2.01,5.02,0,2003-10-12,DTVT,K25,0,62,98
25139469,Duong Van Ngoc,3.05,7.62,0,2004-07-19,DTVT,K23,0,32,52
25139470,Le Van Vy,2.72,6.8,0,2007-04-08,QTKD,K24,0,34,63
25139471,Le Van Nam,2.79,6.97,1,2005-09-06,CNOT,K25,1,86,67
25139472,Mai Thi Duc,3.6,9.0,0,2006-10-05,CKM,K21,0,145,93
25139473,Vo Thi Hieu,1.92,4.8,0,2004-10-31,KTPM,K23,0,59,92
25139474,Ngo Thi Duc,3.16,7.9,1,2003-09-11,CKM,K25,0,127,52
25139475,Mai Thi Hieu,3.6,9.0,0,2003-04-24,QTKD,K25,0,41,79
25139476,Truong Van Trang,2.64,6.6,1,2005-06-27,KTMT,K22,0,45,67
25139477,Do Van Linh,1.58,3.95,1,2001-09-27,HTTT,K21,0,118,81
25139478,Duong Van Dung,3.85,9.62,0,2002-11-07,KTMT,K21,0,120,57
25139479,Le Van Khanh,2.02,5.05,1,2005-03-04,CNOT,K22,0,124,99
25139480,Tran Thi An,2.63,6.57,1,2007-05-16,CNTT,K23,0,111,94
25139481,Hoang Van Trang,1.73,4.33,1,2005-12-18,KTMT,K22,0,75,87
25139482,Nguyen Van Giang,3.54,8.85,1,2006-02-19,KTMT,K23,0,104,92
25139483,Do Van Dung,3.42,8.55,0,2003-05-04,HTTT,K25,0,64,83
25139484,Dang Van An,3.4,8.5,1,2005-11-08,KT,K23,0,106,64
25139485,Mai Thi An,2.64,6.6,1,2005-02-26,DTVT,K24,1,121,75
25139486,Nguyen Van Quan,2.97,7.43,0,2004-05-24,KTPM,K23,0,81,89
25139487,Huynh Van Quan,2.74,6.85,0,2002-09-06,DTVT,K23,0,68,70
25139488,Dang Van Ngoc,1.62,4.05,0,2002-03-20,KHMT,K22,0,44,78
25139489,Mai Thi An,3.33,8.32,0,2001-06-15,CKM,K25,0,59,64
25139490,Pham Thi Thao,3.3,8.25,0,2007-06-06,KT,K22,0,84,72
25139491,Vo Thi Thao,3.2,8.0,1,2004-09-19,CNOT,K23,0,133,66
25139492,Le Van An,2.54,6.35,1,2007-08-13,KTMT,K23,0,75,72
25139493,Le Van Hai,2.95,7.38,0,2004-11-08,CNOT,K22,0,63,100
25139494,Mai Thi Hai,2.81,7.03,1,2002-10-01,CNOT,K24,0,100,84
25139495,Nguyen Van Quan,1.89,4.72,1,2006-11-01,KT,K22,1,134,74
25139496,Do Van Giang,3.57,8.92,1,2003-01-03,QTKD,K24,0,58,90
25139497,Le Van Giang,2.36,5.9,1,2003-04-17,DTVT,K22,0,87,74
25139498,Ngo Thi Chi,3.1,7.75,1,2004-10-19,KTPM,K25,0,148,98
25139499,Truong Van Binh,1.92,4.8,1,2002-09-20,HTTT,K25,0,103,65
25139500,Mai Thi Son,3.35,8.38,0,2005-10-22,CNOT,K25,0,92,88
25139501,Dang Van Chi,3.61,9.03,1,2004-01-21,CKM,K25,0,80,85
25139502,Vo Thi Hieu,1.95,4.88,1,2004-08-26,KTMT,K22,0,32,92
25139503,Vo Thi Linh,3.29,8.22,1,2007-02-03,HTTT,K22,0,42,91
25139504,Do Van Chi,2.72,6.8,0,2007-02-07,KTMT,K24,0,41,98
25139505,Mai Thi Son,1.94,4.85,0,2003-02-17,HTTT,K24,0,104,69
25139506,Pham Thi Tuan,2.21,5.53,1,2007-10-04,DTVT,K24,0,62,58
25139507,Hoang Van Son,3.62,9.05,0,2007-01-22,KTMT,K25,0,65,76
25139508,Do Van Dung,3.05,7.62,0,2007-08-08,DTVT,K23,0,96,62
25139509,Le Van Son,3.06,7.65,0,2003-07-02,HTTT,K22,1,76,75
25139510,Ngo Thi Vy,2.73,6.83,0,2005-07-04,CNTT,K25,0,88,66
25139511,Ngo Thi Son,3.24,8.1,1,2006-01-13,QTKD,K24,0,136,83
25139512,Mai Thi Vy,2.15,5.38,1,2002-09-23,KTPM,K21,1,143,51
25139513,Nguyen Van Quan,3.98,9.95,0,2006-11-19,KTPM,K23,0,69,52
25139514,Le Van Chi,1.67,4.17,0,2002-08-17,KT,K23,0,40,89
25139515,Do Van Son,3.82,9.55,0,2003-05-02,KTPM,K23,0,60,96
25139516,Pham Thi Tuan,2.81,7.03,1,2002-11-09,QTKD,K25,0,102,68
25139517,Phan Thi Minh,2.77,6.92,1,2005-05-11,HTTT,K21,0,92,61
25139518,Duong Van Phuc,3.23,8.07,0,2002-11-07,HTTT,K21,0,83,72
25139519,Tran Thi Vy,1.66,4.15,0,2004-09-25,KT,K21,1,54,91
25139520,Nguyen Van Trang,3.37,8.43,0,2004-04-25,KTMT,K23,0,95,69
25139521,Vo Thi Nam,3.93,9.83,0,2006-08-16,HTTT,K24,0,64,55
25139522,Nguyen Van Hieu,1.76,4.4,0,2006-07-16,KTPM,K22,0,80,67
25139523,Huynh Van Duc,3.16,7.9,0,2004-10-25,DTVT,K23,0,36,62
25139524,Bui Thi Duc,2.51,6.27,1,2007-03-05,HTTT,K21,1,145,61
25139525,Hoang Van Dung,3.64,9.1,0,2007-05-06,KTMT,K21,0,87,77
25139526,Hoang Van Thao,1.9,4.75,1,2004-07-29,CNTT,K21,0,133,99
25139527,Do Van Linh,2.48,6.2,1,2001-01-11,KHMT,K22,0,51,91
25139528,Mai Thi Thao,2.97,7.43,0,2005-07-21,KTMT,K24,0,128,83
25139529,Bui Thi Hieu,3.68,9.2,0,2003-11-25,CNOT,K24,0,37,93
25139530,Tran Thi Vy,3.72,9.3,0,2004-03-19,DTVT,K23,1,61,86
25139531,Duong Van Duc,3.66,9.15,1,2003-01-10,KTMT,K25,1,31,52
25139532,Tran Thi Trang,2.05,5.12,1,2003-06-26,KTMT,K25,0,72,98
25139533,Duong Van Phuc,3.47,8.68,0,2003-01-12,CNOT,K22,0,105,50
25139534,Le Van Trang,3.75,9.38,0,2001-03-19,KTPM,K24,0,66,54
25139535,Dang Van Son,3.64,9.1,0,2006-05-20,HTTT,K23,0,126,72
25139536,Huynh Van Binh,3.95,9.88,1,2006-05-10,CNTT,K22,1,139,81
25139537,Nguyen Van Binh,2.0,5.0,0,2003-01-05,CNOT,K25,0,50,99
25139538,Truong Van Hieu,3.14,7.85,0,2003-08-31,CNOT,K23,0,35,84
25139539,Ngo Thi Khanh,3.96,9.9,0,2004-04-30,KHMT,K23,0,42,66
25139540,Dang Van Minh,3.74,9.35,0,2001-12-19,KT,K25,0,93,61
25139541,Do Van Ngoc,3.7,9.25,0,2001-06-15,HTTT,K24,0,125,81
25139542,Vo Thi Thao,2.03,5.07,1,2007-01-13,CNTT,K25,0,47,55
25139543,Dang Van Tuan,2.73,6.83,0,2006-08-02,QTKD,K23,0,53,78
25139544,Mai Thi Minh,3.78,9.45,1,2003-04-02,QTKD,K24,0,132,55
25139545,Duong Van Minh,2.64,6.6,0,2003-02-14,KHMT,K25,0,51,59
25139546,Truong Van Vy,3.63,9.07,1,2006-01-31,CKM,K23,0,88,74
25139547,Bui Thi Son,3.16,7.9,1,2001-09-21,KTPM,K23,0,94,93
25139548,Phan Thi Khanh,1.54,3.85,1,2005-05-06,CNTT,K21,1,33,100
25139549,Do Van Phuc,2.44,6.1,1,2001-03-25,CNTT,K23,1,69,97
25139550,Duong Van Quan,3.23,8.07,1,2007-12-18,KHMT,K22,0,60,59
25139551,Hoang Van Hieu,1.66,4.15,1,2004-08-22,CKM,K22,0,133,75
25139552,Ngo Thi Duc,3.53,8.82,0,2007-06-26,CNTT,K25,0,118,91
25139553,Truong Van Thao,1.93,4.83,0,2001-01-21,KT,K24,0,43,70
25139554,Dang Van Chi,1.84,4.6,1,2007-01-15,QTKD,K25,1,120,54
25139555,Bui Thi Chi,2.26,5.65,0,2004-06-27,CNTT,K23,0,112,69
25139556,Mai Thi Son,2.59,6.47,1,2007-07-17,KTPM,K23,1,45,89
25139557,Bui Thi Trang,1.61,4.03,1,2003-05-28,DTVT,K25,0,57,95
25139558,Ngo Thi Hai,3.81,9.53,0,2005-09-09,HTTT,K23,0,36,63
25139559,Phan Thi Linh,3.64,9.1,0,2001-03-27,HTTT,K24,0,48,59
25139560,Duong Van Thao,1.91,4.77,1,2007-09-18,CNOT,K24,0,39,83
25139561,Phan Thi Dung,3.91,9.78,1,2001-06-22,KHMT,K21,0,119,100
25139562,Truong Van Linh,2.43,6.08,0,2002-10-29,HTTT,K21,0,121,66
25139563,Do Van Ngoc,3.78,9.45,1,2003-12-31,CNTT,K22,1,121,57
25139564,Phan Thi Thao,2.28,5.7,1,2003-04-19,CNTT,K23,0,41,70
25139565,Huynh Van Binh,3.15,7.88,0,2002-11-07,CNTT,K23,0,75,65
25139566,Huynh Van Giang,1.56,3.9,1,2003-10-07,KTPM,K22,0,102,75
25139567,Mai Thi Dung,2.69,6.72,0,2001-08-04,CKM,K24,0,53,99
25139568,Tran Thi Trang,3.62,9.05,1,2007-11-24,CNTT,K24,1,138,57
25139569,Bui Thi Khanh,2.57,6.42,1,2003-05-30,QTKD,K25,0,36,67
25139570,Dang Van Duc,2.8,7.0,0,2002-11-06,KTPM,K21,0,142,85
25139571,Ngo Thi Binh,2.55,6.38,0,2005-12-16,KHMT,K21,0,100,83
25139572,Bui Thi Linh,3.69,9.22,1,2001-04-16,KTPM,K21,0,65,55
25139573,Pham Thi Quan,2.27,5.67,0,2002-10-22,CKM,K23,0,41,68
25139574,Phan Thi Phuc,3.11,7.77,0,2006-05-06,KHMT,K21,0,95,73
25139575,Bui Thi Thao,2.04,5.1,0,2003-10-12,CNTT,K24,0,133,98
25139576,Hoang Van Chi,2.68,6.7,0,2005-01-30,CNTT,K23,0,72,89
25139577,Bui Thi Trang,3.85,9.62,0,2005-08-31,QTKD,K21,0,61,84
25139578,Do Van Khanh,2.15,5.38,0,2001-11-14,CKM,K21,0,138,79
25139579,Tran Thi Khanh,3.9,9.75,0,2002-05-05,KHMT,K24,0,130,62
25139580,Pham Thi Vy,3.39,8.47,0,2006-03-06,HTTT,K23,0,33,89
25139581,Vo Thi Hai,3.45,8.62,0,2002-08-15,KTPM,K25,0,119,83
25139582,Vo Thi Giang,2.03,5.07,0,2006-08-06,CNTT,K21,0,136,82
25139583,Nguyen Van Nam,1.58,3.95,1,2002-10-04,DTVT,K23,0,66,88
25139584,Phan Thi Tuan,2.26,5.65,1,2005-02-03,CNTT,K25,0,31,55
25139585,Vo Thi Chi,2.12,5.3,0,2005-11-27,CNOT,K24,0,82,80
25139586,Le Van Chi,3.89,9.72,0,2007-07-17,HTTT,K21,0,32,71
25139587,Phan Thi Khanh,1.67,4.17,1,2004-01-12,DTVT,K22,0,140,63
25139588,Hoang Van Nam,2.72,6.8,0,2002-01-26,KTPM,K21,0,107,65
25139589,Tran Thi Quan,3.2,8.0,0,2003-12-02,CNTT,K21,0,86,59
25139590,Dang Van Khanh,1.56,3.9,1,2004-02-25,KTPM,K23,1,118,57
25139591,Dang Van Minh,2.5,6.25,1,2006-09-01,KHMT,K21,0,73,71
25139592,Do Van Thao,3.15,7.88,0,2006-03-22,CNOT,K25,0,109,100
25139593,Do Van Linh,2.15,5.38,0,2005-06-25,HTTT,K22,0,109,55
25139594,Pham Thi Nam,2.19,5.47,1,2005-12-24,CNOT,K21,1,145,83
25139595,Tran Thi Trang,1.77,4.42,0,2002-08-06,CKM,K24,0,148,77
25139596,Mai Thi Vy,2.11,5.27,0,2001-10-30,CNTT,K22,0,39,53
25139597,Vo Thi Dung,1.63,4.07,1,2007-05-29,CNOT,K25,0,61,63
25139598,Le Van Ngoc,2.4,6.0,1,2002-12-27,HTTT,K24,0,111,98
25139599,Ngo Thi Tuan,2.21,5.53,0,2007-01-27,DTVT,K24,0,106,77
25139600,Dang Van Trang,2.02,5.05,0,2003-08-16,CKM,K25,0,119,84
25139601,Nguyen Van Nam,1.9,4.75,1,2002-10-15,HTTT,K23,0,61,78
25139602,Le Van Khanh,2.37,5.93,1,2001-08-21,HTTT,K24,0,63,94
25139603,Duong Van Thao,3.82,9.55,1,2006-09-18,HTTT,K22,0,144,81
25139604,Pham Thi Ngoc,2.79,6.97,0,2007-12-18,QTKD,K22,0,43,96
25139605,Hoang Van Chi,2.92,7.3,0,2001-10-27,CNTT,K21,1,144,96
25139606,Huynh Van Vy,1.89,4.72,1,2004-08-20,CNOT,K24,0,47,69
25139607,Le Van Trang,2.05,5.12,1,2006-08-08,DTVT,K22,0,148,68
25139608,Duong Van Hai,2.92,7.3,0,2006-12-05,KT,K24,0,111,82
25139609,Dang Van Thao,3.97,9.93,1,2005-03-20,HTTT,K23,0,110,66
25139610,Huynh Van Duc,3.55,8.88,1,2005-10-29,CNTT,K25,0,96,85
25139611,Bui Thi Nam,3.11,7.77,0,2001-02-03,CNOT,K22,0,87,98
25139612,Ngo Thi Ngoc,2.54,6.35,0,2001-12-31,QTKD,K24,1,102,89
25139613,Ngo Thi Binh,1.91,4.77,1,2001-12-13,DTVT,K23,0,66,65
25139614,Ngo Thi Minh,2.16,5.4,1,2003-01-28,KTPM,K22,0,98,57
25139615,Truong Van Binh,2.34,5.85,1,2001-03-04,KHMT,K21,0,81,51
25139616,Hoang Van Son,2.58,6.45,0,2006-12-04,CKM,K24,0,112,87
25139617,Ngo Thi Phuc,1.54,3.85,1,2001-08-08,KTPM,K22,0,69,90
25139618,Do Van Khanh,1.82,4.55,1,2003-10-19,KTMT,K25,0,97,70
25139619,Duong Van Dung,3.97,9.93,0,2003-08-15,HTTT,K25,0,53,74
25139620,Le Van Khanh,3.94,9.85,0,2007-06-29,KHMT,K25,0,134,84
25139621,Pham Thi Trang,1.76,4.4,0,2003-02-26,KHMT,K21,0,114,80
25139622,Dang Van Duc,3.09,7.72,1,2002-10-21,KT,K25,0,48,66
25139623,Hoang Van Khanh,1.9,4.75,1,2006-04-29,DTVT,K22,0,138,55
25139624,Truong Van An,1.75,4.38,0,2004-07-09,CNTT,K25,0,118,93
25139625,Bui Thi Dung,2.48,6.2,0,2007-02-08,HTTT,K21,0,80,69
25139626,Vo Thi Thao,3.5,8.75,0,2004-08-17,KTMT,K22,0,37,56
25139627,Pham Thi Minh,1.84,4.6,0,2005-10-27,CNOT,K25,0,54,81
25139628,Ngo Thi Duc,3.74,9.35,1,2002-12-27,CNOT,K21,0,123,57
25139629,Do Van Ngoc,3.72,9.3,1,2003-12-18,CNTT,K25,0,62,89
25139630,Vo Thi Chi,3.22,8.05,0,2002-12-14,KHMT,K24,0,58,78
25139631,Bui Thi Chi,1.85,4.62,0,2006-08-05,KTMT,K22,0,114,72
25139632,Duong Van Tuan,2.01,5.02,1,2003-07-26,KT,K22,0,43,78
25139633,Vo Thi Linh,2.9,7.25,0,2007-06-11,HTTT,K23,0,98,63
25139634,Tran Thi Giang,2.96,7.4,0,2007-06-03,DTVT,K21,0,88,60
25139635,Hoang Van Giang,2.73,6.83,0,2002-04-06,HTTT,K22,0,64,63
25139636,Vo Thi Phuc,1.9,4.75,0,2002-07-01,CNTT,K21,0,33,72
25139637,Dang Van Nam,2.29,5.72,0,2001-11-14,CNTT,K24,0,100,78
25139638,Ngo Thi Nam,1.64,4.1,1,2001-11-17,CNTT,K24,0,103,82
25139639,Nguyen Van Linh,1.6,4.0,0,2007-01-04,CKM,K25,0,86,91
25139640,Truong Van Nam,2.62,6.55,0,2001-03-01,KHMT,K25,0,31,55
25139641,Do Van Son,1.97,4.92,0,2001-09-23,CKM,K23,0,38,90
25139642,Mai Thi Nam,2.64,6.6,0,2006-04-29,DTVT,K25,0,82,78
25139643,Pham Thi Minh,2.89,7.23,1,2004-03-27,CNOT,K25,0,128,76
25139644,Truong Van Hai,1.77,4.42,1,2002-11-13,CKM,K24,0,67,88
25139645,Phan Thi Trang,3.23,8.07,0,2005-01-17,KT,K22,0,144,86
25139646,Mai Thi Vy,3.51,8.77,0,2005-11-30,QTKD,K25,0,138,80
25139647,Phan Thi Nam,3.95,9.88,1,2005-11-07,CKM,K21,0,62,91
25139648,Do Van Nam,3.99,9.98,0,2003-03-24,KTPM,K22,0,62,74
25139649,Mai Thi Duc,3.04,7.6,0,2004-09-19,CNTT,K23,1,120,82
25139650,Le Van An,1.71,4.28,1,2002-07-09,CKM,K24,0,60,84
25139651,Mai Thi Binh,3.18,7.95,0,2001-02-08,KHMT,K23,0,88,57
25139652,Dang Van Trang,2.54,6.35,1,2002-07-29,KHMT,K25,0,67,98
25139653,Bui Thi Hieu,1.83,4.58,0,2003-04-11,KHMT,K23,0,95,73
25139654,Vo Thi Duc,1.76,4.4,0,2007-04-06,KTMT,K24,1,64,66
25139655,Huynh Van Linh,1.9,4.75,0,2001-10-11,CKM,K24,0,88,58
25139656,Mai Thi Linh,3.1,7.75,1,2003-07-25,CNOT,K22,0,96,69
25139657,Dang Van An,2.5,6.25,0,2002-08-01,KT,K21,0,88,99
25139658,Hoang Van Tuan,2.21,5.53,1,2002-04-24,CKM,K25,0,88,62
25139659,Truong Van Tuan,3.27,8.18,1,2003-01-12,KT,K21,0,123,52
25139660,Pham Thi Chi,3.18,7.95,0,2004-01-17,KT,K25,0,36,86
25139661,Truong Van Quan,2.56,6.4,1,2003-09-29,QTKD,K24,0,89,78
25139662,Hoang Van Dung,2.51,6.27,1,2001-06-24,DTVT,K25,0,92,94
25139663,Truong Van Khanh,3.46,8.65,1,2002-07-03,KT,K24,0,95,69
25139664,Ngo Thi Vy,3.99,9.98,1,2007-04-06,KT,K24,0,49,70
25139665,Mai Thi Son,2.08,5.2,0,2006-12-21,CKM,K23,0,94,97
25139666,Dang Van Hai,1.54,3.85,1,2005-07-26,HTTT,K23,0,74,54
25139667,Hoang Van Binh,1.67,4.17,0,2004-05-21,CKM,K25,0,84,89
25139668,Truong Van Khanh,3.67,9.18,1,2001-06-10,CKM,K21,0,94,84
25139669,Vo Thi Khanh,3.75,9.38,0,2007-03-03,KTMT,K21,0,90,82
25139670,Truong Van Linh,3.86,9.65,0,2004-12-16,DTVT,K24,0,147,72
25139671,Nguyen Van Nam,1.71,4.28,0,2003-01-03,CNTT,K25,0,43,53
25139672,Hoang Van Binh,3.45,8.62,1,2001-02-08,KT,K23,0,87,82
25139673,Dang Van Ngoc,3.16,7.9,0,2001-07-08,KTPM,K21,0,74,81
25139674,Huynh Van Son,2.62,6.55,0,2004-01-11,CKM,K23,0,64,84
25139675,Mai Thi Giang,3.84,9.6,0,2007-03-08,CNTT,K22,0,95,62
25139676,Phan Thi Khanh,2.19,5.47,0,2003-05-13,KTMT,K22,0,42,89
25139677,Huynh Van Nam,2.33,5.83,0,2002-03-27,HTTT,K25,0,52,88
25139678,Pham Thi Trang,1.56,3.9,1,2007-10-03,KTMT,K24,0,30,58
25139679,Do Van Dung,1.86,4.65,0,2003-12-27,CNTT,K23,0,142,97
25139680,Mai Thi Duc,3.94,9.85,1,2001-03-23,KTPM,K22,0,148,54
25139681,Phan Thi Son,2.84,7.1,1,2004-04-26,KHMT,K25,0,108,99
25139682,Mai Thi Trang,2.75,6.88,1,2005-11-10,KT,K23,0,42,66
25139683,Pham Thi Ngoc,3.12,7.8,0,2003-04-29,KHMT,K23,0,121,67
25139684,Phan Thi Quan,2.71,6.78,0,2004-02-29,KHMT,K22,1,70,69
25139685,Duong Van Trang,2.69,6.72,0,2002-08-26,CNTT,K24,1,97,75
25139686,Nguyen Van Binh,3.89,9.72,0,2003-07-24,CNTT,K25,0,105,89
25139687,Pham Thi Chi,3.58,8.95,1,2006-11-07,DTVT,K21,0,94,90
25139688,Do Van Phuc,3.11,7.77,0,2002-12-20,KT,K23,0,38,61
25139689,Ngo Thi Giang,2.29,5.72,0,2002-08-26,KTMT,K23,0,104,85
25139690,Do Van Phuc,3.5,8.75,1,2003-01-25,HTTT,K24,0,33,60
25139691,Truong Van Khanh,2.61,6.52,0,2005-09-09,KTMT,K25,0,51,71
25139692,Vo Thi Thao,2.71,6.78,0,2001-02-14,KTPM,K22,0,77,79
25139693,Nguyen Van Son,2.45,6.12,1,2003-06-19,KHMT,K21,0,137,53
25139694,Le Van Quan,2.56,6.4,1,2005-02-13,KHMT,K25,0,117,76
25139695,Huynh Van Phuc,3.11,7.77,1,2005-12-24,DTVT,K22,0,123,53
25139696,Le Van Trang,3.68,9.2,0,2004-04-07,HTTT,K25,0,62,53
25139697,Nguyen Van Thao,3.8,9.5,1,2004-10-11,CNOT,K23,0,47,79
25139698,Duong Van Son,2.12,5.3,1,2002-03-10,KTPM,K23,0,93,59
25139699,Dang Van Thao,3.11,7.77,0,2005-01-03,KHMT,K21,0,129,83
25139700,Pham Thi Quan,3.23,8.07,0,2007-08-12,CKM,K25,0,122,83
25139701,Nguyen Van Hieu,2.43,6.08,1,2006-04-22,KTMT,K23,0,79,81
25139702,Huynh Van Dung,1.77,4.42,1,2004-12-24,CNTT,K25,0,77,79
25139703,Mai Thi Khanh,2.84,7.1,0,2005-12-31,DTVT,K24,0,57,94
25139704,Dang Van Thao,2.72,6.8,0,2001-02-25,KHMT,K24,0,117,62
25139705,Pham Thi Phuc,3.98,9.95,1,2005-08-08,KHMT,K23,0,124,59
25139706,Hoang Van Ngoc,2.38,5.95,1,2006-07-20,KTMT,K24,0,67,57
25139707,Duong Van Dung,3.31,8.28,1,2002-04-22,KTMT,K22,0,57,95
25139708,Tran Thi Thao,2.14,5.35,0,2002-04-20,KTPM,K24,0,53,67
25139709,Ngo Thi Hai,1.96,4.9,0,2007-12-24,HTTT,K22,1,130,88
25139710,Bui Thi Minh,3.21,8.03,1,2003-04-20,HTTT,K21,0,140,58
25139711,Do Van Hieu,3.16,7.9,0,2005-06-08,CNTT,K25,0,68,62
25139712,Truong Van Son,2.18,5.45,1,2001-08-11,KHMT,K23,0,77,71
25139713,Pham Thi An,2.65,6.62,0,2002-11-02,KT,K23,0,36,75
25139714,Le Van Giang,3.79,9.47,0,2006-06-18,CNTT,K25,0,61,62
25139715,Tran Thi Duc,2.58,6.45,0,2001-04-06,QTKD,K21,0,131,79
25139716,Do Van Thao,3.16,7.9,0,2004-12-04,KHMT,K25,0,90,85
25139717,Pham Thi Ngoc,1.78,4.45,1,2005-03-09,KHMT,K24,0,30,60
25139718,Tran Thi Vy,1.71,4.28,0,2004-04-25,KHMT,K22,0,52,50
25139719,Bui Thi Giang,3.73,9.32,1,2006-04-22,KT,K24,0,93,76
25139720,Dang Van Trang,1.54,3.85,1,2005-02-04,QTKD,K21,0,61,82
25139721,Hoang Van Duc,1.64,4.1,1,2003-03-18,CNTT,K21,0,41,92
25139722,Tran Thi Linh,2.07,5.17,1,2007-05-07,CNOT,K24,0,78,85
25139723,Tran Thi Nam,3.73,9.32,0,2007-03-08,KTMT,K25,1,132,88
25139724,Nguyen Van Ngoc,2.43,6.08,0,2001-05-03,KTPM,K24,0,85,84
25139725,Bui Thi Hieu,3.09,7.72,1,2005-12-28,CNOT,K22,0,68,52
25139726,Huynh Van Khanh,3.16,7.9,0,2003-02-04,CKM,K21,0,62,81
25139727,Mai Thi Hai,2.51,6.27,1,2003-08-12,HTTT,K24,0,109,100
25139728,Truong Van Dung,2.25,5.62,0,2004-03-25,QTKD,K22,0,95,84
25139729,Duong Van Thao,3.85,9.62,0,2001-02-21,QTKD,K23,0,75,55
25139730,Truong Van Hai,3.61,9.03,1,2007-01-11,QTKD,K21,0,56,62
25139731,Do Van Trang,2.24,5.6,1,2006-04-18,KTPM,K25,0,92,54
25139732,Do Van Chi,1.79,4.47,0,2005-10-26,HTTT,K23,1,114,55
25139733,Mai Thi Minh,1.62,4.05,1,2007-08-25,CKM,K24,0,82,50
25139734,Tran Thi Linh,2.14,5.35,1,2003-03-05,QTKD,K22,0,150,52
25139735,Phan Thi Phuc,1.87,4.68,1,2004-12-13,CKM,K25,0,107,84
25139736,Ngo Thi Minh,3.21,8.03,1,2006-10-26,QTKD,K24,0,139,95
25139737,Phan Thi Hai,2.5,6.25,1,2003-11-11,KTMT,K23,0,129,68
25139738,Pham Thi An,2.36,5.9,0,2007-01-16,QTKD,K24,0,83,97
25139739,Bui Thi Quan,1.93,4.83,0,2006-11-13,KHMT,K23,0,92,75
25139740,Ngo Thi An,3.58,8.95,1,2006-08-12,CKM,K23,0,67,60
25139741,Pham Thi Trang,2.97,7.43,1,2006-01-06,KTPM,K24,0,140,85
25139742,Huynh Van Trang,2.39,5.98,0,2006-10-07,KHMT,K21,0,113,74
25139743,Hoang Van Minh,3.41,8.53,0,2005-06-13,KTMT,K21,0,142,98
25139744,Do Van An,3.42,8.55,1,2005-12-01,KTMT,K21,1,75,88
25139745,Hoang Van Linh,1.89,4.72,0,2003-05-01,CNOT,K25,0,100,86
25139746,Tran Thi Trang,3.04,7.6,1,2006-06-09,QTKD,K25,0,56,70
25139747,Do Van Khanh,1.68,4.2,1,2004-03-19,KTPM,K22,1,67,58
25139748,Dang Van Hieu,3.06,7.65,1,2005-08-10,DTVT,K25,0,110,50
25139749,Hoang Van Duc,2.74,6.85,0,2003-04-08,CNOT,K21,0,120,84
25139750,Tran Thi Quan,2.49,6.23,1,2001-03-04,KTPM,K23,0,102,74
25139751,Truong Van Son,3.97,9.93,0,2004-06-27,CNTT,K23,0,59,85
25139752,Hoang Van Phuc,1.81,4.53,0,2007-07-14,CKM,K21,0,86,58
25139753,Pham Thi Ngoc,2.31,5.78,1,2007-04-18,DTVT,K24,0,149,57
25139754,Do Van Son,3.63,9.07,0,2005-12-12,KT,K21,1,150,57
25139755,Vo Thi Chi,2.3,5.75,0,2002-03-25,KTPM,K25,0,56,97
25139756,Tran Thi Thao,2.23,5.58,1,2007-03-27,KT,K22,0,118,99
25139757,Vo Thi Hieu,3.88,9.7,0,2006-04-03,DTVT,K25,1,138,88
25139758,Nguyen Van Khanh,3.14,7.85,0,2006-05-05,HTTT,K24,0,146,89
25139759,Mai Thi Duc,3.1,7.75,0,2003-06-06,HTTT,K21,0,32,69
25139760,Do Van Quan,1.58,3.95,1,2003-09-16,KTPM,K23,0,111,100
25139761,Huynh Van An,2.27,5.67,1,2001-09-02,DTVT,K22,0,73,90
25139762,Huynh Van Phuc,3.26,8.15,0,2004-12-13,HTTT,K25,0,104,57
25139763,Hoang Van Thao,2.89,7.23,1,2007-10-06,QTKD,K22,0,129,54
25139764,Huynh Van An,3.37,8.43,1,2005-08-16,DTVT,K22,1,129,59
25139765,Vo Thi Tuan,2.72,6.8,0,2007-08-20,CKM,K22,0,108,79
25139766,Nguyen Van Hai,3.67,9.18,1,2003-07-10,CKM,K24,0,143,99
25139767,Vo Thi Hai,3.4,8.5,1,2005-07-29,QTKD,K24,0,72,61
25139768,Vo Thi Vy,3.15,7.88,1,2006-07-12,KTMT,K25,1,65,84
25139769,Nguyen Van Nam,3.32,8.3,0,2004-01-20,CNTT,K24,0,114,59
25139770,Pham Thi Tuan,2.49,6.23,1,2003-03-25,KTMT,K21,0,86,55
25139771,Vo Thi Minh,1.57,3.93,0,2006-01-22,HTTT,K25,0,57,52
25139772,Le Van Trang,1.74,4.35,0,2002-01-18,KTPM,K25,1,138,82
25139773,Nguyen Van Son,1.52,3.8,1,2003-10-17,KT,K23,0,136,99
25139774,Huynh Van Thao,2.8,7.0,1,2004-05-25,CKM,K24,0,149,95
25139775,Le Van Nam,3.12,7.8,1,2007-01-30,KT,K24,1,112,99
25139776,Mai Thi Hieu,2.25,5.62,0,2001-07-23,HTTT,K21,0,74,50
25139777,Mai Thi Chi,1.58,3.95,1,2004-08-28,CNOT,K25,0,142,71
25139778,Mai Thi Tuan,3.85,9.62,1,2006-01-05,QTKD,K21,0,67,91
25139779,Tran Thi Tuan,3.73,9.32,0,2003-08-06,KTPM,K25,0,127,61
25139780,Mai Thi Minh,2.08,5.2,0,2001-08-24,DTVT,K21,0,135,57
25139781,Tran Thi Thao,1.86,4.65,1,2005-05-08,KHMT,K24,0,60,68
25139782,Duong Van Phuc,3.88,9.7,0,2001-02-08,KHMT,K23,0,131,85
25139783,Truong Van Duc,2.67,6.67,1,2004-11-03,KHMT,K25,0,121,87
25139784,Ngo Thi Son,2.21,5.53,0,2005-04-26,KT,K24,0,92,85
25139785,Do Van Minh,1.59,3.98,1,2003-06-30,KTMT,K24,0,145,67
25139786,Bui Thi Khanh,1.68,4.2,0,2002-04-01,KTMT,K24,0,85,95
25139787,Bui Thi Khanh,2.11,5.27,1,2003-12-24,DTVT,K21,0,47,69
25139788,Truong Van Hai,2.72,6.8,1,2001-04-01,QTKD,K21,0,64,95
25139789,Dang Van Dung,3.04,7.6,0,2003-09-14,KTPM,K22,0,50,94
25139790,Do Van Dung,2.99,7.48,1,2003-06-30,DTVT,K25,0,79,73
25139791,Le Van Hieu,2.61,6.52,1,2006-08-01,KHMT,K25,0,34,50
25139792,Nguyen Van Khanh,3.39,8.47,0,2006-02-04,KHMT,K23,0,90,85
25139793,Mai Thi An,1.95,4.88,0,2004-10-28,QTKD,K21,0,120,62
25139794,Ngo Thi Nam,3.89,9.72,1,2005-02-18,KHMT,K21,0,112,54
25139795,Pham Thi Ngoc,3.72,9.3,0,2006-05-07,KT,K22,0,130,87
25139796,Bui Thi Binh,3.26,8.15,1,2005-01-07,CKM,K22,0,117,80
25139797,Tran Thi Thao,3.55,8.88,1,2006-06-05,CNOT,K25,0,52,58
25139798,Nguyen Van Quan,2.71,6.78,1,2003-09-25,QTKD,K24,0,90,92
25139799,Nguyen Van Phuc,2.23,5.58,0,2005-04-07,KHMT,K22,0,118,90
25139800,Do Van Minh,2.92,7.3,1,2007-12-04,CKM,K21,0,83,71
25139801,Huynh Van Chi,3.08,7.7,0,2007-03-22,KTMT,K24,0,104,86
25139802,Bui Thi Linh,3.15,7.88,1,2006-04-10,CNOT,K23,0,135,95
25139803,Phan Thi Hieu,3.99,9.98,0,2005-10-13,CNOT,K24,0,72,74
25139804,Tran Thi Thao,3.74,9.35,1,2007-10-18,KT,K25,0,74,84
25139805,Le Van Ngoc,2.58,6.45,1,2003-06-16,KTPM,K24,0,87,72
25139806,Vo Thi Chi,1.84,4.6,0,2005-05-16,KTPM,K21,0,55,90
25139807,Truong Van Chi,3.3,8.25,0,2007-06-26,CNTT,K25,0,148,80
25139808,Hoang Van Chi,2.19,5.47,1,2001-09-26,CKM,K21,0,67,100
25139809,Le Van Tuan,2.45,6.12,0,2005-02-09,CKM,K21,0,56,97
25139810,Dang Van Duc,2.34,5.85,1,2003-09-10,QTKD,K21,0,112,93
25139811,Tran Thi Chi,3.85,9.62,0,2003-12-13,KHMT,K22,0,54,56
25139812,Ngo Thi Hieu,2.8,7.0,1,2004-05-11,KTMT,K25,0,38,100
25139813,Ngo Thi Dung,2.93,7.33,1,2003-07-04,KHMT,K25,0,32,92
25139814,Le Van Duc,1.62,4.05,1,2004-04-11,KT,K22,1,147,68
25139815,Le Van Hieu,2.02,5.05,0,2007-10-02,KTPM,K25,0,146,62
25139816,Phan Thi Duc,1.57,3.93,1,2004-10-08,KTMT,K24,0,133,59
25139817,Nguyen Van Chi,2.78,6.95,1,2007-01-19,DTVT,K22,0,36,58
25139818,Do Van Nam,1.63,4.07,1,2006-05-29,CNTT,K25,0,110,80
25139819,Nguyen Van Tuan,2.29,5.72,1,2001-03-27,CNOT,K23,0,117,59
25139820,Phan Thi Khanh,3.0,7.5,1,2005-08-19,QTKD,K22,1,43,78
25139821,Pham Thi Vy,2.66,6.65,0,2003-06-22,KT,K24,0,45,91
25139822,Do Van Hieu,1.61,4.03,1,2002-11-23,DTVT,K25,0,146,52
25139823,Nguyen Van Giang,2.29,5.72,1,2003-05-12,CKM,K24,0,31,67
25139824,Hoang Van Quan,3.16,7.9,0,2001-06-13,KTPM,K21,1,40,94
25139825,Pham Thi Phuc,1.98,4.95,1,2004-10-07,CNTT,K25,0,102,73
25139826,Bui Thi Thao,1.76,4.4,0,2002-08-16,CKM,K25,0,144,91
25139827,Tran Thi Linh,3.46,8.65,1,2001-12-20,KHMT,K24,0,108,51
25139828,Vo Thi Son,2.36,5.9,1,2005-07-18,KT,K24,0,141,73
25139829,Le Van Quan,2.67,6.67,1,2003-08-08,HTTT,K22,0,69,97
25139830,Nguyen Van Hieu,2.92,7.3,1,2007-08-10,KTPM,K24,0,118,78
25139831,Dang Van Hieu,2.53,6.32,1,2002-09-03,QTKD,K22,0,137,69
25139832,Le Van Hieu,3.31,8.28,0,2002-10-31,CNTT,K24,1,40,70
25139833,Ngo Thi An,2.98,7.45,0,2001-12-20,CNOT,K25,0,149,62
25139834,Truong Van Binh,3.77,9.43,0,2003-09-27,CKM,K22,0,39,51
25139835,Nguyen Van Hieu,2.89,7.23,1,2005-09-02,KT,K21,1,64,55
25139836,Mai Thi An,3.66,9.15,1,2003-02-07,KTPM,K24,0,86,86
25139837,Le Van Nam,1.84,4.6,0,2001-03-29,DTVT,K24,0,31,86
25139838,Pham Thi Tuan,1.84,4.6,1,2002-05-15,CKM,K24,0,146,57
25139839,Duong Van Phuc,3.53,8.82,0,2001-02-16,CNTT,K24,0,142,52
25139840,Dang Van Son,1.68,4.2,0,2002-04-06,HTTT,K23,0,32,74
25139841,Duong Van Khanh,3.41,8.53,1,2003-12-25,CKM,K21,1,88,51
25139842,Ngo Thi Dung,1.94,4.85,1,2003-09-14,QTKD,K23,0,115,90
25139843,Dang Van Giang,3.46,8.65,1,2001-04-23,KT,K23,0,92,67
25139844,Dang Van Minh,2.82,7.05,1,2002-12-24,KTPM,K25,0,96,64
25139845,Pham Thi Hieu,3.32,8.3,1,2003-12-26,QTKD,K21,0,92,70
25139846,Le Van Phuc,2.03,5.07,0,2002-03-13,KTMT,K25,0,50,73
25139847,Hoang Van Chi,2.55,6.38,1,2002-02-12,HTTT,K22,0,63,58
25139848,Ngo Thi Duc,2.22,5.55,1,2006-03-01,KTMT,K25,0,39,55
25139849,Nguyen Van Giang,3.13,7.82,1,2001-11-03,CNTT,K25,0,66,97
25139850,Mai Thi Thao,2.84,7.1,0,2005-03-11,CKM,K24,0,147,91
25139851,Dang Van Ngoc,3.89,9.72,0,2002-09-25,KHMT,K22,0,106,56
25139852,Dang Van Linh,3.63,9.07,0,2006-02-02,KTPM,K22,0,131,63
25139853,Truong Van Phuc,2.1,5.25,0,2006-02-15,CNTT,K22,0,117,97
25139854,Duong Van Hai,3.19,7.97,0,2003-06-30,CKM,K22,0,85,87
25139855,Le Van Dung,2.37,5.93,0,2007-09-30,HTTT,K23,1,142,92
25139856,Truong Van Phuc,3.74,9.35,1,2001-01-06,KTPM,K24,0,69,52
25139857,Ngo Thi Ngoc,3.11,7.77,1,2004-01-09,CNOT,K23,0,75,95
25139858,Truong Van Phuc,3.87,9.68,1,2005-02-10,KHMT,K21,0,111,66
25139859,Phan Thi Linh,3.5,8.75,0,2004-12-23,KHMT,K22,0,92,61
25139860,Bui Thi An,2.29,5.72,0,2001-02-11,DTVT,K23,1,147,82
25139861,Mai Thi Vy,1.88,4.7,1,2003-11-17,KTMT,K24,0,45,63
25139862,Hoang Van Hai,2.85,7.12,1,2001-10-23,KTPM,K22,0,40,90
25139863,Nguyen Van Phuc,3.69,9.22,1,2004-02-05,KTMT,K23,0,117,82
25139864,Le Van Ngoc,1.79,4.47,0,2007-10-31,CKM,K24,0,53,52
25139865,Le Van Minh,3.56,8.9,1,2006-09-13,CNTT,K25,0,96,80
25139866,Huynh Van Tuan,3.37,8.43,1,2003-12-30,KTPM,K24,0,114,90
25139867,Hoang Van Linh,3.12,7.8,0,2004-02-10,DTVT,K23,0,125,81
25139868,Le Van Giang,1.86,4.65,0,2001-06-18,HTTT,K24,0,59,98
25139869,Tran Thi Chi,3.11,7.77,1,2001-03-18,HTTT,K22,1,120,61
25139870,Phan Thi Thao,1.87,4.68,0,2001-05-17,KHMT,K23,1,135,74
25139871,Huynh Van Nam,2.27,5.67,0,2002-12-28,CNTT,K21,0,133,86
25139872,Huynh Van Son,2.23,5.58,0,2004-09-11,CKM,K25,0,139,90
25139873,Hoang Van An,3.35,8.38,0,2003-02-13,CNTT,K24,0,135,80
25139874,Ngo Thi Duc,2.22,5.55,1,2005-10-05,KTMT,K23,0,37,91
25139875,Do Van Trang,2.79,6.97,1,2003-11-22,HTTT,K24,0,102,99
25139876,Hoang Van Son,3.91,9.78,1,2006-03-23,KTPM,K22,0,100,76
25139877,Le Van Thao,3.37,8.43,1,2007-10-05,CNTT,K22,0,83,67
25139878,Pham Thi Tuan,3.52,8.8,0,2006-06-04,DTVT,K21,0,126,80
25139879,Pham Thi Chi,2.66,6.65,0,2004-01-08,CNTT,K25,0,98,60
25139880,Duong Van Son,3.92,9.8,1,2006-02-26,KT,K25,0,93,93
25139881,Tran Thi Khanh,3.52,8.8,0,2007-08-29,CNTT,K21,1,85,99
25139882,Bui Thi Tuan,3.3,8.25,0,2003-01-29,CKM,K22,0,79,52
25139883,Ngo Thi Minh,3.19,7.97,0,2005-04-25,QTKD,K22,0,146,95
25139884,Phan Thi Quan,1.52,3.8,0,2003-01-22,QTKD,K25,0,121,78
25139885,Pham Thi Chi,2.19,5.47,0,2006-10-28,DTVT,K21,0,142,65
25139886,Duong Van Tuan,3.75,9.38,1,2002-12-11,CNTT,K25,0,40,94
25139887,Pham Thi Trang,2.0,5.0,1,2006-09-21,CNOT,K23,1,43,93
25139888,Phan Thi Linh,1.72,4.3,0,2006-10-24,DTVT,K24,0,42,76
25139889,Duong Van Khanh,2.9,7.25,1,2005-01-03,KTMT,K25,0,106,53
25139890,Ngo Thi Hieu,2.23,5.58,1,2003-12-10,CKM,K23,0,74,62
25139891,Le Van Quan,3.97,9.93,0,2004-11-06,CKM,K23,0,71,82
25139892,Mai Thi Giang,3.53,8.82,1,2003-05-15,QTKD,K22,0,66,82
25139893,Tran Thi Trang,2.04,5.1,0,2007-04-16,CKM,K22,0,72,75
25139894,Pham Thi Trang,2.63,6.57,0,2004-03-18,QTKD,K22,0,77,83
25139895,Hoang Van Vy,3.41,8.53,1,2002-08-18,DTVT,K21,0,144,85
25139896,Truong Van Vy,3.67,9.18,1,2001-10-15,CNTT,K21,0,34,90
25139897,Le Van Giang,1.61,4.03,0,2001-06-19,KTMT,K25,0,69,54
25139898,Huynh Van Hai,3.48,8.7,1,2003-03-26,CNTT,K22,0,122,73
25139899,Nguyen Van An,2.7,6.75,0,2001-11-25,CKM,K24,0,132,79
25139900,Vo Thi Trang,1.81,4.53,0,2001-04-03,CKM,K23,0,135,57
25139901,Do Van Dung,3.63,9.07,1,2003-05-30,KTPM,K23,0,62,82
25139902,Huynh Van Chi,1.64,4.1,0,2004-05-30,CKM,K25,0,33,61
25139903,Duong Van Chi,2.52,6.3,0,2006-08-10,KHMT,K24,0,111,74
25139904,Mai Thi Vy,3.51,8.77,0,2007-10-25,CKM,K24,0,133,82
25139905,Le Van Khanh,2.81,7.03,0,2005-10-06,QTKD,K23,0,39,52
25139906,Pham Thi Thao,2.91,7.28,0,2005-06-21,KTPM,K23,0,101,80
25139907,Mai Thi Tuan,1.93,4.83,1,2003-08-26,KT,K25,0,49,77
25139908,Vo Thi Hai,2.65,6.62,0,2005-10-01,HTTT,K25,0,84,87
25139909,Vo Thi Binh,1.97,4.92,0,2001-08-07,KHMT,K25,0,105,89
25139910,Bui Thi Duc,3.52,8.8,1,2004-04-26,KTPM,K25,0,127,79
25139911,Ngo Thi Vy,3.65,9.12,0,2005-01-25,CKM,K22,0,86,98
25139912,Duong Van Tuan,3.86,9.65,0,2003-01-14,KHMT,K22,1,42,73
25139913,Mai Thi Hieu,3.38,8.45,0,2005-08-17,QTKD,K23,0,80,58
25139914,Tran Thi Khanh,1.71,4.28,0,2004-04-02,KHMT,K25,1,30,64
25139915,Tran Thi Son,2.0,5.0,0,2001-07-04,KT,K22,0,84,65
25139916,Tran Thi Hai,2.48,6.2,0,2005-02-23,CNTT,K23,1,49,66
25139917,Dang Van Duc,3.12,7.8,0,2005-09-27,DTVT,K21,0,42,99
25139918,Vo Thi Tuan,3.62,9.05,0,2006-09-29,DTVT,K24,1,45,89
25139919,Dang Van Duc,2.35,5.88,1,2004-04-27,DTVT,K24,0,145,76
25139920,Le Van Ngoc,3.02,7.55,0,2003-10-29,CNOT,K23,0,43,98
25139921,Nguyen Van Thao,2.14,5.35,0,2006-04-15,KTMT,K23,0,50,64
25139922,Le Van Chi,2.5,6.25,1,2004-05-24,CNOT,K24,0,79,71
25139923,Truong Van Hieu,3.3,8.25,1,2007-08-16,CNTT,K21,0,56,54
25139924,Pham Thi Khanh,1.52,3.8,1,2003-07-12,DTVT,K25,0,91,63
25139925,Pham Thi Hieu,2.13,5.32,0,2003-12-11,KTPM,K23,0,95,65
25139926,Hoang Van Nam,2.4,6.0,0,2006-10-17,CKM,K23,0,119,51
25139927,Nguyen Van Minh,2.54,6.35,0,2006-08-17,KTMT,K24,0,63,57
25139928,Hoang Van Ngoc,1.78,4.45,1,2002-09-05,CKM,K24,0,119,76
25139929,Truong Van An,3.93,9.83,0,2007-03-03,CNOT,K22,0,92,100
25139930,Huynh Van Vy,1.89,4.72,0,2006-10-29,CKM,K22,0,139,67
25139931,Dang Van Trang,3.9,9.75,0,2004-11-26,KTMT,K21,0,85,91
25139932,Bui Thi Ngoc,3.83,9.57,1,2004-12-07,KHMT,K24,0,30,72
25139933,Duong Van Duc,2.94,7.35,0,2005-04-07,CNOT,K24,0,54,71
25139934,Duong Van Duc,3.32,8.3,1,2006-02-13,CNOT,K24,0,37,50
25139935,Nguyen Van Hai,1.85,4.62,0,2001-01-16,KTPM,K24,0,71,91
25139936,Phan Thi Vy,1.82,4.55,1,2007-05-20,KTPM,K23,0,81,73
25139937,Hoang Van Minh,3.87,9.68,1,2001-07-31,KHMT,K24,0,50,57
25139938,Vo Thi Thao,1.82,4.55,1,2006-07-05,KTMT,K24,0,40,64
25139939,Nguyen Van Minh,2.4,6.0,0,2002-04-03,KT,K21,1,72,77
25139940,Hoang Van Linh,3.78,9.45,1,2007-03-15,DTVT,K25,1,60,77
25139941,Vo Thi An,2.84,7.1,0,2005-12-30,QTKD,K24,0,72,90
25139942,Phan Thi Hieu,3.4,8.5,1,2002-07-19,CNTT,K24,0,147,89
25139943,Pham Thi Tuan,3.43,8.58,1,2003-07-10,CNOT,K25,0,115,60
25139944,Ngo Thi Quan,3.79,9.47,0,2003-10-21,HTTT,K25,0,112,52
25139945,Tran Thi Minh,2.78,6.95,0,2005-01-30,KTPM,K23,0,124,98
25139946,Do Van Dung,2.51,6.27,1,2001-08-11,CKM,K25,0,150,74
25139947,Ngo Thi Nam,1.69,4.22,0,2001-02-12,DTVT,K24,0,31,99
25139948,Hoang Van An,1.68,4.2,1,2004-07-10,DTVT,K23,0,59,99
25139949,Nguyen Van Vy,2.99,7.48,1,2001-12-01,CNTT,K24,0,75,57
25139950,Nguyen Van Dung,2.96,7.4,1,2004-01-08,KTMT,K22,0,67,89
25139951,Le Van Khanh,2.95,7.38,0,2005-06-24,KTMT,K22,0,49,76
25139952,Phan Thi Nam,1.59,3.98,1,2002-08-20,KTMT,K24,1,94,76
25139953,Mai Thi Nam,2.64,6.6,0,2003-04-13,KHMT,K24,0,60,58
25139954,Phan Thi Chi,2.23,5.58,0,2006-02-10,QTKD,K21,0,86,93
25139955,Pham Thi Phuc,4.0,10.0,1,2004-04-26,QTKD,K22,1,54,60
25139956,Hoang Van Thao,2.29,5.72,0,2002-03-09,KHMT,K21,0,143,92
25139957,Hoang Van Hai,1.8,4.5,1,2004-06-26,CNTT,K24,0,139,77
25139958,Vo Thi Vy,2.42,6.05,0,2003-09-10,CKM,K25,0,59,100
25139959,Le Van Chi,3.28,8.2,1,2004-08-26,CNTT,K22,0,124,100
25139960,Duong Van Phuc,1.6,4.0,1,2003-03-12,QTKD,K25,0,77,91
25139961,Huynh Van An,2.5,6.25,1,2006-09-24,DTVT,K22,1,146,55
25139962,Huynh Van Trang,2.86,7.15,1,2001-05-28,DTVT,K22,0,136,69
25139963,Vo Thi An,3.97,9.93,0,2007-12-17,QTKD,K25,0,37,67
25139964,Vo Thi Minh,2.91,7.28,1,2006-10-08,CKM,K23,0,128,73
25139965,Bui Thi Nam,3.25,8.12,1,2006-01-11,DTVT,K21,0,143,96
25139966,Duong Van Thao,2.9,7.25,0,2005-02-24,KTPM,K23,0,91,90
25139967,Ngo Thi An,2.41,6.03,1,2006-09-18,DTVT,K23,0,64,84
25139968,Nguyen Van Tuan,1.53,3.83,0,2006-01-11,KT,K24,0,57,82
25139969,Nguyen Van Trang,1.78,4.45,1,2004-02-14,KT,K22,0,140,50
25139970,Tran Thi Phuc,3.94,9.85,0,2002-09-12,QTKD,K24,0,34,56
25139971,Duong Van Thao,2.45,6.12,0,2005-10-09,HTTT,K22,0,62,76
25139972,Tran Thi Linh,2.95,7.38,1,2005-03-23,KTMT,K24,0,54,85
25139973,Hoang Van Duc,2.13,5.32,1,2005-05-30,QTKD,K24,0,34,94
25139974,Ngo Thi Vy,3.09,7.72,1,2004-11-28,QTKD,K23,0,149,95
25139975,Huynh Van Phuc,2.82,7.05,0,2001-09-20,KTPM,K22,0,36,80
25139976,Truong Van Trang,2.88,7.2,0,2002-09-14,CNTT,K23,0,137,99
25139977,Dang Van Trang,1.58,3.95,1,2001-06-12,CKM,K23,0,63,86
25139978,Le Van Tuan,2.84,7.1,0,2005-08-06,KTPM,K24,0,123,94
25139979,Hoang Van Thao,1.62,4.05,0,2001-07-11,CNOT,K25,1,85,61
25139980,Dang Van Binh,1.92,4.8,1,2005-11-21,CNTT,K23,0,103,73
25139981,Phan Thi Trang,3.93,9.83,1,2002-07-07,KTMT,K22,0,79,96
25139982,Vo Thi Hieu,2.45,6.12,0,2004-06-29,KTPM,K21,0,127,78
25139983,Truong Van Phuc,3.12,7.8,0,2002-09-18,HTTT,K24,0,49,60
25139984,Hoang Van Chi,1.85,4.62,0,2002-01-14,KTMT,K21,0,98,67
25139985,Pham Thi An,3.6,9.0,1,2007-11-25,DTVT,K24,1,84,62
25139986,Phan Thi Tuan,3.82,9.55,0,2002-09-29,CNOT,K24,0,66,98
25139987,Tran Thi Thao,2.64,6.6,0,2005-10-15,CKM,K23,0,135,93
25139988,Hoang Van Chi,3.1,7.75,1,2006-06-21,KTPM,K24,0,67,82
25139989,Truong Van Quan,2.14,5.35,1,2006-09-27,DTVT,K23,0,66,63
25139990,Bui Thi Tuan,2.75,6.88,0,2005-03-10,KT,K24,1,143,54
25139991,Vo Thi Linh,2.28,5.7,1,2004-03-05,KHMT,K25,1,83,65
25139992,Tran Thi Vy,3.42,8.55,0,2007-06-02,CNOT,K25,0,141,56
25139993,Nguyen Van Tuan,2.77,6.92,1,2007-11-28,HTTT,K25,1,89,97
25139994,Ngo Thi Duc,1.83,4.58,1,2006-09-11,DTVT,K23,1,113,93
25139995,Dang Van Nam,2.98,7.45,0,2001-04-12,HTTT,K23,0,94,76
25139996,Mai Thi Duc,3.27,8.18,0,2005-01-10,CKM,K21,0,101,51
25139997,Huynh Van Chi,2.93,7.33,1,2004-07-05,KTMT,K24,1,92,71
25139998,Huynh Van Hai,2.39,5.98,1,2003-11-17,CKM,K23,0,31,90
25139999,Truong Van Hai,3.61,9.03,1,2007-04-13,CNOT,K21,1,114,56
25140000,Duong Van Binh,2.9,7.25,1,2005-06-08,KTPM,K21,0,47,73
25140001,Mai Thi Nam,1.87,4.68,1,2005-03-01,KTPM,K21,0,104,80
25140002,Le Van Tuan,1.78,4.45,1,2003-03-01,CNTT,K25,0,107,99
25140003,Le Van Nam,3.99,9.98,1,2002-10-20,KTPM,K25,0,95,99
25140004,Hoang Van Quan,2.94,7.35,1,2003-12-30,CKM,K23,0,100,76
25140005,Huynh Van An,1.53,3.83,1,2007-08-24,KTPM,K25,0,57,60
25140006,Pham Thi Son,1.76,4.4,1,2005-09-20,CKM,K25,0,119,77
25140007,Huynh Van Hai,3.91,9.78,0,2002-05-30,DTVT,K23,0,113,66
25140008,Mai Thi Nam,1.84,4.6,0,2007-08-17,KT,K21,0,134,70
25140009,Tran Thi Son,3.51,8.77,1,2007-10-05,KHMT,K25,0,102,58
25140010,Huynh Van Linh,3.21,8.03,1,2001-08-18,KT,K22,1,86,59
25140011,Phan Thi Giang,1.77,4.42,1,2007-02-18,KTPM,K25,1,99,92
25140012,Dang Van Trang,3.68,9.2,1,2003-09-23,DTVT,K22,0,80,89
25140013,Le Van An,2.67,6.67,0,2006-09-09,CKM,K24,0,61,90
25140014,Ngo Thi Chi,3.69,9.22,0,2004-05-22,KT,K23,0,48,89
25140015,Dang Van Dung,1.79,4.47,0,2001-06-03,KHMT,K24,0,60,85
25140016,Nguyen Van Binh,2.4,6.0,0,2005-09-21,HTTT,K23,0,78,86
25140017,Mai Thi Khanh,2.27,5.67,0,2002-05-06,KTMT,K22,0,41,86
25140018,Do Van Trang,3.29,8.22,0,2004-03-19,CKM,K21,0,82,68
25140019,Bui Thi Chi,3.96,9.9,0,2007-11-12,DTVT,K23,1,74,72
25140020,Vo Thi Khanh,1.93,4.83,1,2003-07-31,CKM,K25,0,31,79
25140021,Do Van Binh,2.14,5.35,0,2006-06-22,KTMT,K21,0,83,86
25140022,Nguyen Van Khanh,3.61,9.03,0,2004-07-19,CNTT,K24,0,36,85
25140023,Dang Van Quan,3.87,9.68,0,2003-02-18,HTTT,K21,0,64,68
25140024,Le Van Giang,2.35,5.88,1,2001-12-28,KHMT,K21,0,87,75
25140025,Do Van Binh,2.64,6.6,0,2005-01-02,CKM,K21,0,65,99
25140026,Le Van Quan,3.24,8.1,0,2005-09-27,HTTT,K22,0,65,53
25140027,Vo Thi Quan,2.81,7.03,0,2003-03-05,KT,K25,0,96,69
25140028,Ngo Thi An,1.82,4.55,0,2007-01-04,KTMT,K25,1,40,85
25140029,Do Van Giang,1.99,4.97,0,2006-04-23,CNOT,K21,0,102,53
25140030,Dang Van Trang,3.43,8.58,1,2003-07-25,CNOT,K23,1,92,94
25140031,Duong Van Quan,3.57,8.92,0,2004-08-01,KTPM,K25,0,134,63
25140032,Dang Van Trang,2.27,5.67,0,2006-02-08,DTVT,K22,0,115,66
25140033,Do Van Hieu,2.88,7.2,1,2001-06-07,DTVT,K22,0,132,65
25140034,Pham Thi Ngoc,2.75,6.88,0,2002-05-25,QTKD,K23,0,115,74
25140035,Bui Thi Chi,3.66,9.15,1,2005-12-22,QTKD,K25,0,111,57
25140036,Phan Thi Ngoc,2.72,6.8,1,2005-02-03,DTVT,K24,0,111,77
25140037,Ngo Thi Khanh,2.96,7.4,0,2004-10-07,KT,K24,0,43,61
25140038,Vo Thi Linh,3.44,8.6,1,2006-10-09,CNTT,K25,0,115,76
25140039,Vo Thi Duc,3.45,8.62,1,2002-02-27,CNOT,K24,0,103,69
25140040,Duong Van Nam,2.19,5.47,0,2006-07-26,KHMT,K21,0,37,57
25140041,Vo Thi Thao,3.0,7.5,1,2002-04-04,KHMT,K24,0,143,50
25140042,Vo Thi Trang,3.55,8.88,0,2003-09-07,KHMT,K21,0,127,82
25140043,Bui Thi Duc,1.64,4.1,0,2007-04-02,CKM,K23,0,98,59
25140044,Le Van Quan,1.81,4.53,0,2002-06-18,CNOT,K25,0,57,65
25140045,Tran Thi Chi,3.89,9.72,1,2001-10-21,HTTT,K24,0,74,88
25140046,Le Van Linh,2.87,7.18,1,2006-02-12,HTTT,K22,0,143,73
25140047,Mai Thi Quan,2.2,5.5,0,2006-07-04,CKM,K25,0,94,64
25140048,Pham Thi Ngoc,3.75,9.38,1,2006-03-01,KHMT,K25,0,104,86
25140049,Tran Thi Hieu,2.93,7.33,0,2005-10-01,HTTT,K21,0,36,68
25140050,Ngo Thi Chi,2.13,5.32,0,2007-04-26,CKM,K24,0,93,95
25140051,Dang Van Tuan,3.48,8.7,0,2006-02-01,QTKD,K21,0,86,54
25140052,Vo Thi Trang,2.56,6.4,0,2003-09-13,KTPM,K25,0,41,58
25140053,Nguyen Van Binh,2.36,5.9,1,2002-05-15,KTPM,K23,0,52,51
25140054,Hoang Van Minh,2.99,7.48,0,2003-09-04,QTKD,K21,0,61,63
25140055,Phan Thi Ngoc,2.23,5.58,0,2004-10-02,KTPM,K23,0,138,91
25140056,Phan Thi Thao,3.04,7.6,0,2004-05-12,KTMT,K22,0,87,76
25140057,Pham Thi An,3.29,8.22,1,2007-02-26,DTVT,K21,0,42,76
25140058,Pham Thi Giang,2.73,6.83,0,2001-06-08,DTVT,K24,0,86,70
25140059,Nguyen Van Thao,3.08,7.7,1,2006-09-10,KTMT,K25,0,31,87
25140060,Pham Thi Vy,1.88,4.7,0,2002-02-14,DTVT,K23,0,51,98
25140061,Do Van Hai,3.33,8.32,0,2002-03-12,HTTT,K25,0,137,69
25140062,Huynh Van Tuan,3.54,8.85,1,2005-04-10,CNOT,K25,0,44,60
25140063,Ngo Thi Quan,2.62,6.55,0,2007-04-14,KTMT,K24,0,85,96
25140064,Do Van Duc,2.19,5.47,1,2002-07-06,KT,K21,1,107,91
25140065,Ngo Thi Nam,2.33,5.83,1,2002-08-23,CKM,K25,1,73,60
25140066,Huynh Van Quan,3.98,9.95,0,2004-12-15,QTKD,K21,1,69,50
25140067,Duong Van Giang,2.57,6.42,1,2005-08-23,QTKD,K23,0,55,82
25140068,Duong Van Minh,2.5,6.25,0,2006-12-05,KT,K23,0,149,90
25140069,Pham Thi Minh,1.99,4.97,1,2003-02-13,KHMT,K24,1,136,64
25140070,Nguyen Van Phuc,1.58,3.95,0,2006-07-18,KT,K23,0,105,70
25140071,Dang Van Tuan,2.0,5.0,1,2001-06-15,HTTT,K22,0,68,66
25140072,Pham Thi Son,2.95,7.38,0,2005-11-07,KTPM,K22,0,65,67
25140073,Nguyen Van Tuan,3.7,9.25,1,2007-01-16,KT,K22,0,115,78
25140074,Do Van Tuan,1.81,4.53,0,2002-03-02,DTVT,K21,0,123,50
25140075,Phan Thi Son,3.17,7.92,0,2007-05-16,CNTT,K24,0,97,89
25140076,Le Van Giang,2.8,7.0,1,2004-02-11,KTPM,K25,0,52,78
25140077,Duong Van Hieu,3.81,9.53,0,2005-12-23,KTMT,K25,0,93,51
25140078,Nguyen Van Chi,1.58,3.95,1,2004-10-11,CKM,K21,0,51,71
25140079,Phan Thi Ngoc,2.25,5.62,1,2005-05-18,KTPM,K23,1,100,56
25140080,Bui Thi Minh,3.71,9.28,0,2007-01-25,KTPM,K24,0,83,67
25140081,Hoang Van Duc,3.14,7.85,0,2001-02-03,HTTT,K25,1,76,69
25140082,Le Van Linh,2.91,7.28,0,2006-05-16,KT,K24,0,113,80
25140083,Mai Thi Tuan,3.98,9.95,0,2004-08-08,KTPM,K24,0,134,64
25140084,Duong Van Tuan,2.58,6.45,1,2001-03-11,KHMT,K23,0,79,60
25140085,Phan Thi Vy,3.6,9.0,1,2006-10-09,QTKD,K21,1,115,62
25140086,Bui Thi Khanh,3.84,9.6,0,2005-10-02,CNTT,K24,0,115,62
25140087,Hoang Van Duc,3.73,9.32,0,2001-11-27,DTVT,K22,0,144,65
25140088,Do Van Binh,2.65,6.62,1,2006-11-28,QTKD,K23,0,90,65
25140089,Pham Thi Khanh,3.2,8.0,1,2006-12-19,DTVT,K22,0,44,52
25140090,Truong Van Phuc,2.7,6.75,1,2006-03-18,CNTT,K21,0,119,95
25140091,Le Van Minh,2.9,7.25,1,2005-02-06,CKM,K25,0,79,74
25140092,Phan Thi Quan,2.81,7.03,1,2007-07-23,DTVT,K23,0,127,55
25140093,Bui Thi Thao,1.86,4.65,0,2002-03-23,CNTT,K24,0,36,82
25140094,Truong Van Dung,3.03,7.57,1,2006-06-09,QTKD,K22,0,65,53
25140095,Pham Thi Ngoc,3.56,8.9,0,2004-02-10,KT,K23,1,38,54
25140096,Nguyen Van Chi,1.71,4.28,0,2007-05-01,KT,K25,0,105,55
25140097,Dang Van Khanh,3.08,7.7,1,2006-06-22,KTPM,K25,0,71,71
25140098,Pham Thi An,1.74,4.35,1,2003-10-31,DTVT,K25,0,40,53
25140099,Vo Thi Binh,3.69,9.22,1,2005-09-17,KTPM,K22,0,126,81
25140100,Truong Van Phuc,2.93,7.33,0,2004-09-21,DTVT,K22,0,106,94
25140101,Phan Thi An,2.17,5.42,1,2006-07-19,HTTT,K21,0,48,66
25140102,Phan Thi Linh,3.14,7.85,1,2005-06-24,CNTT,K21,0,92,66
25140103,Bui Thi Chi,2.99,7.48,0,2006-12-22,CKM,K23,0,100,69
25140104,Hoang Van Duc,1.93,4.83,0,2005-05-23,CNTT,K25,0,89,85
25140105,Dang Van An,3.89,9.72,1,2006-04-20,KTPM,K23,0,47,93
25140106,Truong Van An,2.03,5.07,0,2003-08-12,KTMT,K24,0,35,61
25140107,Bui Thi Nam,3.66,9.15,0,2003-01-17,QTKD,K21,0,86,92
25140108,Hoang Van An,2.78,6.95,0,2006-04-12,QTKD,K23,0,139,50
25140109,Pham Thi Ngoc,3.32,8.3,0,2007-09-01,HTTT,K24,0,77,99
25140110,Truong Van Phuc,3.08,7.7,0,2001-11-29,KTPM,K23,1,37,63
25140111,Hoang Van Dung,3.27,8.18,0,2001-07-13,KTPM,K23,0,35,59
25140112,Ngo Thi Giang,3.39,8.47,0,2003-02-08,KT,K23,0,84,59
25140113,Duong Van Chi,3.06,7.65,0,2006-11-28,KT,K21,0,60,89
25140114,Huynh Van Ngoc,3.31,8.28,1,2002-08-23,QTKD,K24,0,66,72
25140115,Do Van Duc,1.78,4.45,1,2007-05-22,KHMT,K22,0,77,90
25140116,Huynh Van Khanh,1.69,4.22,1,2006-06-07,KTPM,K22,0,49,66
25140117,Phan Thi Khanh,1.93,4.83,1,2005-12-29,QTKD,K21,0,82,99
25140118,Do Van Tuan,1.55,3.88,0,2007-11-24,CKM,K25,0,90,100
25140119,Ngo Thi Binh,3.47,8.68,0,2001-11-04,KHMT,K23,0,124,77
25140120,Truong Van Dung,3.23,8.07,0,2002-01-17,CNOT,K23,0,60,67
25140121,Truong Van Hieu,2.35,5.88,1,2006-03-06,KTMT,K21,1,45,88
25140122,Nguyen Van Binh,3.13,7.82,1,2001-12-09,DTVT,K23,0,102,66
25140123,Phan Thi Binh,3.59,8.97,0,2003-10-30,CNTT,K24,1,137,99
25140124,Nguyen Van Khanh,3.68,9.2,1,2006-04-27,HTTT,K21,0,82,75
25140125,Mai Thi Vy,2.05,5.12,1,2001-12-06,CNTT,K21,0,58,89
25140126,Hoang Van An,1.69,4.22,0,2004-11-29,CNTT,K23,0,63,72
25140127,Hoang Van Hieu,3.54,8.85,0,2002-02-17,KTPM,K24,0,54,51
25140128,Hoang Van Duc,3.92,9.8,0,2001-01-04,HTTT,K24,0,71,73
25140129,Mai Thi Dung,2.06,5.15,1,2003-06-01,HTTT,K21,0,147,79
25140130,Pham Thi Hai,2.54,6.35,1,2004-04-20,KT,K25,0,141,82
25140131,Tran Thi Trang,3.95,9.88,1,2004-10-08,HTTT,K23,0,32,60
25140132,Truong Van Dung,1.51,3.77,0,2006-06-21,HTTT,K21,0,146,50
25140133,Ngo Thi Thao,3.22,8.05,0,2003-04-29,KTMT,K22,0,113,50
25140134,Mai Thi Ngoc,2.67,6.67,1,2007-07-06,DTVT,K24,0,68,64
25140135,Nguyen Van Son,3.84,9.6,1,2002-04-20,HTTT,K22,0,43,91
25140136,Dang Van Dung,3.79,9.47,1,2007-07-28,CKM,K21,0,110,89
25140137,Pham Thi Vy,2.19,5.47,0,2006-02-06,CKM,K21,0,136,88
25140138,Dang Van Hieu,1.71,4.28,1,2002-04-20,KT,K25,0,73,89
25140139,Phan Thi Thao,2.43,6.08,0,2007-01-17,KHMT,K23,0,140,65
25140140,Truong Van Quan,1.58,3.95,0,2001-04-22,CNTT,K21,0,99,60
25140141,Phan Thi Linh,3.94,9.85,0,2007-05-18,CKM,K23,0,71,76
25140142,Huynh Van Quan,3.1,7.75,0,2002-09-04,CNTT,K24,0,93,65
25140143,Huynh Van Ngoc,2.93,7.33,1,2003-04-13,CNTT,K25,0,86,81
25140144,Le Van Hai,2.49,6.23,1,2006-08-10,KTPM,K21,0,106,68
25140145,Dang Van Chi,2.62,6.55,1,2004-08-11,KHMT,K25,0,85,94
25140146,Vo Thi Quan,2.56,6.4,0,2002-07-16,HTTT,K22,0,121,79
25140147,Pham Thi Khanh,2.79,6.97,0,2007-04-02,KTPM,K25,0,48,67
25140148,Huynh Van Phuc,1.77,4.42,0,2002-11-18,CNOT,K21,0,93,72
25140149,Truong Van Linh,1.72,4.3,1,2005-11-10,CNTT,K22,0,80,86
25140150,Vo Thi Binh,3.66,9.15,1,2004-03-27,HTTT,K24,0,89,94
25140151,Phan Thi Hai,1.89,4.72,1,2004-05-27,HTTT,K22,0,76,86
25140152,Hoang Van Phuc,2.91,7.28,1,2004-06-07,CNOT,K22,0,66,99
25140153,Bui Thi Vy,3.19,7.97,1,2004-09-08,KTMT,K23,0,32,96
25140154,Ngo Thi Phuc,3.23,8.07,0,2005-12-05,QTKD,K23,0,53,53
25140155,Ngo Thi Giang,3.55,8.88,1,2005-04-08,CKM,K25,1,69,81
25140156,Vo Thi Ngoc,3.23,8.07,1,2006-02-18,HTTT,K25,0,107,57
25140157,Nguyen Van Thao,2.6,6.5,0,2004-06-08,KHMT,K25,1,62,85
25140158,Tran Thi Trang,1.93,4.83,1,2003-10-07,KTMT,K24,0,46,95
25140159,Huynh Van Hieu,3.76,9.4,0,2005-05-19,CNTT,K24,1,137,72
25140160,Ngo Thi Trang,3.24,8.1,0,2005-02-13,KTPM,K25,1,103,98
25140161,Huynh Van Phuc,3.85,9.62,1,2007-03-04,CNTT,K22,0,33,53
25140162,Tran Thi Linh,1.82,4.55,1,2001-04-20,KHMT,K23,0,73,100
25140163,Ngo Thi Phuc,2.18,5.45,1,2001-02-03,KT,K25,0,73,74
25140164,Pham Thi Giang,3.07,7.67,0,2006-04-23,QTKD,K23,0,84,90
25140165,Phan Thi Tuan,2.41,6.03,0,2001-10-26,QTKD,K23,0,84,76
25140166,Le Van Binh,3.89,9.72,0,2003-09-09,KHMT,K23,0,64,98
25140167,Truong Van Duc,3.31,8.28,1,2006-08-26,KTPM,K21,0,74,84
25140168,Hoang Van Giang,3.01,7.52,0,2005-11-22,KHMT,K24,0,141,64
25140169,Pham Thi Hieu,1.5,3.75,1,2005-11-27,KHMT,K23,0,72,64
25140170,Le Van Chi,1.97,4.92,0,2004-09-21,CNOT,K21,1,127,77
25140171,Phan Thi Ngoc,2.35,5.88,0,2007-10-15,KTPM,K22,1,81,82
25140172,Le Van Dung,3.13,7.82,1,2002-08-27,KTMT,K22,0,98,68
25140173,Bui Thi Binh,2.19,5.47,1,2005-09-09,QTKD,K25,1,54,81
25140174,Hoang Van Dung,3.7,9.25,0,2007-08-10,KHMT,K21,0,56,97
25140175,Ngo Thi Hieu,3.54,8.85,0,2001-12-20,KT,K21,0,36,79
25140176,Mai Thi Ngoc,1.51,3.77,0,2002-12-19,KTMT,K24,0,97,78
25140177,Le Van Thao,3.73,9.32,0,2007-06-23,CNTT,K23,0,137,60
25140178,Hoang Van Thao,3.83,9.57,1,2005-11-16,HTTT,K23,0,119,65
25140179,Pham Thi Trang,1.82,4.55,0,2001-10-10,DTVT,K23,0,46,71
25140180,Le Van Ngoc,2.56,6.4,0,2002-11-28,KHMT,K21,0,33,98
25140181,Huynh Van Dung,2.02,5.05,0,2007-09-21,KTPM,K25,1,102,68
25140182,Do Van Hai,2.04,5.1,1,2007-05-16,CNOT,K25,1,59,94
25140183,Duong Van Khanh,2.58,6.45,1,2003-05-05,CNOT,K21,0,94,100
25140184,Le Van Trang,3.76,9.4,0,2001-04-16,HTTT,K25,1,118,62
25140185,Huynh Van Chi,3.64,9.1,0,2003-04-06,DTVT,K22,0,31,52
25140186,Tran Thi Phuc,3.09,7.72,1,2007-11-13,KTMT,K23,0,70,68
25140187,Pham Thi Nam,2.68,6.7,1,2007-11-21,CNTT,K25,0,119,83
25140188,Do Van Vy,2.83,7.08,0,2002-12-17,HTTT,K23,1,138,53
25140189,Do Van Vy,2.21,5.53,0,2004-11-05,HTTT,K25,0,110,83
25140190,Dang Van Duc,2.01,5.02,1,2007-09-20,DTVT,K21,1,132,98
25140191,Huynh Van Phuc,2.7,6.75,0,2004-09-08,HTTT,K24,0,56,74
25140192,Vo Thi Tuan,3.21,8.03,1,2006-09-26,KTPM,K23,0,118,82
25140193,Huynh Van Khanh,3.4,8.5,0,2005-07-15,KT,K25,0,75,85
25140194,Tran Thi Chi,3.38,8.45,0,2005-03-10,HTTT,K25,0,104,75
25140195,Nguyen Van Hieu,2.01,5.02,1,2006-09-05,KT,K25,0,140,54
25140196,Truong Van Khanh,2.78,6.95,1,2002-12-31,CKM,K22,1,96,56
25140197,Do Van Trang,2.59,6.47,1,2007-06-28,CKM,K25,0,94,98
25140198,Do Van Trang,2.97,7.43,0,2003-10-22,KT,K25,0,122,84
25140199,Do Van Linh,1.9,4.75,1,2001-05-25,CNOT,K22,0,69,76
25140200,Mai Thi Nam,2.62,6.55,0,2006-04-15,CNOT,K22,0,130,62
25140201,Ngo Thi Dung,1.55,3.88,0,2003-09-20,KTPM,K22,0,35,68
25140202,Pham Thi Tuan,3.86,9.65,1,2004-04-27,KTPM,K23,0,146,96
25140203,Vo Thi Hieu,3.39,8.47,0,2002-12-31,KTPM,K21,1,63,55
25140204,Phan Thi Chi,1.63,4.07,0,2005-06-08,QTKD,K22,0,130,54
25140205,Tran Thi Trang,3.16,7.9,1,2004-07-07,CNOT,K23,0,90,66
25140206,Pham Thi Chi,2.68,6.7,0,2004-07-31,DTVT,K24,0,54,58
25140207,Nguyen Van Thao,2.47,6.18,1,2002-12-16,DTVT,K24,0,81,69
25140208,Duong Van Son,2.19,5.47,1,2005-05-19,HTTT,K21,0,145,90
25140209,Tran Thi Linh,1.78,4.45,1,2006-03-14,CKM,K23,0,132,75
25140210,Bui Thi Nam,2.65,6.62,0,2004-10-18,KT,K23,0,33,97
25140211,Dang Van Dung,2.93,7.33,0,2004-11-08,CNOT,K21,0,63,51
25140212,Bui Thi Minh,2.92,7.3,1,2004-08-05,KT,K23,0,119,93
25140213,Pham Thi Binh,2.44,6.1,1,2005-06-20,KTPM,K22,0,71,76
25140214,Phan Thi Nam,2.07,5.17,1,2007-05-15,QTKD,K24,0,73,70
25140215,Phan Thi Chi,1.67,4.17,1,2004-12-11,CNOT,K21,0,77,74
25140216,Do Van Duc,2.83,7.08,1,2006-06-16,KTPM,K21,0,142,57
25140217,Ngo Thi Phuc,3.16,7.9,0,2001-09-15,QTKD,K24,0,113,92
25140218,Duong Van Trang,3.05,7.62,1,2005-05-05,CNTT,K21,0,96,93
25140219,Pham Thi Chi,3.06,7.65,0,2006-04-06,QTKD,K23,0,77,68
25140220,Tran Thi Hieu,3.67,9.18,0,2006-12-11,CKM,K24,0,72,56
25140221,Do Van Linh,3.76,9.4,0,2003-07-02,CNTT,K25,0,63,71
25140222,Truong Van An,3.55,8.88,0,2002-12-27,KHMT,K23,0,89,78
25140223,Hoang Van Giang,3.6,9.0,1,2005-02-15,DTVT,K25,0,46,68
25140224,Nguyen Van Quan,3.49,8.73,0,2005-02-04,KHMT,K23,0,65,96
25140225,Dang Van Giang,3.34,8.35,1,2002-12-21,CNTT,K24,0,39,92
25140226,Vo Thi Binh,3.1,7.75,0,2001-09-29,KHMT,K23,0,43,64
25140227,Dang Van Phuc,1.51,3.77,1,2001-03-28,KTMT,K21,0,67,61
25140228,Huynh Van Minh,2.87,7.18,1,2002-08-24,CNTT,K23,0,54,52
25140229,Mai Thi Tuan,3.35,8.38,1,2003-04-30,KTPM,K24,0,149,98
25140230,Dang Van Khanh,2.03,5.07,0,2003-08-26,KTPM,K25,0,40,64
25140231,Pham Thi Khanh,2.52,6.3,0,2005-05-26,CKM,K21,1,108,53
25140232,Bui Thi Linh,3.23,8.07,0,2005-09-02,CNTT,K22,0,148,82
25140233,Dang Van An,2.6,6.5,0,2002-06-07,KTPM,K21,0,93,85
25140234,Le Van Dung,1.97,4.92,0,2007-01-22,QTKD,K25,0,69,95
25140235,Mai Thi Nam,3.25,8.12,1,2002-01-28,CKM,K22,0,135,74
25140236,Mai Thi Dung,3.31,8.28,1,2003-10-11,CNTT,K24,0,46,88
25140237,Nguyen Van Duc,3.75,9.38,0,2001-01-13,KTMT,K21,0,137,53
25140238,Le Van Ngoc,3.89,9.72,1,2004-03-13,KTMT,K23,0,78,92
25140239,Huynh Van Giang,3.03,7.57,1,2004-11-14,HTTT,K21,1,94,87
25140240,Mai Thi Nam,2.41,6.03,0,2002-10-09,KTMT,K25,0,147,80
25140241,Do Van An,3.97,9.93,1,2003-07-13,CNOT,K24,0,89,99
25140242,Tran Thi Chi,3.88,9.7,0,2007-11-01,DTVT,K21,0,111,56
25140243,Vo Thi Trang,2.02,5.05,0,2005-11-16,KHMT,K22,0,115,61
25140244,Bui Thi Quan,2.32,5.8,0,2005-12-25,CKM,K24,0,120,50
25140245,Le Van Hai,3.03,7.57,0,2004-02-18,CKM,K23,0,135,80
25140246,Truong Van Quan,3.73,9.32,0,2002-06-21,CNTT,K24,0,64,83
25140247,Tran Thi Hieu,3.51,8.77,1,2007-11-03,QTKD,K25,0,47,99
25140248,Pham Thi Phuc,2.83,7.08,0,2006-11-02,HTTT,K21,0,138,88
25140249,Mai Thi Phuc,3.43,8.58,0,2005-09-11,DTVT,K25,1,126,68
25140250,Do Van Trang,3.66,9.15,0,2003-01-21,KTMT,K22,0,74,85
25140251,Duong Van Son,1.75,4.38,0,2004-04-16,DTVT,K23,0,98,66
25140252,Truong Van Dung,3.27,8.18,1,2003-08-18,KHMT,K23,0,65,78
25140253,Huynh Van Nam,1.76,4.4,1,2007-07-09,KTMT,K24,0,98,60
25140254,Ngo Thi Quan,1.66,4.15,1,2006-03-26,KT,K24,0,77,67
25140255,Dang Van Binh,3.25,8.12,0,2005-01-30,KHMT,K21,0,111,51
25140256,Do Van Giang,2.25,5.62,0,2006-07-07,DTVT,K23,1,136,52
25140257,Truong Van Duc,1.98,4.95,0,2002-09-29,CKM,K21,0,39,83
25140258,Dang Van An,3.3,8.25,1,2006-06-23,HTTT,K22,0,81,93
25140259,Mai Thi Nam,2.78,6.95,1,2004-01-19,CNTT,K22,0,139,93
25140260,Huynh Van Duc,3.68,9.2,0,2004-10-28,DTVT,K25,0,39,61
25140261,Ngo Thi Quan,3.56,8.9,0,2004-10-10,KTPM,K23,0,132,96
25140262,Do Van An,2.41,6.03,0,2007-06-26,HTTT,K21,0,50,73
25140263,Duong Van Duc,2.32,5.8,1,2001-03-29,CNTT,K23,0,120,98
25140264,Bui Thi Linh,3.17,7.92,1,2006-01-06,KT,K23,0,86,61
25140265,Le Van Khanh,2.43,6.08,0,2004-07-10,KT,K21,0,129,68
25140266,Duong Van Dung,2.88,7.2,0,2004-10-29,QTKD,K23,0,82,63
25140267,Mai Thi Thao,2.39,5.98,0,2007-11-22,KT,K21,0,145,69
25140268,Ngo Thi Binh,1.96,4.9,0,2003-08-05,KT,K21,0,50,54
25140269,Duong Van Trang,2.65,6.62,0,2002-01-27,QTKD,K22,0,66,62
25140270,Pham Thi Binh,2.7,6.75,1,2007-10-18,DTVT,K25,0,142,69
25140271,Le Van Vy,2.97,7.43,1,2006-02-16,KTPM,K23,0,55,97
25140272,Ngo Thi Vy,3.82,9.55,0,2003-10-19,HTTT,K21,0,30,56
25140273,Pham Thi Giang,3.27,8.18,1,2007-08-11,KTMT,K24,0,138,93
25140274,Ngo Thi Phuc,2.13,5.32,0,2003-10-02,QTKD,K25,0,62,94
25140275,Dang Van Giang,2.68,6.7,0,2001-06-05,CNOT,K22,0,55,62
25140276,Bui Thi Chi,1.59,3.98,0,2002-05-23,KTMT,K24,1,58,50
25140277,Do Van Nam,1.92,4.8,1,2007-10-28,KT,K23,0,105,95
25140278,Le Van Minh,3.08,7.7,0,2002-04-19,KHMT,K22,0,143,60
25140279,Pham Thi Nam,2.1,5.25,0,2001-11-28,QTKD,K24,0,121,85
25140280,Duong Van Son,1.62,4.05,1,2002-06-13,CKM,K25,0,137,61
25140281,Truong Van Quan,2.59,6.47,1,2007-12-29,HTTT,K25,0,82,99
25140282,Nguyen Van Giang,1.8,4.5,1,2007-08-16,KT,K25,0,63,71
25140283,Pham Thi Ngoc,3.6,9.0,0,2003-01-29,KTMT,K25,0,135,77
25140284,Dang Van Son,3.04,7.6,1,2004-07-08,DTVT,K25,1,33,52
25140285,Huynh Van Linh,3.23,8.07,1,2001-01-08,KHMT,K24,0,113,94
25140286,Huynh Van Thao,3.44,8.6,1,2007-05-20,KHMT,K23,1,106,99
25140287,Dang Van Dung,3.04,7.6,0,2003-08-27,CNTT,K22,0,83,52
25140288,Mai Thi Linh,3.15,7.88,1,2007-07-15,CKM,K21,0,95,97
25140289,Tran Thi Linh,3.75,9.38,1,2004-10-30,CNOT,K22,0,48,68
25140290,Dang Van Thao,1.74,4.35,1,2001-07-21,KT,K22,0,117,64
25140291,Ngo Thi Chi,3.64,9.1,1,2004-02-05,KHMT,K23,0,109,65
25140292,Truong Van Ngoc,3.06,7.65,1,2002-08-13,HTTT,K22,0,144,66
25140293,Dang Van An,2.98,7.45,0,2007-05-31,CNTT,K25,0,123,62
25140294,Truong Van Duc,3.74,9.35,0,2003-04-30,CKM,K22,0,59,100
25140295,Ngo Thi Dung,2.26,5.65,0,2003-07-03,KHMT,K22,0,107,95
25140296,Truong Van Quan,3.24,8.1,0,2007-01-29,HTTT,K25,0,146,64
25140297,Vo Thi Giang,3.31,8.28,0,2007-06-16,HTTT,K24,0,105,84
25140298,Ngo Thi Khanh,2.39,5.98,1,2003-11-21,KTMT,K24,1,100,55
25140299,Duong Van Tuan,1.78,4.45,0,2007-02-16,CNOT,K24,0,107,88
25140300,Do Van Minh,2.47,6.18,0,2001-06-02,QTKD,K21,0,135,86
25140301,Bui Thi Tuan,2.23,5.58,0,2003-02-08,DTVT,K21,0,143,56
25140302,Do Van Chi,3.46,8.65,1,2006-01-30,DTVT,K24,1,62,61
25140303,Hoang Van Binh,2.87,7.18,0,2006-05-29,KHMT,K21,0,62,56
25140304,Hoang Van Ngoc,3.14,7.85,1,2007-08-14,KHMT,K24,0,130,57
25140305,Do Van Thao,3.18,7.95,1,2006-02-19,QTKD,K23,0,146,91
25140306,Mai Thi Hieu,1.65,4.12,1,2006-01-26,CNTT,K22,0,60,97
25140307,Phan Thi Binh,3.16,7.9,0,2003-02-18,KTMT,K22,0,50,78
25140308,Phan Thi Minh,3.7,9.25,0,2007-06-23,KT,K25,1,94,72
25140309,Pham Thi Quan,2.59,6.47,1,2006-02-15,HTTT,K22,0,64,86
25140310,Do Van Binh,3.92,9.8,1,2006-01-21,QTKD,K25,0,87,72
25140311,Mai Thi Dung,3.31,8.28,1,2005-04-09,DTVT,K24,0,50,62
25140312,Bui Thi Hieu,3.11,7.77,0,2002-08-10,QTKD,K23,0,77,78
25140313,Nguyen Van Vy,3.1,7.75,1,2006-09-13,KT,K21,0,67,81
25140314,Pham Thi Phuc,1.59,3.98,1,2002-09-09,CNOT,K22,0,61,57
25140315,Vo Thi Giang,3.67,9.18,1,2002-11-16,CNTT,K23,0,59,56
25140316,Ngo Thi Giang,3.22,8.05,0,2001-01-16,CKM,K22,0,109,80
25140317,Le Van Khanh,2.8,7.0,1,2001-05-09,DTVT,K22,0,137,63
25140318,Mai Thi Khanh,3.13,7.82,1,2004-05-24,KHMT,K21,0,141,74
25140319,Duong Van Hieu,2.73,6.83,1,2003-01-28,CNTT,K24,1,68,59
25140320,Do Van Hai,1.87,4.68,1,2007-12-20,KTMT,K22,0,97,62
25140321,Le Van Phuc,3.15,7.88,1,2002-12-19,CKM,K24,0,139,62
25140322,Nguyen Van Hieu,1.52,3.8,0,2004-08-01,KTPM,K21,0,83,81
25140323,Truong Van Tuan,1.93,4.83,0,2007-06-30,KTMT,K21,0,39,89
25140324,Truong Van Nam,3.61,9.03,0,2004-06-09,KHMT,K23,0,66,79
25140325,Phan Thi Binh,3.69,9.22,1,2004-02-11,CKM,K21,0,96,100
25140326,Hoang Van Hai,3.86,9.65,0,2003-03-30,HTTT,K25,0,105,78
25140327,Nguyen Van An,3.75,9.38,1,2003-07-17,DTVT,K23,0,126,96
25140328,Huynh Van Tuan,2.8,7.0,1,2007-01-02,KT,K21,0,86,54
25140329,Nguyen Van Hieu,3.95,9.88,0,2003-12-19,KTMT,K24,0,138,98
25140330,Mai Thi Chi,3.62,9.05,0,2002-10-30,KHMT,K22,0,125,67
25140331,Huynh Van Linh,3.15,7.88,1,2005-07-13,KTPM,K21,0,132,55
25140332,Le Van Hieu,3.71,9.28,1,2004-11-21,CNTT,K21,0,85,92
25140333,Mai Thi Vy,3.68,9.2,1,2006-09-13,KT,K23,0,127,69
25140334,Pham Thi Minh,3.51,8.77,1,2007-06-01,QTKD,K24,0,54,96
25140335,Ngo Thi Hai,3.97,9.93,1,2006-01-13,CNTT,K21,0,40,56
25140336,Phan Thi Dung,3.18,7.95,1,2002-04-15,CKM,K22,1,69,69
25140337,Phan Thi Vy,2.02,5.05,1,2001-06-05,HTTT,K23,0,43,64
25140338,Bui Thi Khanh,3.86,9.65,0,2006-09-25,KTMT,K22,0,42,99
25140339,Ngo Thi Phuc,1.78,4.45,0,2007-05-04,KTMT,K23,1,48,55
25140340,Tran Thi Son,3.79,9.47,1,2003-08-06,CKM,K21,0,92,66
25140341,Do Van Giang,1.52,3.8,1,2007-08-06,KTMT,K25,0,49,70
25140342,Hoang Van Khanh,2.61,6.52,1,2001-12-31,QTKD,K23,0,105,80
25140343,Dang Van Giang,3.49,8.73,1,2007-06-12,DTVT,K24,0,150,70
25140344,Do Van Quan,2.03,5.07,1,2003-11-02,CNTT,K24,0,115,65
25140345,Mai Thi Tuan,2.04,5.1,1,2002-12-16,HTTT,K24,0,109,86
25140346,Pham Thi Binh,2.81,7.03,1,2002-10-25,CKM,K22,0,86,89
25140347,Phan Thi An,2.36,5.9,1,2003-02-24,DTVT,K25,0,55,70
25140348,Mai Thi Vy,3.06,7.65,0,2003-07-22,HTTT,K22,0,130,76
25140349,Le Van Thao,1.62,4.05,1,2001-08-08,CNTT,K25,0,108,58
25140350,Tran Thi Khanh,3.91,9.78,1,2001-03-18,KT,K25,0,36,57
25140351,Ngo Thi Vy,2.6,6.5,1,2004-05-31,CNOT,K22,0,99,99
25140352,Duong Van Thao,1.92,4.8,1,2006-04-22,CKM,K23,0,67,72
25140353,Bui Thi Trang,3.67,9.18,0,2007-06-10,QTKD,K25,0,134,96
25140354,Bui Thi Vy,3.52,8.8,0,2005-12-16,CNOT,K22,1,136,100
25140355,Le Van Son,2.45,6.12,1,2001-09-29,HTTT,K23,0,107,80
25140356,Huynh Van Tuan,2.18,5.45,1,2006-06-17,DTVT,K22,0,58,92
25140357,Ngo Thi Binh,2.44,6.1,0,2005-03-13,CKM,K22,1,88,63
25140358,Vo Thi Vy,1.58,3.95,0,2003-12-01,KTMT,K24,1,69,85
25140359,Phan Thi Linh,1.64,4.1,1,2007-12-16,KHMT,K24,0,121,67
25140360,Pham Thi Khanh,2.08,5.2,1,2003-06-30,KTPM,K21,0,106,53
25140361,Nguyen Van Tuan,2.13,5.32,1,2007-05-10,KHMT,K25,0,84,76
25140362,Vo Thi Trang,2.97,7.43,1,2001-10-25,HTTT,K21,1,117,92
25140363,Le Van Hieu,1.79,4.47,1,2002-02-24,DTVT,K23,0,107,83
25140364,Bui Thi Chi,2.95,7.38,1,2004-06-24,KTPM,K21,1,35,53
25140365,Ngo Thi Vy,1.92,4.8,1,2006-03-13,KHMT,K22,0,102,91
25140366,Bui Thi Ngoc,3.79,9.47,0,2004-08-16,CNOT,K25,0,38,72
25140367,Tran Thi Dung,1.95,4.88,1,2007-03-07,KTMT,K25,1,99,98
25140368,Hoang Van Phuc,1.74,4.35,1,2007-06-04,KHMT,K25,0,30,63
25140369,Hoang Van Minh,2.07,5.17,0,2002-12-22,KT,K24,0,79,84
25140370,Nguyen Van Phuc,2.09,5.22,1,2005-12-21,KT,K22,0,116,56
25140371,Dang Van Tuan,3.52,8.8,0,2007-07-28,CKM,K24,0,82,93
25140372,Truong Van Vy,3.51,8.77,1,2004-09-05,KTPM,K22,0,59,88
25140373,Dang Van Thao,2.81,7.03,1,2007-12-10,KHMT,K24,0,64,56
25140374,Duong Van Tuan,3.42,8.55,1,2005-11-15,DTVT,K22,0,86,100
25140375,Phan Thi Trang,2.45,6.12,0,2004-02-18,KTMT,K23,0,118,54
25140376,Pham Thi Ngoc,3.81,9.53,0,2002-06-08,CKM,K23,0,92,87
25140377,Vo Thi Vy,3.84,9.6,1,2005-09-27,KTMT,K21,0,77,90
25140378,Huynh Van Phuc,2.84,7.1,1,2005-08-13,KHMT,K22,1,125,86
25140379,Do Van Hieu,1.72,4.3,1,2005-04-14,KHMT,K25,1,53,99
25140380,Vo Thi Thao,3.79,9.47,1,2004-09-10,CNOT,K21,0,47,73
25140381,Huynh Van Quan,1.88,4.7,1,2004-02-26,CNTT,K23,0,150,96
25140382,Bui Thi Quan,2.58,6.45,0,2002-04-29,KTPM,K25,0,94,76
25140383,Pham Thi Linh,3.06,7.65,0,2004-09-16,DTVT,K24,0,42,90
25140384,Hoang Van Nam,2.9,7.25,1,2006-04-19,DTVT,K23,0,137,57
25140385,Tran Thi Vy,1.87,4.68,1,2002-08-05,CKM,K24,0,60,61
25140386,Nguyen Van Giang,3.01,7.52,0,2003-07-15,CKM,K22,0,63,52
25140387,Phan Thi Linh,2.11,5.27,0,2006-07-30,QTKD,K23,0,65,54
25140388,Do Van An,3.07,7.67,0,2001-09-21,CKM,K25,0,121,94
25140389,Bui Thi Giang,1.81,4.53,1,2003-06-26,CNTT,K24,1,99,96
25140390,Truong Van Tuan,3.13,7.82,0,2001-11-15,KTMT,K23,0,136,93
25140391,Do Van Chi,2.47,6.18,0,2004-12-05,KTMT,K24,0,104,55
25140392,Phan Thi Quan,3.79,9.47,0,2002-01-16,CNOT,K23,0,99,64
25140393,Bui Thi Ngoc,2.16,5.4,1,2004-10-20,CKM,K25,0,60,58
25140394,Nguyen Van Quan,3.89,9.72,0,2007-07-06,KHMT,K23,0,81,97
25140395,Vo Thi An,1.53,3.83,1,2005-07-29,CNTT,K25,1,55,51
25140396,Vo Thi Trang,3.92,9.8,1,2007-10-17,KT,K24,0,99,71
25140397,Pham Thi Khanh,2.88,7.2,0,2003-10-02,QTKD,K22,0,148,65
25140398,Tran Thi Binh,3.72,9.3,0,2007-12-12,KT,K25,0,37,92
25140399,Ngo Thi Vy,2.67,6.67,1,2006-07-26,CNTT,K21,0,37,67
25140400,Ngo Thi Vy,2.08,5.2,1,2003-06-28,CKM,K21,0,105,65
25140401,Phan Thi Quan,1.86,4.65,0,2001-03-16,DTVT,K21,0,138,81
25140402,Vo Thi Ngoc,3.32,8.3,1,2006-08-16,KTMT,K21,0,116,98
25140403,Le Van Son,1.96,4.9,0,2006-12-12,QTKD,K21,0,134,82
25140404,Hoang Van Ngoc,3.18,7.95,0,2007-03-04,KTPM,K24,0,68,75
25140405,Hoang Van Giang,1.6,4.0,1,2005-06-12,QTKD,K24,1,143,69
25140406,Le Van Quan,3.73,9.32,0,2001-09-11,HTTT,K24,0,60,86
25140407,Dang Van Tuan,2.57,6.42,0,2004-04-13,CNOT,K23,0,45,80
25140408,Le Van Hieu,3.98,9.95,0,2006-09-18,QTKD,K22,0,105,86
25140409,Vo Thi Binh,1.6,4.0,0,2002-05-07,KTPM,K22,0,37,61
25140410,Vo Thi Giang,1.95,4.88,0,2005-02-22,QTKD,K21,0,58,99
25140411,Truong Van Nam,2.76,6.9,0,2003-01-24,DTVT,K21,0,31,64
25140412,Vo Thi Binh,2.47,6.18,0,2005-11-07,QTKD,K25,0,33,76
25140413,Ngo Thi Binh,3.03,7.57,0,2005-03-22,KTPM,K21,0,39,84
25140414,Do Van Dung,3.29,8.22,0,2002-04-14,CKM,K25,1,81,62
25140415,Hoang Van Duc,2.79,6.97,0,2001-02-03,QTKD,K22,0,115,69
25140416,Dang Van Ngoc,3.49,8.73,0,2003-07-03,KHMT,K25,0,42,97
25140417,Phan Thi Dung,3.36,8.4,1,2001-07-27,CNTT,K24,0,122,83
25140418,Ngo Thi Tuan,1.78,4.45,0,2006-07-25,KHMT,K25,0,84,60
25140419,Truong Van Hieu,3.2,8.0,1,2001-01-20,DTVT,K25,0,111,86
25140420,Nguyen Van Trang,3.18,7.95,1,2002-07-12,QTKD,K21,1,103,75
25140421,Do Van Son,1.56,3.9,1,2007-04-06,CNOT,K23,1,91,87
25140422,Duong Van Khanh,1.78,4.45,1,2005-07-12,DTVT,K23,0,120,95
25140423,Nguyen Van Dung,1.93,4.83,0,2007-05-29,QTKD,K21,1,85,72
25140424,Duong Van Thao,3.23,8.07,1,2006-03-25,CKM,K21,1,41,82
25140425,Bui Thi Linh,2.82,7.05,1,2007-01-30,QTKD,K24,0,86,67
25140426,Le Van Vy,1.68,4.2,0,2005-03-27,QTKD,K22,0,33,94
25140427,Vo Thi Duc,2.78,6.95,1,2004-12-15,KTPM,K21,0,97,97
25140428,Le Van Trang,1.78,4.45,0,2002-06-30,CNTT,K24,0,66,98
25140429,Phan Thi Hieu,1.69,4.22,1,2003-02-09,KT,K23,0,41,61
25140430,Hoang Van Son,2.86,7.15,0,2007-07-27,KTMT,K21,0,62,57
25140431,Bui Thi Hai,3.64,9.1,1,2001-10-28,DTVT,K23,0,128,66
25140432,Ngo Thi Thao,3.9,9.75,1,2006-03-09,DTVT,K22,0,96,86
25140433,Hoang Van Ngoc,2.79,6.97,1,2006-10-19,CNTT,K25,0,111,62
25140434,Ngo Thi Tuan,1.56,3.9,0,2005-02-02,KTMT,K24,0,64,61
25140435,Truong Van Nam,3.87,9.68,1,2004-05-19,KTMT,K24,0,103,97
25140436,Le Van Quan,2.75,6.88,1,2003-11-04,KTMT,K23,1,148,57
25140437,Bui Thi Vy,3.47,8.68,1,2005-04-29,CKM,K25,0,130,60
25140438,Ngo Thi Linh,3.99,9.98,1,2001-08-06,KTMT,K25,0,48,92
25140439,Le Van Tuan,3.42,8.55,1,2001-06-19,HTTT,K25,0,58,91
25140440,Nguyen Van Tuan,3.0,7.5,0,2004-05-22,KT,K25,0,119,83
25140441,Mai Thi Ngoc,2.09,5.22,1,2007-12-11,KTMT,K25,0,122,88
25140442,Do Van Giang,2.33,5.83,0,2003-06-06,QTKD,K22,0,57,52
25140443,Bui Thi Thao,2.88,7.2,1,2006-07-21,DTVT,K25,0,108,68
25140444,Dang Van Binh,1.94,4.85,1,2006-07-06,HTTT,K23,0,53,51
25140445,Phan Thi Khanh,2.57,6.42,0,2001-10-07,QTKD,K25,1,91,83
25140446,Pham Thi Tuan,2.96,7.4,0,2007-04-01,HTTT,K21,0,130,59
25140447,Vo Thi Son,2.25,5.62,1,2003-12-05,KHMT,K21,0,60,54
25140448,Phan Thi Hai,2.81,7.03,0,2001-07-11,KHMT,K21,0,125,85
25140449,Le Van Ngoc,2.98,7.45,0,2003-10-03,DTVT,K25,0,56,69
25140450,Do Van Nam,1.75,4.38,1,2005-09-30,HTTT,K22,0,35,66
25140451,Nguyen Van Minh,2.46,6.15,1,2001-06-17,HTTT,K25,0,81,81
25140452,Bui Thi Ngoc,2.42,6.05,0,2005-11-06,HTTT,K22,0,37,72
25140453,Hoang Van Ngoc,3.98,9.95,1,2002-11-20,DTVT,K24,0,57,82
25140454,Nguyen Van Giang,3.74,9.35,1,2001-03-07,DTVT,K21,0,80,80
25140455,Hoang Van Phuc,1.63,4.07,0,2005-08-09,QTKD,K24,0,133,73
25140456,Hoang Van Binh,2.37,5.93,0,2003-09-06,KT,K22,0,60,67
25140457,Duong Van Giang,2.66,6.65,1,2006-10-17,KT,K24,0,136,72
25140458,Hoang Van Hai,3.51,8.77,1,2002-03-25,KTMT,K25,0,41,80
25140459,Bui Thi Tuan,3.04,7.6,1,2002-08-19,KT,K25,0,32,55
25140460,Dang Van Quan,3.64,9.1,1,2002-09-19,KT,K25,0,63,55
25140461,Ngo Thi Nam,3.2,8.0,0,2001-07-10,HTTT,K22,0,64,85
25140462,Le Van Quan,3.69,9.22,0,2004-02-26,KTPM,K21,0,146,72
25140463,Do Van Chi,1.56,3.9,0,2001-11-29,DTVT,K21,0,140,75
25140464,Mai Thi Hieu,2.13,5.32,0,2002-04-25,QTKD,K23,0,145,84
25140465,Ngo Thi Khanh,2.2,5.5,0,2006-08-28,CKM,K23,0,150,94
25140466,Pham Thi Linh,2.36,5.9,0,2001-06-17,KHMT,K24,0,139,90
25140467,Mai Thi Vy,3.8,9.5,1,2005-06-07,CNTT,K23,0,40,98
25140468,Mai Thi Vy,3.17,7.92,1,2004-10-07,CNTT,K22,0,62,91
25140469,Vo Thi Thao,3.38,8.45,1,2004-03-06,CNTT,K24,0,103,93
25140470,Vo Thi Ngoc,2.18,5.45,0,2004-10-10,DTVT,K22,0,141,80
25140471,Mai Thi Phuc,2.81,7.03,0,2004-08-31,KTPM,K25,0,37,55
25140472,Pham Thi Nam,3.29,8.22,0,2004-10-21,CKM,K24,0,96,72
25140473,Bui Thi Hai,1.98,4.95,1,2005-05-13,KTPM,K23,0,50,95
25140474,Phan Thi Vy,3.11,7.77,0,2005-02-02,QTKD,K25,0,146,77
25140475,Huynh Van An,1.68,4.2,0,2006-10-31,CKM,K22,0,116,91
25140476,Duong Van Giang,1.8,4.5,0,2005-07-27,KHMT,K21,0,62,95
25140477,Le Van Dung,2.07,5.17,1,2002-08-02,QTKD,K23,0,147,86
25140478,Do Van Ngoc,2.68,6.7,1,2006-04-11,KTMT,K24,0,133,52
25140479,Bui Thi Duc,2.87,7.18,0,2005-05-19,KHMT,K21,0,112,85
25140480,Mai Thi Nam,3.55,8.88,1,2005-07-01,KT,K21,0,81,67
25140481,Phan Thi Giang,3.65,9.12,1,2002-10-14,QTKD,K25,0,110,54
25140482,Hoang Van Hieu,3.98,9.95,1,2007-04-01,DTVT,K24,0,61,90
25140483,Do Van Ngoc,1.78,4.45,0,2006-08-22,CNOT,K25,0,131,70
25140484,Truong Van Quan,2.33,5.83,0,2004-05-10,CKM,K21,0,123,52
25140485,Phan Thi An,3.68,9.2,1,2006-10-26,CKM,K24,1,52,94
25140486,Dang Van Minh,2.48,6.2,0,2001-09-05,KTPM,K25,0,115,69
25140487,Bui Thi Nam,3.48,8.7,0,2004-11-29,CNOT,K25,0,52,72
25140488,Do Van Hai,3.68,9.2,0,2006-05-29,HTTT,K23,0,114,94
25140489,Le Van Vy,1.94,4.85,1,2007-06-28,QTKD,K23,0,59,75
25140490,Ngo Thi Trang,3.16,7.9,1,2005-04-21,HTTT,K21,0,85,87
25140491,Truong Van Nam,3.48,8.7,0,2003-05-15,KTPM,K22,0,62,68
25140492,Ngo Thi Ngoc,1.63,4.07,1,2007-12-25,KHMT,K24,0,121,90
25140493,Bui Thi Dung,2.79,6.97,0,2001-10-17,QTKD,K23,0,33,95
25140494,Ngo Thi Quan,3.89,9.72,1,2006-10-24,QTKD,K22,0,150,85
25140495,Pham Thi Nam,3.26,8.15,1,2005-08-31,KTMT,K24,0,31,96
25140496,Phan Thi Hai,3.56,8.9,1,2002-01-04,QTKD,K23,0,73,75
25140497,Huynh Van An,2.31,5.78,0,2001-09-02,CNOT,K21,0,72,96
25140498,Hoang Van Hieu,3.02,7.55,0,2004-05-02,CNTT,K25,0,69,97
25140499,Mai Thi Vy,3.75,9.38,0,2007-06-08,CKM,K24,0,130,52
25140500,Nguyen Van Linh,3.28,8.2,1,2007-07-02,DTVT,K25,0,45,75
25140501,Ngo Thi Linh,1.58,3.95,0,2002-11-14,QTKD,K22,1,146,87
25140502,Do Van Duc,2.27,5.67,0,2006-11-21,HTTT,K24,0,60,50
25140503,Hoang Van Giang,3.76,9.4,0,2004-03-18,KTPM,K21,1,106,65
25140504,Dang Van Linh,3.36,8.4,0,2004-10-05,KTMT,K24,0,81,98
25140505,Dang Van Phuc,1.8,4.5,0,2007-01-08,CNTT,K21,0,140,56
25140506,Ngo Thi Khanh,3.68,9.2,0,2003-08-04,CKM,K21,0,72,91
25140507,Le Van Binh,2.5,6.25,0,2001-10-12,HTTT,K24,0,135,69
25140508,Vo Thi Linh,3.81,9.53,0,2006-06-17,KT,K25,0,150,51
25140509,Nguyen Van Linh,1.55,3.88,0,2005-07-29,CNOT,K24,0,41,68
25140510,Dang Van Dung,3.56,8.9,1,2004-12-19,KT,K21,0,70,80
25140511,Vo Thi Chi,1.74,4.35,0,2004-04-21,CKM,K22,0,53,75
25140512,Do Van Son,2.87,7.18,0,2001-06-17,HTTT,K22,0,127,54
25140513,Hoang Van Son,1.82,4.55,0,2004-05-30,CKM,K25,0,38,78
25140514,Truong Van Binh,3.83,9.57,0,2004-07-08,CNOT,K22,0,89,53
25140515,Bui Thi Phuc,3.54,8.85,1,2005-07-27,CNOT,K22,0,132,61
25140516,Truong Van Nam,2.08,5.2,0,2001-02-16,CNTT,K21,0,53,98
25140517,Duong Van Thao,2.92,7.3,1,2001-01-13,KT,K25,0,61,93
25140518,Truong Van Linh,1.91,4.77,0,2002-08-17,KTPM,K24,0,124,93
25140519,Bui Thi Nam,2.16,5.4,1,2006-11-14,CKM,K24,0,100,97
25140520,Do Van An,3.31,8.28,1,2007-12-14,CKM,K22,1,121,66
25140521,Tran Thi Son,1.65,4.12,1,2004-07-06,CKM,K23,0,39,57
25140522,Pham Thi Quan,3.38,8.45,1,2004-07-26,DTVT,K21,0,111,66
25140523,Ngo Thi Trang,2.82,7.05,1,2003-04-25,KT,K25,0,37,70
25140524,Bui Thi Phuc,1.8,4.5,0,2004-08-12,KTMT,K25,0,64,62
25140525,Phan Thi Minh,3.48,8.7,0,2006-03-23,QTKD,K22,0,91,84
25140526,Nguyen Van Binh,2.43,6.08,0,2003-08-30,CNTT,K24,1,125,99
25140527,Truong Van Giang,3.25,8.12,1,2002-03-13,CNTT,K21,0,69,84
25140528,Le Van Ngoc,3.94,9.85,0,2001-08-08,KT,K24,0,84,83
25140529,Le Van Vy,2.85,7.12,1,2001-09-06,HTTT,K24,0,122,96
25140530,Le Van Ngoc,2.23,5.58,0,2005-05-15,KT,K21,0,84,69
25140531,Pham Thi Hai,1.99,4.97,0,2003-08-11,KT,K21,0,91,69
25140532,Le Van Chi,3.55,8.88,1,2002-03-31,QTKD,K21,0,127,70
25140533,Truong Van Vy,2.91,7.28,1,2001-03-21,CNTT,K21,0,132,84
25140534,Huynh Van Trang,2.75,6.88,1,2006-12-19,HTTT,K25,0,55,89
25140535,Do Van Ngoc,3.65,9.12,0,2007-07-17,CNOT,K21,0,64,70
25140536,Huynh Van Quan,1.93,4.83,0,2006-03-10,QTKD,K23,0,108,51
25140537,Hoang Van Hai,1.55,3.88,0,2002-06-15,KTPM,K22,0,70,53
25140538,Le Van An,1.78,4.45,0,2003-01-26,QTKD,K21,0,110,72
25140539,Vo Thi Hai,2.61,6.52,1,2007-02-19,KTPM,K23,0,87,57
25140540,Bui Thi Hieu,3.82,9.55,1,2002-08-31,KHMT,K25,0,65,57
25140541,Bui Thi Minh,2.08,5.2,1,2007-08-15,KTPM,K21,0,131,98
25140542,Dang Van Tuan,1.95,4.88,1,2005-05-19,KTPM,K23,0,81,59
25140543,Truong Van Phuc,2.81,7.03,0,2005-07-24,KT,K22,0,130,55
25140544,Tran Thi Dung,3.12,7.8,1,2007-04-11,KHMT,K21,0,62,97
25140545,Bui Thi Giang,2.0,5.0,1,2004-11-29,QTKD,K24,0,61,67
25140546,Duong Van Chi,2.05,5.12,1,2004-05-26,CKM,K22,0,126,53
25140547,Huynh Van Tuan,1.59,3.98,1,2001-01-08,DTVT,K23,0,48,56
25140548,Tran Thi Ngoc,3.33,8.32,1,2004-02-18,HTTT,K23,0,145,68
25140549,Nguyen Van Vy,1.74,4.35,0,2005-01-08,KTPM,K22,1,97,61
25140550,Mai Thi Nam,1.87,4.68,0,2004-11-27,QTKD,K22,0,143,52
25140551,Mai Thi Linh,3.78,9.45,0,2006-10-30,HTTT,K24,0,138,63
25140552,Vo Thi Minh,1.66,4.15,0,2006-04-05,KTMT,K21,0,87,70
25140553,Dang Van Phuc,2.57,6.42,0,2001-05-12,DTVT,K24,0,32,91
25140554,Ngo Thi Duc,3.22,8.05,1,2003-10-10,KT,K21,0,64,69
25140555,Ngo Thi Minh,2.1,5.25,1,2007-11-29,DTVT,K21,0,47,77
25140556,Do Van Thao,3.97,9.93,0,2002-03-07,CNTT,K24,0,43,84
25140557,Huynh Van Linh,3.66,9.15,1,2005-05-13,KTMT,K22,0,66,54
25140558,Ngo Thi Ngoc,1.94,4.85,0,2003-03-20,KHMT,K25,0,109,98
25140559,Truong Van Son,2.19,5.47,1,2004-11-03,KTMT,K24,0,108,82
25140560,Mai Thi Dung,2.81,7.03,1,2003-01-10,KTPM,K23,0,150,55
25140561,Vo Thi Trang,2.98,7.45,1,2003-05-19,KTMT,K21,1,87,97
25140562,Phan Thi Quan,3.14,7.85,0,2002-01-08,KHMT,K23,0,85,85
25140563,Bui Thi Nam,2.48,6.2,0,2001-10-15,QTKD,K24,0,80,93
25140564,Pham Thi An,3.62,9.05,0,2006-06-20,CNOT,K25,0,32,63
25140565,Nguyen Van Minh,1.98,4.95,1,2002-09-26,CNOT,K25,0,117,79
25140566,Hoang Van Giang,3.09,7.72,0,2004-12-18,KT,K24,0,35,82
25140567,Vo Thi Nam,2.66,6.65,1,2004-06-15,CKM,K25,1,103,100
25140568,Ngo Thi Duc,3.65,9.12,1,2005-10-28,DTVT,K25,1,89,64
25140569,Pham Thi Minh,2.92,7.3,0,2007-11-13,DTVT,K24,0,64,91
25140570,Le Van Hieu,2.77,6.92,0,2004-11-03,KTPM,K24,0,75,57
25140571,Duong Van Giang,3.48,8.7,0,2002-12-09,KTMT,K22,0,46,86
25140572,Hoang Van Duc,3.97,9.93,0,2005-01-31,HTTT,K22,1,69,82
25140573,Pham Thi Binh,3.14,7.85,0,2003-05-12,KTMT,K22,0,100,73
25140574,Mai Thi Minh,1.77,4.42,1,2001-02-13,KTMT,K22,0,146,96
25140575,Hoang Van Chi,2.3,5.75,1,2004-12-20,KT,K21,0,117,64
25140576,Bui Thi Binh,3.88,9.7,0,2003-04-08,QTKD,K21,0,147,82
25140577,Ngo Thi Duc,2.63,6.57,0,2003-09-25,CNOT,K21,0,140,80
25140578,Vo Thi Trang,2.35,5.88,1,2007-10-20,KHMT,K24,0,126,61
25140579,Vo Thi Hieu,2.52,6.3,0,2007-07-06,HTTT,K22,0,122,59
25140580,Dang Van Khanh,3.31,8.28,0,2002-04-23,QTKD,K22,0,85,66
25140581,Ngo Thi Son,2.68,6.7,1,2003-06-29,CNOT,K22,0,57,78
25140582,Dang Van Khanh,1.96,4.9,1,2001-03-30,CKM,K24,0,93,57
25140583,Dang Van Tuan,2.5,6.25,1,2006-09-05,DTVT,K23,0,62,69
25140584,Truong Van Son,1.88,4.7,0,2006-11-10,KHMT,K25,0,144,71
25140585,Mai Thi Phuc,2.77,6.92,0,2004-07-22,HTTT,K22,0,131,57
25140586,Dang Van Trang,2.32,5.8,1,2005-02-19,KTPM,K25,0,44,50
25140587,Do Van Phuc,2.2,5.5,0,2003-09-30,HTTT,K25,0,72,59
25140588,Do Van Quan,3.78,9.45,1,2006-02-13,HTTT,K22,0,102,76
25140589,Duong Van Ngoc,2.31,5.78,0,2004-07-09,QTKD,K25,0,97,67
25140590,Do Van Duc,3.05,7.62,1,2002-04-24,CKM,K24,0,100,60
25140591,Pham Thi Chi,3.67,9.18,1,2006-01-14,HTTT,K25,0,92,91
25140592,Dang Van Giang,3.79,9.47,1,2002-07-09,QTKD,K22,1,53,77
25140593,Phan Thi Linh,2.51,6.27,0,2002-10-20,KHMT,K21,0,73,61
25140594,Vo Thi Giang,1.9,4.75,0,2004-05-14,CNTT,K22,0,64,61
25140595,Truong Van Chi,1.98,4.95,0,2004-04-15,CNTT,K24,0,38,66
25140596,Do Van Giang,2.7,6.75,1,2003-12-15,HTTT,K24,0,113,77
25140597,Ngo Thi Minh,3.7,9.25,1,2005-09-16,KTPM,K24,0,79,74
25140598,Pham Thi Nam,2.64,6.6,0,2005-09-30,CKM,K21,0,128,91
25140599,Pham Thi Thao,2.0,5.0,1,2003-02-28,KTMT,K24,0,104,79
25140600,Dang Van Khanh,3.82,9.55,0,2005-08-14,KTPM,K23,0,61,58
25140601,Nguyen Van Linh,3.86,9.65,0,2003-08-21,KTPM,K21,0,47,77
25140602,Do Van Quan,3.02,7.55,1,2006-03-25,QTKD,K25,0,126,95
25140603,Truong Van Trang,2.25,5.62,1,2006-03-25,KT,K23,0,67,72
25140604,Dang Van Linh,3.76,9.4,1,2002-08-01,CNTT,K24,0,69,80
25140605,Mai Thi Binh,3.15,7.88,1,2003-06-21,KT,K22,0,115,95
25140606,Ngo Thi Quan,3.66,9.15,1,2003-08-07,KTPM,K23,0,85,82
25140607,Mai Thi Giang,2.52,6.3,0,2004-08-25,CNOT,K25,0,67,77
25140608,Vo Thi Thao,3.65,9.12,0,2004-03-19,QTKD,K25,0,70,100
25140609,Nguyen Van Duc,2.82,7.05,1,2006-07-28,KTPM,K25,0,100,83
25140610,Phan Thi Dung,3.24,8.1,0,2001-01-01,HTTT,K24,1,75,68
25140611,Ngo Thi Tuan,3.2,8.0,0,2003-09-23,HTTT,K24,0,144,70
25140612,Bui Thi Hai,2.48,6.2,0,2003-03-10,KTMT,K25,1,49,80
25140613,Hoang Van Thao,1.77,4.42,0,2006-06-04,KTMT,K24,0,108,71
25140614,Vo Thi Minh,3.63,9.07,0,2003-10-16,KTMT,K23,0,122,100
25140615,Huynh Van Tuan,2.96,7.4,1,2006-11-27,KTPM,K25,0,60,56
25140616,Hoang Van Nam,2.3,5.75,0,2006-11-16,HTTT,K25,0,62,99
25140617,Do Van Duc,3.87,9.68,1,2004-06-01,KT,K22,1,39,97
25140618,Duong Van Ngoc,3.71,9.28,0,2004-12-14,CKM,K21,0,31,67
25140619,Phan Thi Phuc,2.42,6.05,0,2001-07-25,CNOT,K25,0,91,76
25140620,Phan Thi Son,2.43,6.08,1,2003-05-21,CNOT,K24,0,123,68
25140621,Le Van Khanh,2.52,6.3,0,2004-01-26,QTKD,K25,1,66,80
25140622,Truong Van Quan,1.86,4.65,1,2001-12-02,CNOT,K24,0,65,66
25140623,Nguyen Van Hai,2.38,5.95,0,2004-09-22,CNTT,K24,0,31,55
25140624,Pham Thi Khanh,3.98,9.95,1,2005-01-28,KT,K25,0,114,80
25140625,Dang Van Duc,1.57,3.93,1,2003-04-28,CKM,K21,1,150,68
25140626,Pham Thi Giang,3.14,7.85,1,2003-12-29,DTVT,K24,0,150,75
25140627,Ngo Thi Linh,1.57,3.93,1,2007-02-22,QTKD,K21,0,74,99
25140628,Tran Thi Chi,3.49,8.73,0,2007-04-03,HTTT,K24,0,31,92
25140629,Hoang Van Phuc,3.65,9.12,1,2001-05-13,KHMT,K21,0,75,90
25140630,Phan Thi Giang,1.82,4.55,1,2006-10-06,CNTT,K24,0,150,60
25140631,Le Van Binh,3.93,9.83,0,2006-07-14,KT,K22,0,70,67
25140632,Vo Thi An,3.51,8.77,1,2005-09-11,KHMT,K23,0,122,80
25140633,Truong Van Linh,3.3,8.25,0,2001-06-30,HTTT,K22,0,125,55
25140634,Hoang Van Son,3.43,8.58,1,2003-08-05,QTKD,K22,0,80,50
25140635,Nguyen Van Linh,1.67,4.17,1,2003-02-19,CNOT,K25,0,80,73
25140636,Huynh Van Hieu,3.53,8.82,1,2001-12-01,QTKD,K23,0,76,74
25140637,Dang Van Trang,2.88,7.2,0,2006-05-31,KTMT,K23,0,133,50
25140638,Vo Thi Ngoc,1.82,4.55,1,2007-09-12,KTMT,K22,1,108,87
25140639,Bui Thi An,2.73,6.83,0,2007-09-30,KT,K21,0,60,70
25140640,Do Van Ngoc,2.39,5.98,0,2004-02-23,KHMT,K23,0,44,57
25140641,Dang Van Thao,2.45,6.12,0,2004-11-13,HTTT,K21,0,124,64
25140642,Duong Van Giang,3.29,8.22,1,2001-09-17,DTVT,K21,1,30,89
25140643,Pham Thi Hai,2.73,6.83,0,2006-09-23,CNOT,K21,1,78,67
25140644,Hoang Van Thao,2.5,6.25,0,2006-03-20,CNTT,K22,0,67,90
25140645,Hoang Van Giang,1.87,4.68,0,2006-08-26,HTTT,K23,0,66,96
25140646,Phan Thi Khanh,2.02,5.05,0,2003-06-09,QTKD,K23,0,30,70
25140647,Phan Thi Chi,3.41,8.53,1,2001-08-10,DTVT,K23,1,135,55
25140648,Truong Van Tuan,1.7,4.25,1,2007-12-28,DTVT,K22,0,118,98
25140649,Tran Thi Son,3.05,7.62,1,2003-10-18,CNTT,K25,0,67,99
25140650,Hoang Van Minh,3.87,9.68,1,2002-04-10,CNTT,K25,0,127,96
25140651,Vo Thi Linh,2.0,5.0,1,2007-02-16,KTPM,K24,0,62,85
25140652,Vo Thi Vy,3.72,9.3,0,2007-06-30,KHMT,K25,0,66,54
25140653,Vo Thi An,3.31,8.28,1,2004-11-20,CKM,K21,0,119,52
25140654,Vo Thi Nam,2.46,6.15,1,2007-10-12,KHMT,K22,0,117,60
25140655,Dang Van Duc,1.6,4.0,1,2005-12-26,KTMT,K22,0,80,50
25140656,Huynh Van An,2.65,6.62,1,2003-07-04,QTKD,K22,0,127,84
25140657,Do Van Minh,3.65,9.12,0,2001-02-23,CKM,K21,0,76,63
25140658,Tran Thi Hieu,2.01,5.02,0,2007-02-26,KHMT,K25,0,47,99
25140659,Le Van Tuan,3.63,9.07,0,2001-12-24,KTMT,K25,0,96,91
25140660,Phan Thi Binh,2.09,5.22,0,2006-06-23,DTVT,K21,0,89,87
25140661,Duong Van An,2.6,6.5,1,2002-05-30,KT,K21,0,106,63
25140662,Phan Thi Duc,2.81,7.03,1,2002-07-26,KTPM,K24,1,43,90
25140663,Do Van Quan,2.3,5.75,1,2007-01-31,QTKD,K24,0,57,61
25140664,Ngo Thi Thao,1.88,4.7,0,2004-12-16,KTPM,K24,1,63,71
25140665,Mai Thi Nam,2.13,5.32,1,2004-11-30,CNOT,K25,0,114,88
25140666,Duong Van Linh,1.84,4.6,1,2004-01-21,CNTT,K23,0,101,53
25140667,Hoang Van Hieu,3.56,8.9,0,2001-09-10,KTPM,K25,1,76,98
25140668,Nguyen Van Nam,2.79,6.97,1,2006-09-08,DTVT,K25,0,33,59
25140669,Nguyen Van Giang,3.18,7.95,0,2006-08-20,DTVT,K24,0,49,77
25140670,Duong Van Phuc,2.01,5.02,1,2005-02-04,CNTT,K21,0,110,54
25140671,Do Van Phuc,1.74,4.35,0,2002-07-11,HTTT,K24,0,111,79
25140672,Phan Thi Linh,3.25,8.12,0,2004-09-05,KT,K24,0,70,51
25140673,Tran Thi Hieu,3.14,7.85,0,2002-02-22,KT,K21,1,136,82
25140674,Mai Thi Hai,2.54,6.35,0,2003-02-28,CKM,K23,0,144,83
25140675,Ngo Thi Khanh,1.67,4.17,1,2002-05-17,CNOT,K22,0,136,99
25140676,Truong Van Hai,3.42,8.55,1,2007-11-05,CKM,K23,0,124,69
25140677,Dang Van Duc,3.02,7.55,1,2002-08-27,CNTT,K22,1,113,64
25140678,Le Van Hai,2.78,6.95,0,2004-07-02,KT,K24,0,99,81
25140679,Tran Thi Hai,2.72,6.8,0,2004-10-23,KT,K25,0,100,73
25140680,Duong Van Giang,2.78,6.95,0,2004-12-05,KTMT,K21,0,31,86
25140681,Duong Van Chi,3.64,9.1,0,2003-07-26,QTKD,K21,0,119,60
25140682,Vo Thi Son,1.6,4.0,0,2002-10-14,KTPM,K21,0,112,60
25140683,Do Van Phuc,2.23,5.58,0,2006-12-10,KTMT,K23,0,41,93
25140684,Phan Thi Khanh,2.75,6.88,1,2006-05-22,CNTT,K25,0,139,62
25140685,Mai Thi Phuc,2.39,5.98,0,2003-12-29,CNTT,K21,0,35,63
25140686,Pham Thi Tuan,2.41,6.03,0,2006-12-23,CKM,K24,0,41,83
25140687,Le Van Hieu,2.43,6.08,0,2001-08-26,CNOT,K24,0,34,61
25140688,Bui Thi Minh,1.56,3.9,0,2001-03-15,KTMT,K21,0,57,59
25140689,Hoang Van Phuc,3.33,8.32,0,2007-02-09,DTVT,K23,0,48,65
25140690,Tran Thi Nam,2.2,5.5,0,2005-06-17,CKM,K25,0,70,83
25140691,Truong Van Son,3.17,7.92,0,2003-06-21,CNTT,K21,0,92,50
25140692,Vo Thi Minh,2.96,7.4,0,2004-11-21,KTPM,K21,1,146,89
25140693,Ngo Thi Dung,2.46,6.15,0,2007-10-17,KTMT,K24,0,33,55
25140694,Bui Thi Nam,3.97,9.93,1,2002-10-12,QTKD,K25,0,59,79
25140695,Ngo Thi Duc,2.06,5.15,1,2006-06-03,KHMT,K23,0,54,98
25140696,Duong Van Thao,3.63,9.07,1,2005-08-26,KHMT,K22,0,98,73
25140697,Vo Thi Duc,3.46,8.65,0,2005-11-24,CNTT,K24,1,43,60
25140698,Hoang Van Phuc,3.88,9.7,1,2005-08-23,CKM,K21,0,33,90
25140699,Truong Van Chi,3.79,9.47,0,2006-04-09,KHMT,K23,0,118,73
25140700,Tran Thi Ngoc,2.18,5.45,1,2004-04-18,KTPM,K24,0,70,84
25140701,Ngo Thi Son,2.14,5.35,1,2003-08-17,HTTT,K23,0,37,50
25140702,Ngo Thi Minh,1.76,4.4,1,2004-01-10,KHMT,K24,0,112,77
25140703,Do Van Dung,2.04,5.1,1,2007-11-23,KHMT,K24,0,126,94
25140704,Huynh Van Giang,3.92,9.8,0,2004-07-20,KTMT,K25,0,96,58
25140705,Dang Van Giang,3.42,8.55,0,2001-05-25,CNTT,K21,0,49,80
25140706,Truong Van An,3.01,7.52,1,2001-12-21,CKM,K22,0,126,76
25140707,Nguyen Van Vy,2.29,5.72,0,2001-06-09,CNTT,K21,0,130,86
25140708,Vo Thi Phuc,3.5,8.75,1,2006-05-15,QTKD,K21,1,93,77
25140709,Truong Van Phuc,1.81,4.53,0,2007-11-17,KHMT,K21,0,120,78
25140710,Truong Van Ngoc,3.03,7.57,0,2007-05-29,DTVT,K23,1,50,100
25140711,Mai Thi Ngoc,1.58,3.95,1,2003-12-30,KTPM,K23,0,31,74
25140712,Truong Van Quan,3.16,7.9,1,2003-02-18,KT,K24,0,50,90
25140713,Vo Thi Duc,2.57,6.42,1,2005-06-30,CKM,K23,0,38,85
25140714,Tran Thi Binh,2.93,7.33,0,2005-05-03,CNOT,K24,0,141,59
25140715,Mai Thi Hai,2.29,5.72,0,2003-02-09,KHMT,K21,1,121,93
25140716,Pham Thi Minh,1.75,4.38,0,2005-10-14,CNTT,K25,0,133,67
25140717,Bui Thi Hieu,3.28,8.2,1,2005-03-23,KTMT,K23,0,53,75
25140718,Truong Van Son,2.8,7.0,0,2007-12-26,KHMT,K24,0,38,59
25140719,Dang Van Khanh,3.75,9.38,0,2002-06-03,HTTT,K23,1,43,57
25140720,Phan Thi Chi,3.13,7.82,0,2003-12-07,DTVT,K22,0,146,50
25140721,Ngo Thi Tuan,1.95,4.88,0,2003-09-12,KTPM,K22,0,30,55
25140722,Vo Thi Son,2.54,6.35,1,2005-05-27,CKM,K24,0,103,89
25140723,Duong Van Minh,3.69,9.22,0,2004-07-19,CNOT,K25,0,85,97
25140724,Pham Thi Minh,3.94,9.85,0,2007-09-12,KHMT,K24,0,110,69
25140725,Tran Thi Phuc,2.5,6.25,0,2005-07-28,KTPM,K22,0,127,94
25140726,Truong Van Binh,2.22,5.55,0,2003-07-14,HTTT,K23,0,53,69
25140727,Nguyen Van Ngoc,2.8,7.0,1,2003-05-07,CNTT,K21,0,107,90
25140728,Huynh Van Trang,3.69,9.22,1,2006-06-25,DTVT,K25,0,149,50
25140729,Tran Thi Son,3.83,9.57,1,2007-03-22,KT,K22,0,53,87
25140730,Huynh Van Linh,2.09,5.22,0,2002-06-01,KTMT,K24,0,94,93
25140731,Ngo Thi Trang,3.84,9.6,1,2007-10-19,HTTT,K21,0,36,64
25140732,Hoang Van Vy,2.97,7.43,0,2003-01-03,HTTT,K23,0,34,91
25140733,Nguyen Van Ngoc,2.53,6.32,0,2002-07-29,KTMT,K24,1,34,64
25140734,Huynh Van Khanh,3.07,7.67,0,2003-09-09,KTMT,K22,0,44,53
25140735,Phan Thi Vy,3.41,8.53,0,2005-05-26,CNOT,K22,0,135,54
25140736,Phan Thi Trang,2.85,7.12,1,2005-06-24,KTPM,K22,0,131,53
25140737,Mai Thi Hieu,2.36,5.9,0,2002-12-03,KTPM,K22,0,95,94
25140738,Huynh Van Hai,2.4,6.0,0,2001-06-23,QTKD,K25,0,129,72
25140739,Le Van Ngoc,2.45,6.12,1,2004-07-18,DTVT,K21,0,70,88
25140740,Le Van Khanh,3.14,7.85,1,2002-05-05,HTTT,K24,0,72,91
25140741,Vo Thi Chi,2.0,5.0,0,2001-07-14,KTMT,K21,0,36,63
25140742,Duong Van Linh,3.68,9.2,0,2005-06-08,CNOT,K23,0,88,76
25140743,Ngo Thi Linh,3.16,7.9,0,2006-08-21,KTMT,K24,0,106,74
25140744,Vo Thi Hai,2.71,6.78,1,2005-10-31,HTTT,K22,0,143,64
25140745,Phan Thi Linh,2.53,6.32,0,2005-01-21,QTKD,K25,0,69,80
25140746,Bui Thi Minh,3.71,9.28,1,2004-02-29,CKM,K25,0,140,79
25140747,Nguyen Van Khanh,2.96,7.4,0,2006-02-22,CNOT,K25,0,140,73
25140748,Bui Thi Son,2.81,7.03,1,2001-12-14,CNTT,K25,0,116,82
25140749,Ngo Thi Nam,2.9,7.25,0,2007-10-01,CNOT,K22,0,138,63
25140750,Huynh Van Hai,3.14,7.85,1,2007-06-26,CNTT,K24,0,50,94
25140751,Dang Van An,1.63,4.07,1,2007-01-29,KT,K21,1,79,63
25140752,Mai Thi Son,1.72,4.3,0,2001-12-12,CNTT,K22,1,132,50
25140753,Mai Thi Hieu,3.77,9.43,1,2003-10-14,HTTT,K23,0,143,96
25140754,Ngo Thi Hai,3.42,8.55,0,2001-09-20,CNTT,K25,0,80,63
25140755,Truong Van Phuc,3.61,9.03,0,2004-11-09,CKM,K24,0,78,53
25140756,Ngo Thi Thao,2.73,6.83,0,2004-07-03,DTVT,K23,1,133,78
25140757,Do Van Hai,3.08,7.7,1,2004-05-26,KHMT,K25,0,105,62
25140758,Vo Thi Thao,2.17,5.42,1,2005-12-27,KTMT,K23,0,64,96
25140759,Tran Thi Duc,2.03,5.07,1,2002-11-12,KHMT,K21,0,46,92
25140760,Vo Thi An,1.9,4.75,1,2003-10-14,QTKD,K24,0,104,72
25140761,Le Van Trang,3.98,9.95,0,2004-11-26,HTTT,K24,1,33,53
25140762,Phan Thi Binh,2.04,5.1,1,2007-12-08,KTMT,K23,0,121,78
25140763,Le Van Chi,2.47,6.18,1,2007-04-25,KTPM,K22,0,128,89
25140764,Nguyen Van Ngoc,1.61,4.03,0,2005-09-09,KHMT,K24,0,133,80
25140765,Tran Thi Binh,1.79,4.47,0,2004-10-25,KT,K22,1,56,90
25140766,Nguyen Van Son,3.84,9.6,0,2002-05-27,KTMT,K21,0,133,67
25140767,Vo Thi Trang,3.83,9.57,0,2005-11-05,KT,K21,0,140,79
25140768,Duong Van Dung,2.03,5.07,0,2003-03-03,KTPM,K21,1,38,77
25140769,Dang Van Vy,1.92,4.8,0,2005-09-12,HTTT,K25,0,116,99
25140770,Dang Van An,3.62,9.05,0,2005-07-28,CNTT,K24,0,117,73
25140771,Mai Thi Chi,2.56,6.4,0,2004-08-05,KHMT,K23,0,111,87
25140772,Tran Thi Minh,3.48,8.7,1,2001-03-15,CNOT,K25,0,139,68
25140773,Duong Van Thao,3.94,9.85,1,2002-05-04,KTPM,K21,0,122,73
25140774,Mai Thi Tuan,1.86,4.65,1,2002-12-26,CKM,K23,0,56,97
25140775,Duong Van Trang,3.53,8.82,0,2001-05-20,CNTT,K23,0,48,71
25140776,Do Van Thao,3.65,9.12,0,2002-12-01,KT,K24,0,137,94
25140777,Pham Thi Trang,2.93,7.33,1,2007-12-09,CNTT,K25,0,30,68
25140778,Do Van An,1.98,4.95,1,2006-01-06,DTVT,K23,0,104,57
25140779,Bui Thi Binh,2.2,5.5,0,2001-03-29,DTVT,K24,0,87,60
25140780,Pham Thi Linh,1.74,4.35,0,2006-07-11,KTMT,K25,0,104,76
25140781,Le Van Phuc,2.91,7.28,0,2005-12-14,CKM,K22,0,70,98
25140782,Hoang Van Son,3.25,8.12,0,2004-07-28,DTVT,K25,0,89,69
25140783,Huynh Van Chi,1.56,3.9,1,2006-06-02,CNOT,K24,1,89,69
25140784,Tran Thi Khanh,2.47,6.18,0,2002-03-15,CKM,K21,0,71,81
25140785,Huynh Van An,3.57,8.92,1,2005-07-15,QTKD,K21,0,30,81
25140786,Do Van Nam,3.05,7.62,1,2005-07-03,CKM,K22,0,127,90
25140787,Nguyen Van Quan,3.72,9.3,1,2006-04-21,KTPM,K25,0,37,89
25140788,Do Van Thao,3.42,8.55,0,2006-11-18,CKM,K21,1,149,83
25140789,Hoang Van Quan,2.78,6.95,0,2006-05-29,KTMT,K23,0,80,72
25140790,Duong Van Vy,2.76,6.9,0,2007-10-30,KTPM,K23,0,41,85
25140791,Hoang Van Giang,3.81,9.53,1,2001-05-14,HTTT,K25,0,102,54
25140792,Do Van Trang,2.69,6.72,0,2003-08-11,KHMT,K24,0,101,83
25140793,Truong Van Giang,3.01,7.52,0,2003-12-11,QTKD,K21,0,40,60
25140794,Le Van Ngoc,1.93,4.83,0,2003-04-27,KTMT,K21,0,37,50
25140795,Mai Thi Trang,2.85,7.12,1,2001-07-14,CNOT,K21,0,123,57
25140796,Huynh Van Vy,2.21,5.53,1,2002-08-26,KTMT,K24,0,131,50
25140797,Vo Thi Khanh,2.65,6.62,0,2002-05-10,KHMT,K22,0,88,55
25140798,Huynh Van Linh,3.44,8.6,0,2003-04-17,KTPM,K21,0,103,100
25140799,Hoang Van Hieu,3.57,8.92,0,2005-04-24,HTTT,K24,0,36,68
25140800,Nguyen Van Duc,3.77,9.43,1,2001-07-03,KT,K25,0,112,56
25140801,Phan Thi Giang,2.47,6.18,0,2006-05-02,KHMT,K21,0,96,56
25140802,Pham Thi Minh,1.58,3.95,1,2002-08-16,CNTT,K25,0,124,85
25140803,Dang Van Vy,2.02,5.05,0,2007-12-03,CKM,K23,1,52,99
25140804,Nguyen Van Ngoc,2.23,5.58,1,2002-05-23,QTKD,K21,0,36,53
25140805,Nguyen Van Son,2.64,6.6,0,2001-08-08,CKM,K23,0,128,59
25140806,Nguyen Van Chi,2.36,5.9,1,2002-08-15,CNOT,K21,0,129,64
25140807,Duong Van Nam,2.48,6.2,1,2006-03-03,KHMT,K24,0,79,63
25140808,Le Van Hai,2.43,6.08,1,2004-12-13,CKM,K25,1,136,65
25140809,Do Van Duc,2.71,6.78,1,2007-02-12,KT,K24,0,95,90
25140810,Mai Thi Tuan,1.85,4.62,0,2007-04-12,KTPM,K21,0,144,79
25140811,Truong Van Trang,2.52,6.3,1,2007-03-31,KHMT,K25,0,145,91
25140812,Ngo Thi Nam,1.86,4.65,0,2002-02-05,KTPM,K24,1,78,85
25140813,Ngo Thi Nam,3.46,8.65,0,2007-06-08,CKM,K23,1,111,75
25140814,Phan Thi Tuan,3.25,8.12,1,2002-12-06,CKM,K23,0,133,61
25140815,Mai Thi Hieu,3.23,8.07,0,2006-09-20,CNTT,K23,0,95,73
25140816,Mai Thi Chi,2.19,5.47,1,2007-07-13,KHMT,K24,0,86,86
25140817,Dang Van Nam,3.24,8.1,0,2006-03-10,QTKD,K24,0,38,93
25140818,Do Van Duc,1.9,4.75,0,2001-07-24,CNOT,K22,0,31,86
25140819,Tran Thi Thao,1.81,4.53,0,2007-01-26,KTMT,K25,0,92,83
25140820,Tran Thi Ngoc,2.05,5.12,1,2005-09-12,KTPM,K25,0,102,81
25140821,Vo Thi Quan,1.62,4.05,0,2001-12-30,CKM,K22,0,118,65
25140822,Vo Thi Tuan,2.44,6.1,1,2006-10-24,KTPM,K23,0,73,57
25140823,Le Van Giang,3.62,9.05,0,2002-06-27,QTKD,K25,0,79,96
25140824,Bui Thi Hai,2.47,6.18,0,2006-10-23,CNTT,K23,0,96,79
25140825,Vo Thi Quan,1.62,4.05,1,2002-03-01,DTVT,K22,0,75,88
25140826,Bui Thi Phuc,1.73,4.33,0,2006-11-19,CNTT,K21,1,142,50
25140827,Truong Van Binh,1.8,4.5,1,2005-07-25,HTTT,K22,0,62,52
25140828,Nguyen Van Khanh,3.25,8.12,1,2002-03-09,QTKD,K24,0,57,58
25140829,Le Van Nam,3.29,8.22,0,2005-05-18,CKM,K21,0,45,94
25140830,Mai Thi Son,2.86,7.15,0,2002-04-26,QTKD,K25,0,32,69
25140831,Huynh Van Nam,3.76,9.4,1,2006-02-04,CNOT,K23,0,86,56
25140832,Duong Van Vy,3.14,7.85,0,2002-11-01,CNOT,K23,0,137,81
25140833,Dang Van Trang,1.61,4.03,0,2004-02-04,DTVT,K23,0,138,81
25140834,Nguyen Van Dung,3.12,7.8,0,2004-08-19,KTPM,K22,0,83,98
25140835,Pham Thi Quan,2.96,7.4,0,2005-11-02,KT,K24,0,58,96
25140836,Phan Thi Binh,1.8,4.5,0,2007-03-14,KT,K24,0,149,96
25140837,Phan Thi Ngoc,3.15,7.88,1,2006-03-26,KHMT,K21,0,129,63
25140838,Tran Thi An,1.54,3.85,1,2002-12-15,HTTT,K24,0,86,54
25140839,Le Van Ngoc,3.62,9.05,1,2004-07-30,HTTT,K25,0,106,98
25140840,Pham Thi Dung,3.14,7.85,0,2007-02-10,CKM,K23,1,106,66
25140841,Tran Thi Thao,3.32,8.3,0,2006-06-25,QTKD,K21,0,60,77
25140842,Duong Van An,2.03,5.07,0,2002-03-22,DTVT,K24,0,41,63
25140843,Phan Thi Quan,1.68,4.2,0,2001-11-30,KT,K21,0,138,96
25140844,Hoang Van Giang,2.86,7.15,1,2007-04-20,CNOT,K21,0,119,75
25140845,Le Van Nam,2.24,5.6,0,2006-10-08,DTVT,K23,0,117,81
25140846,Do Van Minh,1.68,4.2,1,2007-08-20,KHMT,K21,0,48,94
25140847,Dang Van Dung,3.27,8.18,0,2007-05-19,CKM,K23,0,68,99
25140848,Do Van Son,1.5,3.75,1,2001-05-08,KHMT,K23,1,89,78
25140849,Hoang Van Tuan,3.43,8.58,0,2001-07-28,KT,K22,0,109,54
25140850,Duong Van Linh,3.16,7.9,0,2004-12-16,QTKD,K21,0,62,61
25140851,Truong Van Linh,2.63,6.57,0,2007-09-03,KHMT,K23,0,97,92
25140852,Le Van An,3.76,9.4,1,2002-08-08,KTMT,K24,0,54,60
25140853,Le Van Hai,3.44,8.6,0,2002-08-22,CNTT,K22,0,52,59
25140854,Vo Thi Duc,1.86,4.65,1,2004-04-19,KHMT,K25,0,90,78
25140855,Le Van Hieu,3.95,9.88,0,2002-11-12,CKM,K24,1,41,69
25140856,Vo Thi Chi,1.51,3.77,1,2002-02-28,QTKD,K24,0,34,58
25140857,Phan Thi Nam,2.61,6.52,0,2004-02-04,KTMT,K21,0,139,53
25140858,Nguyen Van Duc,1.97,4.92,0,2006-12-03,CNOT,K25,0,46,67
25140859,Duong Van Trang,2.47,6.18,0,2005-01-03,KT,K21,0,77,84
25140860,Pham Thi Khanh,3.28,8.2,0,2004-06-22,DTVT,K25,0,54,67
25140861,Duong Van Duc,2.42,6.05,1,2003-06-12,CNOT,K22,0,97,89
25140862,Phan Thi Minh,3.09,7.72,0,2004-07-17,HTTT,K24,0,85,70
25140863,Nguyen Van Chi,3.93,9.83,1,2001-06-07,CNOT,K23,0,123,80
25140864,Huynh Van Binh,2.73,6.83,0,2003-05-18,DTVT,K25,0,87,54
25140865,Duong Van Phuc,2.11,5.27,0,2001-10-30,CKM,K21,0,83,75
25140866,Hoang Van Thao,1.82,4.55,0,2006-03-11,CNOT,K24,0,133,78
25140867,Duong Van Tuan,3.86,9.65,1,2005-05-07,HTTT,K22,0,75,64
25140868,Vo Thi Quan,2.36,5.9,1,2004-03-12,KTPM,K25,0,39,73
25140869,Bui Thi Tuan,3.95,9.88,0,2006-03-22,KTMT,K23,0,145,88
25140870,Phan Thi Minh,2.31,5.78,1,2005-03-23,KT,K25,0,77,91
25140871,Phan Thi Linh,3.16,7.9,0,2005-10-14,HTTT,K25,1,55,56
25140872,Phan Thi Duc,1.56,3.9,1,2004-01-15,HTTT,K22,0,124,100
25140873,Tran Thi Minh,2.79,6.97,0,2007-10-28,CNTT,K25,0,116,99
25140874,Truong Van Tuan,3.87,9.68,0,2004-12-16,KTMT,K21,0,88,78
25140875,Truong Van Trang,2.84,7.1,0,2005-06-05,CNTT,K25,0,88,73
25140876,Tran Thi Son,1.6,4.0,1,2005-08-03,KTMT,K25,0,63,72
25140877,Truong Van Tuan,1.91,4.77,0,2001-09-02,DTVT,K21,0,50,87
25140878,Tran Thi Giang,3.34,8.35,1,2002-04-06,HTTT,K25,0,141,100
25140879,Pham Thi Minh,2.19,5.47,1,2002-05-26,KTMT,K21,0,90,86
25140880,Pham Thi Hai,1.62,4.05,1,2002-07-28,KT,K25,0,62,83
25140881,Ngo Thi Chi,3.67,9.18,0,2006-01-09,QTKD,K21,0,74,68
25140882,Phan Thi Nam,1.59,3.98,0,2003-12-18,KHMT,K25,0,86,55
25140883,Vo Thi Hai,2.63,6.57,0,2007-06-23,CNOT,K25,0,147,62
25140884,Pham Thi Dung,2.08,5.2,0,2002-06-28,KTPM,K21,0,65,97
25140885,Dang Van Tuan,1.53,3.83,1,2005-07-19,KTMT,K23,0,116,95
25140886,Nguyen Van Trang,3.32,8.3,1,2005-02-25,KHMT,K23,0,94,56
25140887,Nguyen Van Tuan,3.7,9.25,1,2004-01-30,CNOT,K21,0,35,61
25140888,Vo Thi Minh,3.06,7.65,1,2007-11-04,KTMT,K24,0,150,81
25140889,Bui Thi Khanh,3.11,7.77,1,2003-09-21,KT,K23,0,70,87
25140890,Tran Thi Hieu,2.97,7.43,1,2001-01-04,KT,K23,1,106,89
25140891,Huynh Van Tuan,1.84,4.6,0,2003-07-11,HTTT,K21,0,133,81
25140892,Phan Thi Quan,3.67,9.18,0,2002-02-16,CNTT,K21,0,89,82
25140893,Nguyen Van Phuc,3.25,8.12,1,2002-12-26,CKM,K24,0,139,82
25140894,Do Van Thao,2.09,5.22,1,2005-10-17,KHMT,K22,1,30,60
25140895,Nguyen Van Nam,1.69,4.22,0,2006-10-24,KT,K25,0,103,55
25140896,Do Van Binh,2.05,5.12,0,2003-04-17,CKM,K22,0,116,57
25140897,Le Van Duc,3.32,8.3,0,2003-04-16,KTMT,K25,0,131,78
25140898,Pham Thi Giang,1.69,4.22,1,2005-06-28,KHMT,K23,0,110,73
25140899,Mai Thi Dung,3.15,7.88,0,2007-08-24,KTPM,K22,0,137,51
25140900,Ngo Thi Phuc,1.93,4.83,0,2001-05-18,CKM,K22,0,63,60
25140901,Hoang Van Trang,2.11,5.27,0,2002-06-04,CKM,K25,0,66,93
25140902,Huynh Van Hai,2.57,6.42,0,2002-10-25,KHMT,K24,0,141,79
25140903,Hoang Van Ngoc,2.9,7.25,1,2002-06-11,CKM,K23,0,126,75
25140904,Hoang Van Thao,2.12,5.3,0,2003-04-18,CNTT,K23,0,49,71
25140905,Tran Thi An,3.01,7.52,1,2007-01-20,HTTT,K25,0,73,90
25140906,Bui Thi Trang,3.31,8.28,1,2001-11-24,QTKD,K25,0,38,74
25140907,Nguyen Van Giang,1.84,4.6,1,2001-02-04,KTPM,K25,0,109,57
25140908,Le Van Binh,2.64,6.6,1,2005-11-21,HTTT,K25,0,90,83
25140909,Tran Thi Trang,2.06,5.15,0,2006-07-10,KTMT,K22,0,65,98
25140910,Huynh Van Nam,1.57,3.93,0,2002-06-23,CKM,K23,0,73,85
25140911,Vo Thi Linh,1.73,4.33,0,2003-09-10,HTTT,K21,1,76,99
25140912,Ngo Thi Khanh,2.56,6.4,0,2003-04-14,CNOT,K23,0,149,66
25140913,Huynh Van Quan,2.76,6.9,1,2003-08-12,QTKD,K25,0,136,93
25140914,Hoang Van Duc,3.18,7.95,0,2005-09-29,KHMT,K24,0,148,64
25140915,Ngo Thi Hieu,2.79,6.97,1,2005-04-09,KHMT,K21,0,97,71
25140916,Ngo Thi Duc,1.62,4.05,1,2001-04-09,CKM,K23,0,120,93
25140917,Duong Van Vy,3.25,8.12,0,2004-06-02,CNOT,K21,0,116,81
25140918,Mai Thi Phuc,2.74,6.85,0,2003-10-13,HTTT,K21,0,106,63
25140919,Do Van Trang,3.6,9.0,0,2005-08-02,QTKD,K25,0,111,96
25140920,Mai Thi Giang,3.24,8.1,1,2002-08-03,DTVT,K24,0,81,95
25140921,Mai Thi Linh,1.58,3.95,0,2003-03-17,CKM,K25,0,124,85
25140922,Tran Thi Hieu,1.89,4.72,1,2004-07-02,CNTT,K22,0,92,78
25140923,Tran Thi Hieu,2.17,5.42,1,2004-07-30,CKM,K21,0,61,81
25140924,Le Van Linh,1.55,3.88,1,2003-08-18,DTVT,K22,0,150,87
25140925,Duong Van Tuan,2.29,5.72,0,2002-10-03,HTTT,K22,0,61,63
25140926,Phan Thi Trang,2.19,5.47,1,2003-05-04,KTPM,K24,0,37,76
25140927,Tran Thi Hieu,2.17,5.42,1,2001-06-20,KTPM,K21,0,77,74
25140928,Mai Thi Ngoc,4.0,10.0,1,2006-03-30,KTMT,K23,0,139,93
25140929,Mai Thi An,2.19,5.47,0,2005-08-26,CNTT,K21,0,83,75
25140930,Ngo Thi Thao,2.73,6.83,0,2002-10-14,CKM,K23,0,125,79
25140931,Huynh Van Khanh,3.72,9.3,0,2006-04-08,KT,K25,0,124,70
25140932,Mai Thi Quan,2.37,5.93,0,2003-01-18,CNTT,K21,0,62,76
25140933,Vo Thi Nam,1.83,4.58,1,2005-03-16,DTVT,K23,0,42,96
25140934,Mai Thi Thao,3.26,8.15,1,2002-06-29,CNOT,K24,0,75,85
25140935,Phan Thi Chi,2.18,5.45,1,2003-11-29,CNTT,K24,1,149,51
25140936,Pham Thi Khanh,3.2,8.0,1,2007-07-17,KHMT,K22,1,98,59
25140937,Ngo Thi Tuan,2.77,6.92,0,2007-04-02,KT,K21,0,73,97
25140938,Mai Thi Hieu,3.18,7.95,1,2001-05-22,DTVT,K21,0,68,62
25140939,Nguyen Van Thao,2.94,7.35,0,2001-05-07,HTTT,K23,0,56,56
25140940,Bui Thi Hai,2.74,6.85,1,2004-12-08,KT,K25,0,77,69
25140941,Nguyen Van Linh,3.56,8.9,1,2006-11-08,CNOT,K24,0,138,84
25140942,Ngo Thi Hai,1.63,4.07,1,2005-03-08,KTPM,K24,0,105,61
25140943,Do Van Binh,1.72,4.3,0,2006-05-14,KTPM,K22,1,39,66
25140944,Dang Van Ngoc,2.11,5.27,1,2003-11-26,CKM,K22,0,105,91
25140945,Hoang Van Trang,3.82,9.55,0,2007-01-23,KTPM,K23,0,88,57
25140946,Pham Thi Binh,2.46,6.15,1,2001-07-27,CKM,K22,0,111,67
25140947,Dang Van Nam,3.18,7.95,0,2001-04-20,CNTT,K21,0,61,92
25140948,Le Van Minh,2.84,7.1,1,2005-07-08,KT,K23,0,54,82
25140949,Bui Thi Giang,2.57,6.42,0,2003-01-12,QTKD,K23,0,49,65
25140950,Tran Thi Ngoc,3.94,9.85,0,2001-07-14,HTTT,K25,0,93,79
25140951,Huynh Van Tuan,3.23,8.07,0,2007-05-01,CNTT,K25,0,80,73
25140952,Pham Thi Duc,3.87,9.68,1,2006-10-04,CNTT,K23,0,113,72
25140953,Duong Van An,1.64,4.1,1,2003-03-13,CKM,K22,0,64,78
25140954,Hoang Van Hieu,3.51,8.77,1,2002-11-16,HTTT,K23,0,66,96
25140955,Le Van Tuan,3.72,9.3,1,2004-05-18,KTMT,K23,0,130,78
25140956,Do Van Chi,3.7,9.25,1,2007-01-02,HTTT,K24,0,80,83
25140957,Mai Thi Thao,2.68,6.7,1,2003-12-08,KT,K24,0,49,76
25140958,Duong Van Thao,3.79,9.47,0,2002-11-16,KHMT,K24,0,99,54
25140959,Le Van Hieu,3.59,8.97,0,2007-12-15,CNTT,K21,0,30,59
25140960,Huynh Van Duc,1.77,4.42,0,2002-04-12,CNOT,K24,0,73,56
25140961,Nguyen Van Nam,2.49,6.23,0,2001-01-06,KTPM,K23,0,100,56
25140962,Huynh Van Linh,2.55,6.38,1,2001-09-27,CNTT,K22,0,138,68
25140963,Truong Van Linh,1.99,4.97,0,2006-02-22,KHMT,K21,0,110,92
25140964,Truong Van Trang,3.76,9.4,0,2001-05-09,HTTT,K22,0,98,52
25140965,Truong Van Hai,3.06,7.65,0,2004-05-30,HTTT,K21,0,76,56
25140966,Bui Thi Tuan,1.51,3.77,1,2001-09-02,CNTT,K23,0,71,85
25140967,Le Van Nam,3.89,9.72,0,2007-04-17,QTKD,K22,0,132,93
25140968,Duong Van Nam,3.37,8.43,1,2003-08-23,QTKD,K25,0,118,83
25140969,Do Van Dung,3.19,7.97,1,2001-11-29,CKM,K23,0,60,92
25140970,Huynh Van Binh,2.78,6.95,1,2006-10-02,KHMT,K22,0,48,72
25140971,Vo Thi An,3.93,9.83,1,2006-03-25,CKM,K22,0,71,58
25140972,Nguyen Van Minh,2.37,5.93,0,2005-12-17,QTKD,K21,0,90,70
25140973,Le Van Phuc,3.86,9.65,1,2003-07-04,QTKD,K22,0,75,72
25140974,Bui Thi Nam,3.83,9.57,0,2003-11-30,KHMT,K22,0,76,75
25140975,Le Van Ngoc,3.3,8.25,0,2007-03-19,KHMT,K24,0,104,84
25140976,Phan Thi Nam,2.66,6.65,1,2002-06-27,HTTT,K23,0,90,62
25140977,Hoang Van Chi,2.63,6.57,1,2006-10-10,KTPM,K25,0,130,52
25140978,Ngo Thi Hieu,2.88,7.2,1,2005-02-13,CNTT,K25,0,48,73
25140979,Ngo Thi Hieu,3.93,9.83,0,2005-01-04,CNOT,K23,0,50,53
25140980,Tran Thi Binh,2.23,5.58,1,2003-02-12,KHMT,K24,0,93,94
25140981,Pham Thi Duc,3.28,8.2,1,2006-07-24,CKM,K23,0,113,53
25140982,Huynh Van Minh,2.13,5.32,0,2007-02-25,QTKD,K23,0,92,77
25140983,Dang Van Vy,2.15,5.38,0,2004-11-01,DTVT,K23,0,51,61
25140984,Huynh Van Thao,3.04,7.6,1,2004-05-20,KHMT,K21,0,43,84
25140985,Huynh Van Phuc,1.92,4.8,0,2006-04-20,CNOT,K21,0,32,64
25140986,Phan Thi Phuc,2.14,5.35,1,2006-04-06,CKM,K23,0,84,88
25140987,Dang Van Chi,1.9,4.75,1,2005-02-24,QTKD,K25,0,63,80
25140988,Hoang Van Quan,3.15,7.88,0,2002-12-15,DTVT,K23,0,117,91
25140989,Hoang Van Ngoc,2.51,6.27,0,2001-06-12,KT,K25,0,89,61
25140990,Huynh Van Nam,3.51,8.77,0,2001-06-24,CNTT,K24,0,88,58
25140991,Le Van Tuan,2.51,6.27,1,2002-09-11,HTTT,K22,1,129,92
25140992,Dang Van An,1.82,4.55,0,2004-08-30,KHMT,K21,0,66,93
25140993,Bui Thi Hai,3.83,9.57,0,2005-07-07,QTKD,K25,0,38,77
25140994,Le Van Tuan,1.73,4.33,1,2001-09-13,QTKD,K22,0,75,55
25140995,Hoang Van Vy,3.32,8.3,1,2003-11-27,HTTT,K25,0,95,56
25140996,Pham Thi Tuan,3.28,8.2,0,2006-11-01,CKM,K24,0,89,85
25140997,Le Van Dung,3.73,9.32,1,2004-09-01,CKM,K22,0,64,84
25140998,Dang Van Dung,2.4,6.0,1,2006-11-12,KT,K21,0,115,74
25140999,Truong Van An,1.87,4.68,1,2005-05-01,KTMT,K25,0,102,90
25141000,Hoang Van Ngoc,3.17,7.92,1,2005-03-20,QTKD,K25,0,123,80
25141001,Le Van Phuc,3.33,8.32,1,2007-05-19,CNTT,K23,0,40,70
25141002,Ngo Thi Linh,1.85,4.62,1,2005-09-22,CNOT,K23,0,55,61
25141003,Ngo Thi Ngoc,2.72,6.8,1,2007-04-13,CNOT,K21,0,46,99
25141004,Dang Van Nam,3.27,8.18,0,2005-12-19,KT,K24,1,101,83
25141005,Mai Thi Son,2.9,7.25,0,2006-12-02,HTTT,K23,0,74,93
25141006,Le Van Trang,1.9,4.75,0,2007-07-27,KHMT,K22,0,143,98
25141007,Ngo Thi Vy,3.22,8.05,0,2006-05-14,DTVT,K23,0,41,57
25141008,Vo Thi Linh,3.51,8.77,0,2003-01-06,KHMT,K22,0,136,71
25141009,Le Van Ngoc,2.44,6.1,1,2006-06-08,KTMT,K21,0,41,82
25141010,Ngo Thi Hai,1.87,4.68,0,2005-02-17,DTVT,K25,0,135,78
25141011,Duong Van Quan,3.52,8.8,0,2002-06-27,QTKD,K22,0,100,89
25141012,Ngo Thi Nam,1.77,4.42,0,2005-12-17,KT,K22,0,42,53
25141013,Huynh Van Vy,2.1,5.25,1,2005-10-06,CNOT,K21,0,94,61
25141014,Huynh Van Dung,3.27,8.18,1,2007-10-29,KTPM,K24,0,60,71
25141015,Phan Thi Dung,3.83,9.57,1,2006-02-18,CKM,K23,0,149,90
25141016,Phan Thi Ngoc,3.67,9.18,1,2007-12-16,CNTT,K22,0,111,69
25141017,Vo Thi Giang,3.54,8.85,0,2004-03-26,HTTT,K22,0,110,72
25141018,Duong Van Tuan,1.54,3.85,0,2003-06-14,CNOT,K21,1,103,50
25141019,Hoang Van Duc,2.49,6.23,0,2006-10-22,KTPM,K21,0,48,53
25141020,Ngo Thi Giang,3.42,8.55,0,2005-11-29,KTMT,K22,0,51,84
25141021,Huynh Van An,2.92,7.3,0,2003-06-01,QTKD,K24,1,82,79
25141022,Ngo Thi Hai,2.85,7.12,0,2004-10-20,HTTT,K24,0,44,76
25141023,Dang Van An,3.37,8.43,1,2002-04-15,CNTT,K24,0,78,54
25141024,Vo Thi Vy,2.87,7.18,1,2002-01-27,CNOT,K23,1,122,56
25141025,Duong Van Trang,3.89,9.72,0,2003-04-21,KTPM,K24,0,39,97
25141026,Pham Thi An,3.61,9.03,1,2003-09-13,CKM,K22,0,109,95
25141027,Tran Thi Vy,3.17,7.92,1,2005-02-23,KTPM,K22,0,118,99
25141028,Duong Van Tuan,2.48,6.2,1,2007-03-16,DTVT,K25,0,33,85
25141029,Truong Van Duc,3.33,8.32,1,2003-09-15,HTTT,K25,0,34,85
25141030,Nguyen Van Binh,2.79,6.97,1,2005-03-13,QTKD,K21,0,59,89
25141031,Ngo Thi Nam,2.67,6.67,1,2004-10-18,CNOT,K24,0,78,81
25141032,Le Van Dung,1.53,3.83,1,2004-08-21,KT,K22,0,55,84
25141033,Duong Van Giang,3.25,8.12,1,2002-06-03,KTPM,K25,0,60,71
25141034,Pham Thi Khanh,1.74,4.35,0,2006-05-25,CNTT,K22,0,30,76
25141035,Tran Thi Son,2.55,6.38,0,2003-08-28,QTKD,K21,0,138,88
25141036,Bui Thi Duc,3.31,8.28,0,2005-06-19,DTVT,K24,0,89,69
25141037,Ngo Thi Ngoc,1.85,4.62,0,2006-11-27,HTTT,K22,0,106,90
25141038,Ngo Thi Hieu,3.92,9.8,1,2005-05-07,QTKD,K21,0,118,61
25141039,Ngo Thi Son,2.32,5.8,0,2006-11-16,DTVT,K23,0,96,52
25141040,Hoang Van Duc,3.81,9.53,1,2002-03-16,KTPM,K25,1,82,91
25141041,Dang Van An,3.69,9.22,0,2005-09-20,CKM,K24,0,121,89
25141042,Nguyen Van Linh,3.98,9.95,0,2001-04-08,CKM,K25,0,89,63
25141043,Do Van Vy,2.48,6.2,0,2002-09-11,KTPM,K22,0,142,60
25141044,Bui Thi Thao,3.96,9.9,0,2005-12-12,HTTT,K22,0,35,64
25141045,Vo Thi Trang,3.01,7.52,1,2005-07-12,KT,K21,0,127,87
25141046,Ngo Thi Giang,3.59,8.97,1,2003-03-25,DTVT,K23,0,46,63
25141047,Hoang Van Dung,1.92,4.8,1,2001-02-26,QTKD,K22,1,147,52
25141048,Tran Thi Tuan,3.72,9.3,0,2003-07-28,CNTT,K23,0,63,97
25141049,Dang Van Giang,3.6,9.0,1,2002-11-25,KTPM,K22,0,47,74
25141050,Huynh Van Vy,1.73,4.33,0,2004-09-06,HTTT,K24,0,44,67
25141051,Vo Thi Hai,2.89,7.23,0,2004-02-25,CNOT,K24,0,125,88
25141052,Huynh Van Trang,3.17,7.92,0,2007-01-14,KTPM,K21,0,108,86
25141053,Truong Van Duc,1.82,4.55,1,2001-11-11,KHMT,K22,1,40,69
25141054,Pham Thi Vy,2.44,6.1,1,2002-04-02,KTMT,K21,0,128,91
25141055,Duong Van Thao,3.29,8.22,0,2005-04-26,QTKD,K25,0,45,62
25141056,Pham Thi Giang,3.91,9.78,0,2002-02-17,DTVT,K22,0,131,70
25141057,Bui Thi Hai,2.56,6.4,0,2003-09-05,CKM,K23,0,105,86
25141058,Mai Thi Minh,3.81,9.53,0,2007-04-08,CNOT,K25,0,60,83
25141059,Do Van Phuc,2.42,6.05,1,2006-10-09,HTTT,K25,1,82,64
25141060,Dang Van Tuan,4.0,10.0,0,2002-08-31,KT,K23,0,127,52
25141061,Vo Thi An,2.69,6.72,0,2001-12-29,DTVT,K21,0,68,76
25141062,Le Van Thao,1.98,4.95,1,2002-12-18,KTPM,K22,0,34,51
25141063,Duong Van Nam,2.9,7.25,1,2001-06-10,KHMT,K24,0,133,82
25141064,Vo Thi Thao,1.97,4.92,0,2004-10-20,KTPM,K23,0,58,97
25141065,Ngo Thi Thao,1.56,3.9,1,2003-04-23,CKM,K24,0,138,68
25141066,Hoang Van Chi,1.75,4.38,1,2001-02-17,QTKD,K22,0,70,59
25141067,Dang Van Binh,3.25,8.12,0,2005-08-05,HTTT,K25,0,128,55
25141068,Mai Thi Ngoc,1.84,4.6,0,2004-06-28,CNOT,K24,1,61,98
25141069,Dang Van Nam,1.77,4.42,1,2007-03-03,KTPM,K21,0,87,94
25141070,Huynh Van Khanh,3.63,9.07,1,2007-05-26,KTPM,K22,0,136,99
25141071,Huynh Van Minh,2.68,6.7,1,2007-09-12,KTMT,K25,0,87,79
25141072,Bui Thi Linh,3.91,9.78,1,2006-11-20,QTKD,K22,0,58,77
25141073,Ngo Thi Nam,3.98,9.95,1,2007-06-16,KHMT,K22,0,63,61
25141074,Truong Van Duc,2.96,7.4,1,2007-05-03,KTPM,K24,0,62,71
25141075,Dang Van Minh,2.01,5.02,0,2004-05-03,DTVT,K24,0,39,59
25141076,Truong Van Hieu,3.9,9.75,1,2006-11-27,KTPM,K23,0,103,94
25141077,Truong Van Giang,2.49,6.23,1,2005-03-29,KTPM,K23,0,51,56
25141078,Pham Thi Khanh,3.78,9.45,1,2007-09-26,QTKD,K23,1,125,51
25141079,Le Van Tuan,2.91,7.28,1,2002-12-14,DTVT,K24,0,141,51
25141080,Hoang Van Thao,1.92,4.8,0,2006-09-15,KTMT,K24,0,67,100
25141081,Huynh Van Linh,3.55,8.88,1,2007-09-21,KT,K25,0,125,67
25141082,Mai Thi Quan,3.59,8.97,0,2003-02-12,CNOT,K21,0,138,95
25141083,Le Van Linh,1.98,4.95,0,2007-02-11,CNOT,K22,0,47,58
25141084,Tran Thi Hieu,2.19,5.47,0,2002-04-11,CNOT,K21,0,94,90
25141085,Tran Thi Hai,3.53,8.82,0,2001-06-01,KTMT,K24,0,136,100
25141086,Bui Thi Nam,2.55,6.38,1,2003-04-16,DTVT,K21,0,67,77
25141087,Duong Van Ngoc,2.07,5.17,1,2001-11-18,KTPM,K23,0,56,57
25141088,Ngo Thi Khanh,3.73,9.32,1,2005-09-19,KTPM,K24,1,83,66
25141089,Huynh Van Hai,3.94,9.85,1,2002-02-26,CKM,K21,0,32,95
25141090,Le Van Giang,3.61,9.03,1,2002-12-01,CNTT,K23,0,43,76
25141091,Do Van Phuc,2.74,6.85,0,2007-07-23,CNOT,K22,0,137,95
25141092,Tran Thi Son,3.84,9.6,1,2007-11-19,CNOT,K22,0,147,85
25141093,Le Van Binh,3.8,9.5,0,2003-09-18,CNOT,K23,1,91,67
25141094,Hoang Van Duc,2.26,5.65,1,2004-04-17,HTTT,K21,0,146,70
25141095,Nguyen Van Ngoc,3.49,8.73,0,2007-12-10,CKM,K22,0,103,98
25141096,Dang Van Chi,3.83,9.57,0,2004-04-06,QTKD,K21,0,63,76
25141097,Huynh Van Minh,3.7,9.25,1,2005-08-31,KTMT,K22,1,70,96
25141098,Hoang Van Duc,2.87,7.18,1,2007-08-24,HTTT,K24,0,106,99
25141099,Pham Thi Chi,2.62,6.55,1,2002-07-04,CNOT,K24,0,65,83
25141100,Huynh Van Phuc,3.06,7.65,0,2004-10-16,CNOT,K23,0,49,84
25141101,Do Van Thao,3.32,8.3,1,2003-04-13,KTMT,K25,0,79,55
25141102,Bui Thi Linh,2.79,6.97,0,2004-12-05,CNTT,K23,0,100,79
25141103,Le Van Thao,3.64,9.1,1,2007-07-03,KTPM,K23,0,60,96
25141104,Vo Thi Hieu,1.8,4.5,0,2004-04-06,CNOT,K24,0,75,62
25141105,Nguyen Van Dung,2.76,6.9,1,2005-02-22,CNTT,K23,0,52,63
25141106,Truong Van Hieu,3.87,9.68,0,2007-10-01,KT,K22,0,109,83
25141107,Hoang Van Chi,2.86,7.15,0,2006-01-02,KT,K23,0,32,57
25141108,Nguyen Van Linh,2.85,7.12,1,2003-05-29,CKM,K24,1,88,55
25141109,Truong Van Minh,2.26,5.65,1,2001-07-27,KT,K21,0,104,60
25141110,Hoang Van Vy,2.31,5.78,1,2004-09-19,KTPM,K21,0,73,62
25141111,Duong Van Chi,1.75,4.38,1,2006-08-06,KTMT,K23,0,54,69
25141112,Pham Thi Duc,3.97,9.93,0,2002-06-16,DTVT,K24,0,90,52
25141113,Tran Thi Son,2.72,6.8,1,2005-03-13,KHMT,K22,0,101,50
25141114,Hoang Van Hai,2.87,7.18,1,2007-09-22,KTMT,K23,0,111,87
25141115,Bui Thi Quan,1.77,4.42,1,2007-04-27,QTKD,K23,0,54,94
25141116,Duong Van Quan,2.45,6.12,1,2003-05-05,CNTT,K24,0,122,87
25141117,Huynh Van Tuan,2.78,6.95,0,2003-10-06,KT,K23,0,96,58
25141118,Le Van Hai,2.78,6.95,1,2006-07-08,QTKD,K24,0,116,87
25141119,Dang Van Giang,2.74,6.85,0,2004-04-06,KTPM,K23,0,127,62
25141120,Huynh Van Binh,3.46,8.65,1,2001-03-13,QTKD,K23,0,104,97
25141121,Tran Thi Phuc,2.29,5.72,0,2006-10-05,KTMT,K22,1,130,66
25141122,Do Van Dung,1.69,4.22,1,2002-11-07,CNOT,K25,0,33,53
25141123,Mai Thi Thao,2.25,5.62,0,2003-10-17,QTKD,K25,0,144,85
25141124,Tran Thi Vy,2.11,5.27,1,2007-07-23,HTTT,K24,0,49,82
25141125,Pham Thi Ngoc,3.22,8.05,0,2005-04-28,DTVT,K24,0,87,98
25141126,Phan Thi Nam,2.09,5.22,1,2003-04-03,KT,K21,0,131,58
25141127,Huynh Van Hai,2.66,6.65,1,2005-04-22,CKM,K25,0,70,64
25141128,Do Van Chi,3.43,8.58,1,2002-12-01,CNTT,K24,0,79,99
25141129,Phan Thi Binh,3.31,8.28,1,2002-04-14,DTVT,K24,0,75,93
25141130,Do Van Quan,1.71,4.28,1,2002-07-09,KT,K25,0,30,55
25141131,Duong Van Hai,2.75,6.88,1,2003-05-26,KT,K24,0,105,71
25141132,Dang Van An,3.86,9.65,1,2004-05-02,DTVT,K21,0,33,61
25141133,Hoang Van Duc,3.97,9.93,1,2007-01-01,CKM,K23,0,116,53
25141134,Le Van Giang,2.56,6.4,0,2001-02-05,DTVT,K21,0,75,78
25141135,Duong Van Phuc,2.61,6.52,1,2004-05-05,CKM,K23,0,123,67
25141136,Vo Thi Binh,2.19,5.47,0,2006-09-09,KT,K24,0,68,85
25141137,Pham Thi Nam,2.8,7.0,1,2004-05-04,QTKD,K21,0,137,99
25141138,Bui Thi Minh,2.49,6.23,0,2004-10-26,CKM,K21,0,147,82
25141139,Bui Thi An,3.59,8.97,1,2003-03-28,KHMT,K25,0,140,53
25141140,Dang Van Vy,3.54,8.85,0,2004-10-04,CKM,K23,0,107,50
25141141,Nguyen Van Tuan,2.25,5.62,1,2003-01-10,KHMT,K21,0,115,79
25141142,Hoang Van Trang,1.92,4.8,0,2002-07-02,CNOT,K21,0,82,62
25141143,Nguyen Van Trang,3.63,9.07,1,2003-01-17,DTVT,K25,0,30,81
25141144,Pham Thi Khanh,3.01,7.52,1,2001-09-04,KTPM,K25,0,127,51
25141145,Tran Thi Binh,3.69,9.22,0,2005-10-02,KHMT,K24,0,41,96
25141146,Tran Thi Linh,3.36,8.4,1,2001-09-28,KT,K21,0,75,74
25141147,Do Van Nam,2.54,6.35,0,2005-02-14,CKM,K25,0,34,52
25141148,Tran Thi Chi,3.23,8.07,0,2005-09-19,HTTT,K21,0,123,54
25141149,Huynh Van Ngoc,3.2,8.0,1,2004-10-05,KHMT,K22,0,64,75
25141150,Pham Thi Ngoc,2.31,5.78,0,2006-07-25,KTMT,K21,0,89,69
25141151,Huynh Van An,2.53,6.32,1,2006-08-03,CNTT,K22,0,93,55
25141152,Tran Thi Thao,1.74,4.35,1,2006-09-04,KHMT,K25,0,81,65
25141153,Ngo Thi Giang,1.8,4.5,0,2002-12-02,QTKD,K24,0,124,82
25141154,Do Van Giang,2.21,5.53,1,2002-11-21,KTPM,K25,0,103,78
25141155,Dang Van Minh,1.72,4.3,1,2002-05-13,KTPM,K22,1,44,79
25141156,Mai Thi An,1.79,4.47,0,2002-11-26,DTVT,K25,0,100,50
25141157,Nguyen Van Nam,2.22,5.55,0,2005-03-26,KT,K25,0,114,68
25141158,Huynh Van Quan,2.46,6.15,1,2007-06-07,DTVT,K22,0,138,89
25141159,Duong Van An,3.38,8.45,0,2005-05-13,KHMT,K23,0,63,95
25141160,Vo Thi Phuc,2.93,7.33,0,2007-12-24,CNTT,K23,0,103,61
25141161,Duong Van Son,3.57,8.92,1,2006-06-25,CNTT,K23,0,83,71
25141162,Le Van Thao,1.55,3.88,1,2003-07-23,KTMT,K23,0,117,54
25141163,Vo Thi Son,3.37,8.43,0,2005-06-24,KT,K21,0,135,64
25141164,Mai Thi Minh,3.07,7.67,0,2006-09-17,KHMT,K21,0,41,69
25141165,Duong Van Son,3.3,8.25,0,2002-05-05,HTTT,K21,0,53,95
25141166,Duong Van Khanh,2.34,5.85,0,2007-04-22,CNTT,K21,0,68,90
25141167,Pham Thi Hieu,3.72,9.3,0,2005-01-13,CNOT,K23,0,103,56
25141168,Huynh Van Thao,2.02,5.05,1,2003-10-08,DTVT,K23,0,39,77
25141169,Le Van Hai,2.87,7.18,1,2005-12-04,CKM,K21,0,150,78
25141170,Truong Van Dung,2.64,6.6,0,2004-03-05,KTMT,K23,0,72,79
25141171,Do Van Son,3.17,7.92,1,2001-02-17,KTMT,K23,0,37,96
25141172,Bui Thi Hai,1.68,4.2,1,2004-05-28,KT,K23,0,77,50
25141173,Le Van Hai,3.54,8.85,1,2001-11-28,KT,K24,0,49,82
25141174,Pham Thi Minh,2.37,5.93,1,2002-09-28,DTVT,K21,0,90,63
25141175,Do Van Thao,2.14,5.35,0,2001-05-25,KHMT,K24,0,65,97
25141176,Vo Thi Trang,2.56,6.4,0,2004-06-11,QTKD,K21,0,131,58
25141177,Mai Thi Dung,2.95,7.38,0,2005-01-05,CNTT,K21,0,137,87
25141178,Duong Van Trang,1.57,3.93,0,2003-02-09,CKM,K22,0,37,97
25141179,Mai Thi Hai,3.49,8.73,1,2001-04-09,KHMT,K21,0,97,91
25141180,Vo Thi Minh,1.7,4.25,0,2003-10-03,CKM,K22,0,103,83
25141181,Huynh Van Thao,1.7,4.25,0,2001-05-31,CNOT,K24,0,87,68
25141182,Nguyen Van Nam,3.4,8.5,1,2007-04-17,HTTT,K21,0,54,84
25141183,Pham Thi Quan,1.8,4.5,1,2006-12-16,KT,K25,0,91,60
25141184,Nguyen Van Nam,2.27,5.67,1,2002-12-15,QTKD,K21,0,100,88
25141185,Vo Thi An,3.3,8.25,1,2003-02-25,HTTT,K22,0,136,88
25141186,Vo Thi Vy,1.99,4.97,0,2002-04-12,CKM,K24,0,149,70
25141187,Bui Thi Khanh,2.73,6.83,1,2001-04-06,CNTT,K22,1,67,91
25141188,Nguyen Van Vy,1.93,4.83,0,2002-12-12,KHMT,K25,0,77,88
25141189,Do Van Trang,2.36,5.9,1,2002-03-25,CNTT,K23,0,133,82
25141190,Le Van Nam,1.52,3.8,0,2001-12-23,KTMT,K23,0,93,50
25141191,Bui Thi Khanh,3.14,7.85,1,2007-01-01,KT,K23,0,77,90
25141192,Truong Van Minh,3.57,8.92,1,2006-05-21,CNOT,K25,0,75,93
25141193,Bui Thi Minh,1.7,4.25,0,2005-10-30,CNTT,K23,0,122,90
25141194,Phan Thi Binh,3.06,7.65,0,2006-07-11,DTVT,K25,0,149,80
25141195,Truong Van Khanh,2.66,6.65,1,2005-11-16,CKM,K22,0,114,85
25141196,Ngo Thi An,2.48,6.2,1,2004-02-18,CNOT,K21,0,121,50
25141197,Pham Thi Giang,3.97,9.93,0,2007-01-22,CNOT,K22,0,37,65
25141198,Bui Thi Khanh,2.33,5.83,1,2003-02-05,DTVT,K24,0,111,75
25141199,Duong Van Dung,2.25,5.62,1,2002-01-28,CNOT,K24,0,120,52
25141200,Phan Thi Linh,2.87,7.18,1,2001-01-24,CNTT,K24,0,125,80
25141201,Phan Thi Chi,3.44,8.6,1,2002-06-13,KTPM,K22,0,139,82
25141202,Truong Van Duc,2.52,6.3,1,2003-04-22,CNOT,K23,0,54,64
25141203,Mai Thi Hieu,1.75,4.38,0,2001-02-05,QTKD,K25,0,139,68
25141204,Truong Van Ngoc,3.68,9.2,0,2004-10-10,KTMT,K21,0,68,79
25141205,Do Van Phuc,2.48,6.2,1,2004-02-20,KTMT,K21,0,128,85
25141206,Mai Thi Hieu,3.93,9.83,0,2004-12-15,CKM,K22,0,100,97
25141207,Truong Van Thao,3.23,8.07,0,2002-05-05,KHMT,K24,0,80,74
25141208,Duong Van Chi,2.01,5.02,0,2004-01-05,KTMT,K21,0,99,57
25141209,Huynh Van Hieu,2.56,6.4,0,2003-03-03,KTMT,K24,0,149,95
25141210,Duong Van Giang,2.17,5.42,0,2004-08-09,CKM,K21,0,135,64
25141211,Duong Van Binh,3.04,7.6,0,2003-07-17,DTVT,K22,0,148,93
25141212,Le Van Minh,2.96,7.4,0,2007-05-01,KT,K23,0,110,100
25141213,Le Van Tuan,3.78,9.45,1,2002-02-10,KT,K24,1,81,80
25141214,Tran Thi Duc,3.15,7.88,1,2001-03-14,HTTT,K21,1,77,75
25141215,Vo Thi Linh,3.51,8.77,1,2003-03-07,KTMT,K25,0,133,87
25141216,Nguyen Van Hieu,2.11,5.27,1,2007-04-14,KT,K23,0,64,79
25141217,Do Van Trang,3.11,7.77,0,2006-04-28,QTKD,K23,0,83,81
25141218,Vo Thi Tuan,1.53,3.83,1,2007-05-02,KTPM,K25,0,77,63
25141219,Hoang Van Duc,1.94,4.85,1,2002-09-17,CKM,K22,0,131,79
25141220,Le Van Linh,1.65,4.12,1,2003-06-02,HTTT,K24,0,90,58
25141221,Ngo Thi Thao,3.82,9.55,1,2003-04-15,CKM,K23,1,107,57
25141222,Mai Thi Minh,1.87,4.68,0,2004-08-14,KTMT,K23,0,50,93
25141223,Huynh Van An,2.81,7.03,0,2006-03-02,KHMT,K23,0,150,54
25141224,Tran Thi Thao,3.09,7.72,0,2002-01-07,DTVT,K21,1,103,93
25141225,Vo Thi Linh,2.48,6.2,1,2002-02-22,KTPM,K22,0,58,56
25141226,Tran Thi Hai,3.53,8.82,0,2005-07-21,KHMT,K22,0,144,56
25141227,Pham Thi Nam,2.83,7.08,0,2007-02-03,DTVT,K24,0,102,70
25141228,Dang Van Binh,1.94,4.85,1,2006-03-11,HTTT,K21,0,81,63
25141229,Pham Thi Nam,3.01,7.52,0,2002-01-06,DTVT,K24,1,56,100
25141230,Pham Thi Chi,2.63,6.57,0,2006-07-05,KT,K23,1,112,61
25141231,Phan Thi Hieu,2.77,6.92,1,2003-01-02,CKM,K22,1,73,61
25141232,Mai Thi Chi,3.3,8.25,1,2007-02-02,KT,K24,0,33,54
25141233,Mai Thi Khanh,2.06,5.15,0,2005-06-10,CNTT,K24,0,150,58
25141234,Nguyen Van Khanh,2.75,6.88,1,2007-08-10,CKM,K23,0,85,53
25141235,Vo Thi Duc,2.68,6.7,1,2005-11-12,HTTT,K21,1,85,87
25141236,Nguyen Van Khanh,2.76,6.9,1,2006-12-08,KT,K21,0,31,89
25141237,Do Van Nam,2.08,5.2,1,2006-05-19,KTMT,K22,1,128,59
25141238,Phan Thi Quan,3.11,7.77,1,2005-09-16,KHMT,K24,0,46,61
25141239,Nguyen Van Chi,3.78,9.45,0,2002-02-08,QTKD,K22,0,46,68
25141240,Dang Van Vy,2.9,7.25,1,2002-05-22,KTPM,K24,0,62,60
25141241,Pham Thi Linh,3.76,9.4,1,2001-06-21,KTPM,K22,0,140,57
25141242,Nguyen Van Linh,3.6,9.0,1,2001-10-17,HTTT,K25,0,47,50
25141243,Hoang Van Vy,1.69,4.22,0,2002-09-29,KT,K22,1,40,51
25141244,Huynh Van Hieu,2.76,6.9,1,2003-11-16,KTPM,K21,0,116,71
25141245,Do Van Dung,3.67,9.18,0,2004-07-18,KTPM,K25,0,51,82
25141246,Phan Thi Trang,2.77,6.92,0,2002-11-16,KTPM,K23,0,103,90
25141247,Vo Thi Nam,2.96,7.4,1,2007-07-14,KT,K25,1,46,56
25141248,Le Van Dung,3.34,8.35,0,2001-12-08,QTKD,K21,0,94,96
25141249,Le Van Quan,3.73,9.32,0,2005-12-08,KHMT,K23,0,106,53
25141250,Mai Thi Vy,2.52,6.3,1,2002-11-29,CKM,K24,0,86,95
25141251,Ngo Thi Ngoc,2.0,5.0,1,2001-09-12,HTTT,K25,0,111,72
25141252,Vo Thi Son,1.97,4.92,0,2001-09-13,DTVT,K23,0,116,59
25141253,Mai Thi Quan,2.89,7.23,1,2004-11-15,KTMT,K22,0,45,71
25141254,Tran Thi Hai,1.67,4.17,1,2007-08-07,QTKD,K22,0,139,71
25141255,Nguyen Van Thao,3.68,9.2,0,2002-02-22,HTTT,K22,0,79,93
25141256,Nguyen Van Ngoc,3.47,8.68,1,2001-04-25,CNOT,K25,0,106,84
25141257,Huynh Van Giang,2.03,5.07,1,2002-07-30,DTVT,K24,0,43,61
25141258,Pham Thi Hieu,3.99,9.98,0,2003-02-21,KTPM,K23,0,57,69
25141259,Tran Thi Phuc,1.65,4.12,1,2005-10-06,KT,K23,0,117,81
25141260,Ngo Thi Dung,2.06,5.15,0,2006-10-30,KTPM,K23,0,115,56
25141261,Nguyen Van Hai,2.65,6.62,0,2003-02-04,DTVT,K21,0,147,59
25141262,Phan Thi An,1.63,4.07,0,2006-10-03,KTPM,K21,0,79,50
25141263,Huynh Van Giang,1.87,4.68,1,2004-04-24,KT,K23,1,43,62
25141264,Vo Thi Linh,2.96,7.4,1,2003-01-16,QTKD,K21,0,36,88
25141265,Mai Thi Duc,2.17,5.42,0,2007-01-05,KTMT,K21,0,119,90
25141266,Huynh Van Nam,3.7,9.25,0,2002-08-25,KHMT,K22,0,62,85
25141267,Duong Van Minh,2.52,6.3,1,2007-09-29,HTTT,K25,0,30,83
25141268,Hoang Van Thao,2.08,5.2,0,2007-08-14,KT,K23,0,36,68
25141269,Truong Van Duc,3.08,7.7,1,2004-02-12,CKM,K22,1,146,85
25141270,Hoang Van Binh,3.93,9.83,1,2006-02-21,CNOT,K24,0,74,66
25141271,Do Van Minh,3.08,7.7,0,2004-05-28,QTKD,K22,0,89,77
25141272,Vo Thi Binh,1.65,4.12,0,2007-05-19,CNOT,K24,0,108,74
25141273,Do Van An,2.19,5.47,0,2001-08-22,KTMT,K22,0,74,62
25141274,Ngo Thi Minh,2.75,6.88,1,2005-05-02,QTKD,K25,0,149,57
25141275,Bui Thi Thao,2.81,7.03,0,2007-12-30,CKM,K24,0,111,70
25141276,Hoang Van Khanh,3.92,9.8,1,2004-12-05,KT,K23,0,37,89
25141277,Pham Thi Dung,2.67,6.67,0,2004-05-03,QTKD,K23,0,140,75
25141278,Duong Van Chi,3.99,9.98,0,2003-01-03,QTKD,K23,0,129,69
25141279,Duong Van Quan,1.54,3.85,1,2003-07-01,KTPM,K23,0,115,60
25141280,Bui Thi Trang,2.0,5.0,1,2007-11-13,CKM,K23,0,35,68
25141281,Truong Van Khanh,2.75,6.88,1,2002-07-24,KTPM,K25,0,66,92
25141282,Do Van Duc,2.73,6.83,0,2001-05-12,KTMT,K22,0,111,68
25141283,Do Van Vy,1.66,4.15,1,2006-11-27,CKM,K23,0,48,61
25141284,Le Van Thao,3.93,9.83,0,2004-01-09,CKM,K23,0,58,74
25141285,Do Van An,2.37,5.93,1,2001-06-09,KTPM,K25,0,72,70
25141286,Truong Van Nam,2.88,7.2,0,2007-08-12,QTKD,K23,0,49,84
25141287,Hoang Van Giang,3.02,7.55,0,2003-01-19,KHMT,K21,0,135,71
25141288,Do Van Khanh,3.89,9.72,0,2007-06-18,KHMT,K23,0,146,86
25141289,Bui Thi Phuc,3.2,8.0,0,2001-12-08,CNTT,K23,0,38,64
25141290,Pham Thi An,1.58,3.95,0,2004-08-11,KHMT,K23,0,137,68
25141291,Tran Thi Dung,1.76,4.4,1,2002-03-01,CKM,K24,0,127,89
25141292,Huynh Van An,3.02,7.55,0,2005-09-14,KT,K25,0,99,50
25141293,Do Van Nam,2.35,5.88,1,2006-01-24,KT,K22,0,47,75
25141294,Nguyen Van Quan,3.16,7.9,1,2007-06-14,KHMT,K24,0,43,90
25141295,Do Van Hai,2.29,5.72,1,2005-09-27,KTPM,K25,0,74,80
25141296,Mai Thi Vy,3.38,8.45,0,2005-07-28,KTPM,K24,0,130,76
25141297,Bui Thi Minh,3.84,9.6,0,2007-12-10,KTMT,K21,0,101,70
25141298,Do Van Binh,3.36,8.4,0,2003-07-04,KTMT,K25,0,84,74
25141299,Mai Thi Khanh,2.85,7.12,0,2002-07-10,CNTT,K22,0,65,96
25141300,Hoang Van Hieu,3.52,8.8,1,2006-10-14,KHMT,K22,0,143,86
25141301,Hoang Van Nam,2.86,7.15,1,2001-07-26,KTPM,K23,0,80,91
25141302,Nguyen Van Phuc,3.95,9.88,1,2004-09-20,CKM,K24,1,143,59
25141303,Hoang Van Khanh,3.01,7.52,0,2001-06-16,KT,K25,0,37,85
25141304,Le Van Hieu,1.76,4.4,0,2004-05-03,QTKD,K23,0,94,68
25141305,Phan Thi Duc,1.57,3.93,1,2001-02-14,KTPM,K23,0,85,66
25141306,Ngo Thi Chi,2.63,6.57,1,2007-11-26,QTKD,K25,1,32,84
25141307,Le Van Khanh,3.2,8.0,0,2006-05-06,HTTT,K22,0,147,69
25141308,Bui Thi Binh,3.16,7.9,0,2005-01-31,KHMT,K21,0,95,54
25141309,Do Van Vy,2.68,6.7,0,2002-06-21,HTTT,K23,0,150,75
25141310,Huynh Van Son,2.44,6.1,0,2006-11-04,KT,K22,0,80,56
25141311,Pham Thi Giang,3.1,7.75,1,2005-09-12,KTMT,K25,0,48,63
25141312,Bui Thi Vy,3.45,8.62,1,2002-04-25,DTVT,K22,0,42,63
25141313,Mai Thi Binh,3.26,8.15,0,2003-09-16,KTMT,K22,1,144,74
25141314,Bui Thi Vy,2.31,5.78,0,2002-12-21,KT,K23,0,48,68
25141315,Huynh Van Quan,2.88,7.2,1,2001-11-14,CKM,K23,1,97,80
25141316,Dang Van Vy,1.69,4.22,1,2004-09-30,DTVT,K23,0,41,59
25141317,Phan Thi Tuan,2.35,5.88,0,2007-03-05,DTVT,K25,0,57,56
25141318,Vo Thi Dung,2.43,6.08,0,2005-10-26,KT,K25,0,136,73
25141319,Vo Thi Ngoc,3.17,7.92,1,2002-05-02,KTPM,K25,0,61,63
25141320,Tran Thi Dung,3.76,9.4,0,2006-04-16,KTPM,K24,0,102,89
25141321,Mai Thi Minh,3.23,8.07,0,2004-02-04,KT,K21,0,145,72
25141322,Pham Thi Son,3.49,8.73,0,2005-08-24,CKM,K21,0,129,89
25141323,Huynh Van Minh,2.98,7.45,1,2007-05-07,KT,K25,0,46,91
25141324,Dang Van Ngoc,1.52,3.8,1,2007-03-08,KT,K23,0,138,50
25141325,Truong Van Nam,2.29,5.72,1,2001-07-22,CNOT,K23,0,56,72
25141326,Duong Van Phuc,3.81,9.53,0,2001-03-13,KTPM,K22,0,35,89
25141327,Tran Thi Linh,3.71,9.28,1,2005-08-18,DTVT,K22,1,130,69
25141328,Nguyen Van Giang,3.06,7.65,1,2001-05-30,KT,K24,0,77,53
25141329,Mai Thi Phuc,2.31,5.78,0,2001-03-30,DTVT,K23,0,120,72
25141330,Phan Thi Trang,2.42,6.05,0,2001-10-31,CKM,K22,1,40,80
25141331,Vo Thi An,3.0,7.5,0,2001-12-13,KHMT,K22,1,84,71
25141332,Nguyen Van Dung,3.18,7.95,0,2002-06-05,DTVT,K24,0,143,68
25141333,Do Van Khanh,2.1,5.25,0,2004-09-05,KT,K23,0,88,72
25141334,Tran Thi Khanh,3.71,9.28,1,2002-09-05,DTVT,K24,0,79,72
25141335,Le Van Chi,3.74,9.35,0,2001-12-25,DTVT,K21,0,37,98
25141336,Truong Van Phuc,2.62,6.55,1,2006-01-09,CKM,K24,0,66,93
25141337,Mai Thi Minh,1.97,4.92,1,2001-04-29,DTVT,K21,0,118,87
25141338,Truong Van Quan,2.63,6.57,0,2005-06-28,CNOT,K21,0,122,51
25141339,Nguyen Van Dung,2.61,6.52,1,2004-12-14,CKM,K21,0,109,75
25141340,Tran Thi Son,3.96,9.9,1,2007-05-05,KT,K24,0,106,88
25141341,Bui Thi Chi,2.63,6.57,1,2004-07-05,QTKD,K24,1,133,97
25141342,Pham Thi Duc,1.91,4.77,1,2007-05-04,KTPM,K25,0,77,78
25141343,Pham Thi Hai,1.58,3.95,1,2003-11-30,KTPM,K25,0,113,55
25141344,Do Van Chi,3.97,9.93,0,2002-09-16,CNOT,K22,0,64,50
25141345,Le Van Dung,3.8,9.5,1,2004-12-04,CKM,K24,0,136,56
25141346,Huynh Van Binh,2.36,5.9,0,2007-02-18,KTMT,K24,1,129,58
25141347,Truong Van Minh,3.74,9.35,1,2003-08-22,KT,K25,0,102,58
25141348,Truong Van Ngoc,2.9,7.25,0,2001-10-07,DTVT,K25,0,36,92
25141349,Hoang Van Linh,2.86,7.15,1,2007-06-13,DTVT,K24,0,146,68
25141350,Hoang Van Trang,1.8,4.5,0,2007-02-11,CKM,K24,0,41,73
25141351,Phan Thi An,2.94,7.35,0,2003-10-29,QTKD,K22,0,137,71
25141352,Le Van Khanh,3.9,9.75,1,2005-03-05,KT,K22,0,125,92
25141353,Bui Thi Phuc,3.3,8.25,0,2001-10-20,KHMT,K23,0,112,51
25141354,Tran Thi Giang,2.19,5.47,1,2003-11-11,QTKD,K21,0,67,65
25141355,Dang Van Son,3.52,8.8,0,2006-04-17,KTMT,K21,0,113,78
25141356,Truong Van Nam,2.82,7.05,0,2005-05-15,CNTT,K21,0,83,95
25141357,Le Van Nam,3.35,8.38,1,2006-06-29,CKM,K23,0,49,85
25141358,Bui Thi Hai,2.52,6.3,1,2006-06-17,DTVT,K24,0,39,100
25141359,Nguyen Van Son,3.87,9.68,1,2006-01-27,KTPM,K21,0,64,65
25141360,Le Van Linh,1.69,4.22,1,2002-03-01,KTMT,K22,0,124,92
25141361,Vo Thi Vy,1.88,4.7,0,2005-02-22,KT,K25,0,31,87
25141362,Tran Thi Son,2.06,5.15,0,2001-10-22,KTMT,K23,0,125,68
25141363,Pham Thi Khanh,3.83,9.57,1,2001-03-25,KTMT,K22,0,88,75
25141364,Le Van Minh,2.59,6.47,0,2003-10-18,HTTT,K23,0,137,57
25141365,Do Van Quan,2.19,5.47,0,2006-12-15,KTMT,K24,0,141,77
25141366,Dang Van Giang,3.96,9.9,1,2004-11-05,KTMT,K22,0,120,93
25141367,Bui Thi An,3.5,8.75,0,2002-12-31,KT,K24,0,62,99
25141368,Tran Thi Ngoc,3.37,8.43,1,2006-09-26,CNOT,K22,0,106,77
25141369,Ngo Thi Linh,3.92,9.8,0,2006-09-16,KHMT,K24,0,44,62
25141370,Mai Thi An,1.54,3.85,1,2007-06-22,CKM,K25,0,102,50
25141371,Duong Van Chi,1.53,3.83,0,2005-03-27,CNTT,K24,0,118,82
25141372,Huynh Van An,2.73,6.83,0,2007-05-29,CNOT,K24,0,147,56
25141373,Le Van Hieu,1.88,4.7,1,2001-03-18,CKM,K25,0,139,64
25141374,Ngo Thi Linh,3.93,9.83,0,2005-09-22,KT,K23,1,113,95
25141375,Do Van Dung,2.69,6.72,0,2002-08-28,KHMT,K24,0,88,99
25141376,Bui Thi An,1.53,3.83,1,2006-04-11,CKM,K21,0,67,59
25141377,Le Van Binh,1.58,3.95,0,2006-08-22,CNOT,K24,0,112,88
25141378,Pham Thi An,1.51,3.77,0,2002-02-16,QTKD,K21,0,97,51
25141379,Do Van Quan,2.31,5.78,0,2003-03-01,CNTT,K25,1,47,66
25141380,Tran Thi Hieu,2.47,6.18,1,2003-02-17,KHMT,K21,0,94,100
25141381,Dang Van Vy,3.75,9.38,1,2001-05-27,KTPM,K23,1,78,89
25141382,Mai Thi Duc,1.77,4.42,0,2007-06-23,KTMT,K22,0,70,91
25141383,Dang Van Hieu,3.05,7.62,1,2002-02-26,DTVT,K25,0,147,74
25141384,Huynh Van Thao,1.66,4.15,1,2004-06-21,DTVT,K23,0,73,89
25141385,Bui Thi Quan,3.08,7.7,0,2006-09-08,CKM,K24,0,129,71
25141386,Truong Van Ngoc,3.66,9.15,0,2002-11-13,KT,K24,0,70,62
25141387,Do Van Quan,2.18,5.45,0,2004-04-22,CNTT,K24,0,61,76
25141388,Le Van Thao,2.82,7.05,0,2001-06-21,KTPM,K25,0,81,93
25141389,Hoang Van Quan,1.61,4.03,0,2006-01-03,CKM,K23,0,65,93
25141390,Truong Van Chi,2.16,5.4,0,2007-10-06,KT,K22,0,52,52
25141391,Duong Van Phuc,2.24,5.6,1,2002-02-06,KTPM,K22,0,135,85
25141392,Le Van Trang,1.84,4.6,0,2004-05-02,KTMT,K21,1,125,72
25141393,Hoang Van Thao,2.75,6.88,0,2004-02-22,QTKD,K24,0,55,82
25141394,Phan Thi Nam,2.01,5.02,1,2007-02-04,DTVT,K25,0,53,74
25141395,Tran Thi Giang,1.53,3.83,1,2002-04-13,CNOT,K24,0,89,75
25141396,Hoang Van Hai,3.38,8.45,1,2005-04-14,HTTT,K24,0,131,53
25141397,Do Van Duc,3.91,9.78,0,2001-07-13,CNTT,K23,0,105,70
25141398,Nguyen Van Thao,3.1,7.75,1,2001-03-19,CNTT,K24,0,45,96
25141399,Le Van Thao,3.52,8.8,1,2007-08-03,CNOT,K21,0,60,60
25141400,Pham Thi Quan,1.81,4.53,0,2001-05-17,HTTT,K24,0,100,96
25141401,Huynh Van Dung,1.85,4.62,1,2007-05-04,KHMT,K23,0,60,55
25141402,Hoang Van Phuc,1.5,3.75,1,2003-09-21,KT,K23,0,46,87
25141403,Hoang Van An,1.97,4.92,1,2005-11-19,DTVT,K23,0,57,63
25141404,Do Van Duc,3.82,9.55,1,2004-03-15,HTTT,K23,0,127,65
25141405,Pham Thi Linh,2.99,7.48,0,2006-02-06,QTKD,K23,0,41,87
25141406,Mai Thi Trang,1.83,4.58,0,2001-10-02,QTKD,K25,0,113,55
25141407,Duong Van Minh,1.72,4.3,0,2005-05-19,CNTT,K22,1,45,54
25141408,Pham Thi Vy,2.81,7.03,0,2003-09-07,QTKD,K24,0,135,96
25141409,Vo Thi Khanh,2.67,6.67,0,2005-12-01,KHMT,K22,0,95,94
25141410,Le Van Dung,1.61,4.03,0,2006-10-09,KT,K24,0,119,72
25141411,Truong Van Thao,1.91,4.77,1,2004-07-07,CNOT,K25,0,78,96
25141412,Vo Thi Duc,1.88,4.7,0,2006-10-02,CKM,K21,0,80,97
25141413,Le Van Thao,2.2,5.5,0,2007-12-22,KT,K24,0,150,51
25141414,Mai Thi Son,1.97,4.92,0,2006-01-15,HTTT,K25,0,73,91
25141415,Nguyen Van Hai,2.24,5.6,1,2002-06-16,DTVT,K24,0,84,93
25141416,Phan Thi Phuc,3.57,8.92,1,2005-10-23,CNOT,K23,0,78,55
25141417,Pham Thi Hai,2.47,6.18,1,2006-07-02,KHMT,K21,0,101,88
25141418,Le Van Phuc,3.92,9.8,1,2006-06-16,KTMT,K25,0,57,53
25141419,Duong Van Tuan,3.53,8.82,1,2006-06-22,CKM,K23,0,65,93
25141420,Hoang Van Hai,3.64,9.1,0,2001-02-09,CNTT,K25,0,128,98
25141421,Ngo Thi Phuc,1.75,4.38,1,2007-09-13,CNOT,K24,0,127,66
25141422,Hoang Van Chi,3.21,8.03,0,2002-05-31,CNOT,K25,0,61,77
25141423,Truong Van Hai,2.51,6.27,0,2002-12-23,CNOT,K21,0,99,99
25141424,Hoang Van Linh,3.81,9.53,0,2007-01-19,KHMT,K25,0,66,76
25141425,Ngo Thi Hieu,1.72,4.3,0,2002-03-30,DTVT,K25,0,58,87
25141426,Huynh Van Vy,1.77,4.42,1,2001-01-18,KTPM,K21,1,76,60
25141427,Mai Thi Duc,3.98,9.95,1,2003-09-01,CNOT,K22,0,36,56
25141428,Nguyen Van An,3.27,8.18,0,2007-08-02,KT,K24,0,34,66
25141429,Dang Van Hai,2.65,6.62,1,2004-05-22,CNOT,K25,0,31,87
25141430,Truong Van Chi,2.77,6.92,1,2005-01-11,QTKD,K25,0,148,57
25141431,Huynh Van Phuc,1.85,4.62,1,2002-12-16,KTPM,K23,1,33,79
25141432,Vo Thi Vy,3.6,9.0,1,2006-01-04,CKM,K25,0,65,80
25141433,Vo Thi Giang,1.6,4.0,0,2006-08-04,CNOT,K22,1,72,56
25141434,Huynh Van Trang,3.21,8.03,1,2002-12-05,HTTT,K23,0,145,79
25141435,Huynh Van Duc,2.12,5.3,1,2007-10-23,HTTT,K25,0,108,52
25141436,Ngo Thi An,3.63,9.07,1,2002-07-26,DTVT,K21,0,119,84
25141437,Bui Thi Quan,2.32,5.8,0,2004-04-23,KHMT,K24,0,34,68
25141438,Hoang Van Quan,2.0,5.0,0,2002-12-03,HTTT,K24,0,75,85
25141439,Truong Van Duc,3.9,9.75,0,2003-03-07,DTVT,K23,1,57,95
25141440,Phan Thi Linh,2.22,5.55,0,2007-08-21,CKM,K23,1,113,50
25141441,Tran Thi Tuan,2.51,6.27,0,2004-04-28,HTTT,K25,0,101,76
25141442,Ngo Thi Thao,3.71,9.28,1,2001-10-01,QTKD,K21,0,83,50
25141443,Tran Thi Binh,3.25,8.12,1,2003-10-12,DTVT,K21,0,78,50
25141444,Bui Thi Thao,2.32,5.8,0,2005-06-25,KT,K22,0,140,75
25141445,Do Van Nam,3.85,9.62,1,2001-01-08,CKM,K25,0,90,96
25141446,Tran Thi Quan,1.76,4.4,1,2005-11-25,DTVT,K21,0,64,88
25141447,Vo Thi Trang,3.39,8.47,0,2006-08-02,DTVT,K23,0,143,81
25141448,Duong Van Giang,3.22,8.05,0,2002-10-27,KTMT,K21,0,135,84
25141449,Vo Thi Son,2.71,6.78,1,2006-04-18,CKM,K24,0,88,65
25141450,Pham Thi Thao,3.0,7.5,1,2007-12-31,DTVT,K21,0,52,83
25141451,Dang Van Binh,2.28,5.7,0,2001-07-13,CNTT,K25,0,94,86
25141452,Tran Thi Giang,1.66,4.15,1,2001-12-06,HTTT,K25,0,46,53
25141453,Tran Thi Trang,3.09,7.72,1,2003-07-15,QTKD,K25,0,134,72
25141454,Mai Thi Giang,3.54,8.85,0,2006-12-27,DTVT,K25,0,126,66
25141455,Duong Van Hai,3.96,9.9,1,2003-07-01,QTKD,K21,0,41,96
25141456,Le Van Phuc,2.2,5.5,0,2005-11-17,KHMT,K22,0,49,96
25141457,Phan Thi Khanh,3.89,9.72,1,2007-06-22,DTVT,K24,0,73,57
25141458,Tran Thi Binh,3.15,7.88,1,2002-08-10,HTTT,K23,0,80,84
25141459,Duong Van Minh,2.89,7.23,0,2005-09-01,KTPM,K21,0,106,71
25141460,Vo Thi Linh,2.95,7.38,0,2006-09-13,CNTT,K21,0,123,100
25141461,Phan Thi Giang,3.1,7.75,0,2007-10-26,KT,K22,1,149,92
25141462,Duong Van Giang,2.91,7.28,0,2003-06-24,KTMT,K24,0,96,52
25141463,Phan Thi Nam,3.51,8.77,0,2001-09-18,KHMT,K22,0,112,79
25141464,Hoang Van Giang,3.32,8.3,1,2003-09-27,DTVT,K22,0,91,70
25141465,Dang Van Khanh,1.79,4.47,0,2006-05-08,CNOT,K21,0,58,90
25141466,Pham Thi Ngoc,1.94,4.85,1,2006-09-18,KT,K22,0,78,80
25141467,Do Van Tuan,3.47,8.68,1,2002-01-22,KTMT,K24,0,98,97
25141468,Truong Van Hieu,3.07,7.67,0,2006-11-11,KHMT,K21,0,33,62
25141469,Tran Thi Nam,3.9,9.75,0,2001-07-08,CNOT,K21,0,114,81
25141470,Hoang Van Duc,2.05,5.12,0,2005-01-20,KT,K23,0,59,50
25141471,Hoang Van Nam,3.54,8.85,0,2004-03-12,KT,K21,0,132,93
25141472,Phan Thi Khanh,3.96,9.9,0,2005-12-11,KTMT,K23,0,45,68
25141473,Dang Van An,3.98,9.95,0,2001-11-12,CKM,K21,0,145,66
25141474,Le Van Tuan,3.01,7.52,1,2004-09-05,CKM,K25,0,95,72
25141475,Ngo Thi Binh,1.65,4.12,0,2004-01-13,KTMT,K22,0,84,57
25141476,Do Van Son,3.02,7.55,1,2007-11-30,DTVT,K23,0,94,92
25141477,Le Van Duc,2.95,7.38,0,2002-04-08,CNTT,K22,0,97,91
25141478,Do Van Duc,2.61,6.52,1,2007-08-20,CKM,K21,0,53,58
25141479,Pham Thi Binh,3.96,9.9,1,2002-09-19,KHMT,K21,0,98,95
25141480,Le Van Khanh,2.62,6.55,1,2007-08-10,KT,K25,0,97,73
25141481,Duong Van Hai,2.92,7.3,1,2005-04-26,DTVT,K22,0,35,52
25141482,Dang Van Linh,2.51,6.27,1,2003-08-06,KTPM,K24,0,125,81
25141483,Truong Van Phuc,3.82,9.55,1,2001-01-14,KT,K24,0,101,84
25141484,Truong Van Ngoc,2.16,5.4,0,2004-09-17,HTTT,K22,0,137,86
25141485,Vo Thi Vy,3.44,8.6,1,2004-04-06,HTTT,K22,0,85,87
25141486,Vo Thi Vy,3.46,8.65,0,2002-11-15,KT,K21,0,36,91
25141487,Phan Thi Quan,1.83,4.58,0,2007-08-01,KT,K21,0,67,84
25141488,Mai Thi Vy,3.81,9.53,0,2002-11-15,KT,K23,0,40,55
25141489,Ngo Thi Tuan,2.61,6.52,1,2007-10-05,HTTT,K22,1,61,64
25141490,Do Van Dung,2.36,5.9,1,2002-02-09,CNOT,K23,0,115,52
25141491,Phan Thi Vy,2.49,6.23,1,2003-02-25,QTKD,K22,0,145,61
25141492,Pham Thi An,3.09,7.72,1,2006-10-29,CNTT,K23,0,112,100
25141493,Hoang Van Chi,2.92,7.3,0,2006-11-03,KTPM,K25,0,111,56
25141494,Hoang Van Minh,1.53,3.83,0,2001-05-14,CNTT,K21,0,66,52
25141495,Le Van Linh,2.29,5.72,1,2007-07-31,CKM,K21,0,38,87
25141496,Hoang Van Hai,3.72,9.3,1,2004-12-01,CNTT,K22,0,146,66
25141497,Pham Thi Dung,1.68,4.2,1,2001-07-24,KT,K25,1,102,100
25141498,Phan Thi Hieu,2.32,5.8,1,2007-06-03,CNTT,K25,0,115,61
25141499,Bui Thi Ngoc,3.84,9.6,1,2002-05-29,CNTT,K22,0,43,52
25141500,Huynh Van Duc,3.05,7.62,0,2007-01-06,KT,K21,0,73,59
25141501,Truong Van Trang,3.44,8.6,0,2006-07-07,HTTT,K22,0,128,53
25141502,Dang Van Vy,2.44,6.1,0,2002-01-18,CNTT,K22,0,107,89
25141503,Hoang Van Hieu,3.84,9.6,1,2007-04-28,KHMT,K22,0,141,65
25141504,Do Van Linh,2.83,7.08,0,2003-04-30,CNTT,K21,0,62,57
25141505,Huynh Van Hieu,3.28,8.2,1,2006-12-16,CNTT,K21,0,65,71
25141506,Ngo Thi Vy,3.3,8.25,1,2003-06-02,KT,K24,1,35,53
25141507,Pham Thi Giang,2.59,6.47,0,2002-01-18,KHMT,K21,0,60,64
25141508,Pham Thi Son,3.52,8.8,0,2005-10-08,KHMT,K24,0,32,71
25141509,Phan Thi Binh,1.93,4.83,1,2007-07-28,CKM,K25,1,110,95
25141510,Nguyen Van Phuc,2.37,5.93,1,2003-07-14,QTKD,K22,1,109,67
25141511,Mai Thi Binh,3.25,8.12,0,2006-05-22,HTTT,K24,0,93,97
25141512,Bui Thi Chi,2.94,7.35,1,2005-11-10,KT,K21,0,121,50
25141513,Ngo Thi Son,1.64,4.1,0,2005-01-30,CNOT,K24,0,109,60
25141514,Pham Thi Dung,3.19,7.97,0,2005-01-28,QTKD,K22,0,145,76
25141515,Duong Van Tuan,3.75,9.38,0,2005-01-19,CNTT,K24,0,111,73
25141516,Bui Thi Minh,2.68,6.7,1,2005-06-26,KTMT,K21,0,138,65
25141517,Dang Van Thao,1.62,4.05,0,2002-02-22,DTVT,K25,0,61,63
25141518,Le Van Binh,3.0,7.5,1,2005-08-19,HTTT,K21,0,112,53
25141519,Pham Thi Nam,3.25,8.12,0,2005-08-28,KTMT,K23,0,140,99
25141520,Vo Thi Thao,2.5,6.25,1,2002-11-12,QTKD,K25,0,67,75
25141521,Nguyen Van Chi,2.69,6.72,0,2003-12-24,HTTT,K24,0,137,61
25141522,Dang Van Linh,2.62,6.55,1,2005-06-10,KHMT,K25,0,107,73
25141523,Nguyen Van Hai,3.17,7.92,0,2004-01-08,KTMT,K22,0,87,75
25141524,Truong Van Hai,2.86,7.15,0,2003-01-20,KT,K23,0,75,92
25141525,Vo Thi Ngoc,3.62,9.05,0,2003-05-04,QTKD,K23,0,53,97
25141526,Do Van Trang,3.16,7.9,1,2007-06-19,KHMT,K24,0,146,90
25141527,Dang Van Linh,3.85,9.62,0,2007-11-03,KTPM,K23,0,108,71
25141528,Tran Thi Hieu,2.11,5.27,1,2001-08-30,HTTT,K25,0,123,99
25141529,Hoang Van Son,1.74,4.35,0,2005-10-13,QTKD,K25,1,34,58
25141530,Pham Thi Hai,2.35,5.88,1,2001-11-12,CKM,K22,0,82,50
25141531,Nguyen Van Quan,1.54,3.85,1,2006-07-20,KHMT,K23,0,90,65
25141532,Ngo Thi Thao,3.59,8.97,0,2001-03-01,KT,K22,0,57,52
25141533,Vo Thi Hieu,3.83,9.57,1,2003-09-27,KHMT,K22,0,74,57
25141534,Dang Van Ngoc,3.93,9.83,0,2002-04-27,CKM,K22,0,52,50
25141535,Hoang Van Son,3.63,9.07,0,2003-04-06,KT,K25,0,38,82
25141536,Dang Van Dung,3.05,7.62,1,2006-07-29,KTMT,K24,0,49,57
25141537,Le Van Hai,1.61,4.03,0,2002-06-21,KT,K24,0,30,76
25141538,Duong Van Trang,1.95,4.88,0,2001-11-21,KTMT,K23,0,74,64
25141539,Bui Thi Dung,1.94,4.85,0,2007-01-03,DTVT,K23,0,31,60
25141540,Dang Van Vy,1.59,3.98,1,2002-11-12,KTPM,K24,0,63,50
25141541,Bui Thi Giang,1.88,4.7,1,2002-09-24,CNOT,K23,0,138,81
25141542,Nguyen Van Tuan,3.03,7.57,1,2004-07-17,CNTT,K23,0,114,69
25141543,Hoang Van Hieu,3.61,9.03,1,2006-01-02,KTPM,K24,0,114,89
25141544,Le Van An,1.97,4.92,1,2004-11-08,KTMT,K24,0,102,93
25141545,Le Van Hai,2.93,7.33,0,2006-12-02,CNTT,K21,0,47,70
25141546,Mai Thi Duc,2.32,5.8,0,2005-05-06,CNTT,K25,0,46,91
25141547,Tran Thi Hieu,2.27,5.67,0,2007-05-23,KTPM,K25,0,59,80
25141548,Le Van An,1.71,4.28,0,2003-01-07,KTPM,K24,0,125,98
25141549,Phan Thi Giang,2.98,7.45,1,2007-08-22,DTVT,K22,0,136,94
25141550,Pham Thi Minh,1.54,3.85,0,2001-10-20,CKM,K21,0,123,81
25141551,Vo Thi Minh,3.36,8.4,0,2003-08-28,KT,K24,1,55,98
25141552,Phan Thi Duc,1.88,4.7,0,2004-01-08,KT,K23,0,145,100
25141553,Tran Thi Phuc,2.25,5.62,1,2002-06-25,QTKD,K22,0,88,84
25141554,Phan Thi Hieu,2.22,5.55,1,2005-06-29,KTPM,K24,0,134,66
25141555,Duong Van Khanh,1.66,4.15,0,2002-10-24,KTMT,K21,0,42,79
25141556,Truong Van Linh,3.71,9.28,0,2001-11-18,DTVT,K21,0,93,93
25141557,Truong Van Son,1.94,4.85,1,2003-04-27,QTKD,K24,0,113,100
25141558,Pham Thi Vy,2.22,5.55,1,2003-08-15,KTMT,K24,1,104,83
25141559,Pham Thi Tuan,2.97,7.43,0,2005-09-09,HTTT,K22,0,119,57
25141560,Vo Thi Binh,3.55,8.88,0,2004-09-01,KT,K23,0,89,83
25141561,Hoang Van Giang,3.29,8.22,0,2006-07-10,KTPM,K21,0,61,56
25141562,Ngo Thi Chi,3.49,8.73,0,2002-11-02,QTKD,K23,0,106,89
25141563,Duong Van Hieu,3.12,7.8,1,2005-05-06,KHMT,K25,0,37,83
25141564,Dang Van An,1.57,3.93,1,2003-04-04,QTKD,K25,1,75,84
25141565,Phan Thi Chi,3.97,9.93,0,2003-10-11,KTPM,K24,0,124,73
25141566,Ngo Thi Hai,2.16,5.4,1,2007-08-24,KT,K21,0,92,62
25141567,Nguyen Van Khanh,2.08,5.2,0,2005-11-16,KTPM,K21,0,147,91
25141568,Dang Van Ngoc,2.3,5.75,0,2002-04-19,KTPM,K21,0,90,70
25141569,Ngo Thi An,1.95,4.88,1,2001-10-04,CNOT,K23,0,87,84
25141570,Hoang Van Thao,2.36,5.9,0,2004-12-06,CKM,K25,0,133,69
25141571,Le Van Thao,1.63,4.07,0,2005-09-26,CNOT,K23,0,64,95
25141572,Phan Thi Son,2.8,7.0,0,2001-06-11,KTPM,K25,0,80,71
25141573,Duong Van Trang,1.86,4.65,1,2001-11-20,KTMT,K23,0,75,56
25141574,Vo Thi Dung,3.84,9.6,1,2006-09-24,DTVT,K23,0,73,69
25141575,Dang Van Linh,2.44,6.1,0,2007-02-15,CKM,K22,0,121,72
25141576,Ngo Thi Binh,2.12,5.3,1,2004-03-09,KTPM,K23,0,83,87
25141577,Duong Van Minh,1.75,4.38,0,2002-10-18,CNOT,K23,0,69,53
25141578,Do Van Dung,2.73,6.83,0,2002-05-25,CNOT,K21,0,150,51
25141579,Pham Thi Ngoc,3.22,8.05,0,2007-05-14,HTTT,K25,0,44,86
25141580,Hoang Van Dung,2.0,5.0,0,2007-06-16,KT,K25,0,130,82
25141581,Bui Thi Duc,2.98,7.45,1,2004-07-09,KTPM,K24,0,115,66
25141582,Dang Van Tuan,3.49,8.73,1,2001-09-23,CNTT,K21,0,48,84
25141583,Phan Thi Binh,3.98,9.95,0,2004-10-27,KTMT,K24,0,52,96
25141584,Pham Thi Dung,2.56,6.4,1,2003-01-19,KT,K22,0,64,76
25141585,Le Van Trang,3.37,8.43,0,2005-09-29,CNTT,K24,0,86,58
25141586,Phan Thi Vy,3.24,8.1,0,2005-09-09,CKM,K22,0,82,76
25141587,Tran Thi Quan,1.88,4.7,0,2003-12-17,KTMT,K23,1,121,77
25141588,Hoang Van Thao,3.06,7.65,1,2001-07-11,KT,K21,0,89,98
25141589,Tran Thi Phuc,2.45,6.12,1,2003-02-20,KTMT,K21,0,39,59
25141590,Hoang Van An,2.77,6.92,1,2006-11-23,KTMT,K22,1,142,98
25141591,Truong Van Hieu,2.47,6.18,1,2004-01-24,KTPM,K24,1,66,60
25141592,Huynh Van Trang,3.46,8.65,1,2005-08-11,KTMT,K23,0,72,59
25141593,Ngo Thi Quan,3.57,8.92,1,2002-06-17,CNTT,K21,0,83,82
25141594,Truong Van Nam,3.49,8.73,0,2004-09-29,DTVT,K22,1,129,62
25141595,Pham Thi Ngoc,2.41,6.03,0,2004-02-23,HTTT,K23,0,144,68
25141596,Vo Thi Hieu,3.94,9.85,0,2005-03-29,KHMT,K23,0,107,72
25141597,Duong Van Giang,2.39,5.98,0,2007-04-05,KTPM,K22,0,63,65
25141598,Hoang Van Nam,3.92,9.8,1,2005-12-07,CNOT,K21,0,150,61
25141599,Tran Thi Hai,1.98,4.95,0,2004-12-23,QTKD,K23,0,105,80
25141600,Truong Van Tuan,2.48,6.2,1,2001-10-17,CKM,K22,0,115,76
25141601,Ngo Thi Dung,1.53,3.83,0,2006-11-18,KTMT,K23,1,109,83
25141602,Dang Van Vy,1.56,3.9,0,2004-02-20,HTTT,K24,0,95,88
25141603,Le Van Khanh,1.52,3.8,1,2007-03-17,HTTT,K25,0,122,79
25141604,Duong Van An,3.13,7.82,1,2006-01-21,KHMT,K23,0,89,63
25141605,Duong Van Thao,3.26,8.15,1,2002-10-05,CNOT,K24,0,150,50
25141606,Ngo Thi Linh,3.19,7.97,0,2002-09-09,KHMT,K24,0,138,56
25141607,Le Van Nam,2.12,5.3,1,2007-03-24,DTVT,K25,0,140,87
25141608,Nguyen Van Minh,2.5,6.25,0,2006-10-03,QTKD,K21,1,36,93
25141609,Hoang Van Tuan,2.64,6.6,1,2006-07-16,HTTT,K24,0,120,88
25141610,Vo Thi Binh,3.7,9.25,0,2007-07-18,KHMT,K21,0,49,51
25141611,Duong Van Binh,2.37,5.93,1,2002-04-21,QTKD,K24,0,146,83
25141612,Nguyen Van Giang,1.58,3.95,0,2001-12-26,CNOT,K23,0,86,64
25141613,Hoang Van Nam,2.86,7.15,1,2007-02-15,DTVT,K23,0,56,85
25141614,Tran Thi Minh,2.99,7.48,1,2004-01-07,HTTT,K22,0,109,57
25141615,Le Van Son,2.0,5.0,1,2006-02-10,QTKD,K21,0,46,58
25141616,Vo Thi Binh,1.72,4.3,1,2001-03-16,QTKD,K21,0,94,84
25141617,Vo Thi Dung,3.39,8.47,0,2007-07-01,CKM,K21,0,48,76
25141618,Tran Thi Chi,2.42,6.05,1,2006-07-05,HTTT,K21,0,79,52
25141619,Truong Van Chi,2.5,6.25,1,2007-12-19,KTMT,K21,1,69,71
25141620,Hoang Van Binh,3.52,8.8,1,2002-05-31,CNOT,K23,0,122,59
25141621,Do Van Phuc,3.13,7.82,0,2007-10-30,KTMT,K23,0,31,95
25141622,Le Van Giang,2.34,5.85,1,2003-04-06,CKM,K21,0,92,67
25141623,Truong Van Duc,3.8,9.5,1,2007-06-26,CNTT,K22,0,143,53
25141624,Mai Thi Minh,3.95,9.88,0,2007-01-26,KTMT,K24,0,73,90
25141625,Duong Van Hieu,2.55,6.38,1,2003-07-05,KTMT,K22,0,150,87
25141626,Bui Thi Phuc,3.77,9.43,0,2002-08-28,DTVT,K24,0,71,65
25141627,Mai Thi Linh,3.99,9.98,1,2001-02-19,KTPM,K22,0,36,65
25141628,Le Van Vy,3.49,8.73,1,2007-12-15,KTMT,K25,1,108,52
25141629,Huynh Van Son,1.95,4.88,1,2005-07-25,CKM,K23,0,113,95
25141630,Phan Thi Giang,2.56,6.4,1,2004-06-24,DTVT,K24,0,90,56
25141631,Tran Thi Chi,3.31,8.28,0,2001-02-01,HTTT,K21,0,110,51
25141632,Le Van Giang,2.11,5.27,1,2005-08-27,KTPM,K24,0,47,71
25141633,Tran Thi Duc,2.98,7.45,0,2001-06-06,KTPM,K25,0,125,89
25141634,Huynh Van Phuc,1.92,4.8,0,2006-08-10,CNTT,K23,0,126,84
25141635,Mai Thi Phuc,2.95,7.38,0,2006-03-08,CNOT,K21,0,92,95
25141636,Mai Thi An,2.75,6.88,1,2004-10-11,KHMT,K21,1,63,75
25141637,Ngo Thi Son,2.42,6.05,1,2005-12-30,CKM,K25,0,130,59
25141638,Bui Thi Trang,2.48,6.2,1,2004-05-31,DTVT,K25,0,65,50
25141639,Le Van Nam,3.33,8.32,0,2006-12-02,KT,K25,0,150,93
25141640,Ngo Thi Son,3.33,8.32,0,2002-01-02,KHMT,K22,1,95,80
25141641,Le Van Thao,3.54,8.85,1,2002-07-01,HTTT,K22,0,42,59
25141642,Ngo Thi Ngoc,1.82,4.55,0,2005-11-29,DTVT,K22,0,87,70
25141643,Duong Van Giang,2.73,6.83,1,2003-04-07,KTPM,K25,0,128,50
25141644,Huynh Van Binh,2.17,5.42,0,2004-06-26,CNTT,K25,0,63,82
25141645,Tran Thi Quan,2.3,5.75,1,2002-04-22,CNOT,K22,0,52,94
25141646,Truong Van Tuan,2.61,6.52,1,2001-03-18,CNTT,K25,0,59,72
25141647,Bui Thi Tuan,3.79,9.47,0,2001-10-30,CKM,K25,0,98,99
25141648,Do Van Vy,3.74,9.35,1,2002-09-23,KT,K21,0,60,92
25141649,Ngo Thi Duc,2.23,5.58,1,2002-06-02,QTKD,K24,0,123,68
25141650,Le Van Dung,1.83,4.58,0,2002-09-29,CNOT,K21,0,85,80
25141651,Phan Thi Chi,3.47,8.68,0,2007-09-27,CNTT,K22,1,61,99
25141652,Bui Thi Son,2.56,6.4,1,2006-12-04,KHMT,K24,0,73,97
25141653,Hoang Van Nam,2.21,5.53,1,2001-05-26,KTMT,K25,0,61,92
25141654,Mai Thi Hieu,1.67,4.17,1,2004-12-13,KT,K21,0,122,85
25141655,Le Van Phuc,1.79,4.47,0,2003-04-17,DTVT,K24,0,63,76
25141656,Nguyen Van Trang,2.33,5.83,0,2007-12-26,QTKD,K25,0,117,50
25141657,Vo Thi Chi,2.2,5.5,0,2005-05-13,CNTT,K25,0,148,71
25141658,Mai Thi Minh,3.41,8.53,0,2003-02-01,CNTT,K22,0,106,84
25141659,Truong Van Quan,2.83,7.08,1,2001-01-05,DTVT,K22,0,146,54
25141660,Mai Thi Hai,1.78,4.45,1,2005-02-27,KTMT,K25,0,140,59
25141661,Pham Thi Thao,3.71,9.28,1,2004-01-25,QTKD,K21,0,69,80
25141662,Vo Thi Hai,2.87,7.18,1,2006-02-24,KHMT,K24,0,61,79
25141663,Dang Van Hai,2.26,5.65,0,2006-06-04,DTVT,K25,0,92,52
25141664,Le Van Trang,3.31,8.28,1,2004-09-19,CKM,K21,0,138,80
25141665,Ngo Thi Ngoc,2.42,6.05,1,2002-12-15,CNOT,K23,0,96,99
25141666,Pham Thi Quan,3.58,8.95,0,2007-06-11,KHMT,K24,0,33,77
25141667,Hoang Van Son,3.11,7.77,1,2002-09-19,KTMT,K21,0,118,51
25141668,Nguyen Van Tuan,2.89,7.23,1,2006-07-16,KHMT,K24,0,89,77
25141669,Phan Thi Hieu,3.18,7.95,0,2003-08-15,KTMT,K21,0,128,79
25141670,Duong Van Hai,2.01,5.02,0,2001-05-12,KTPM,K23,0,80,56
25141671,Huynh Van Vy,2.11,5.27,0,2001-07-17,KTMT,K23,0,111,65
25141672,Truong Van Phuc,3.08,7.7,1,2005-09-08,CNOT,K25,0,106,59
25141673,Huynh Van Phuc,1.58,3.95,1,2007-03-06,KTMT,K25,1,43,91
25141674,Hoang Van Giang,3.85,9.62,0,2003-06-27,CNTT,K23,1,143,62
25141675,Huynh Van Giang,3.63,9.07,1,2002-10-16,KT,K23,0,107,61
25141676,Tran Thi Linh,3.7,9.25,0,2002-07-05,CNTT,K22,0,33,63
25141677,Pham Thi Linh,2.83,7.08,0,2004-07-12,CKM,K24,0,100,74
25141678,Ngo Thi Giang,3.4,8.5,1,2004-07-14,CNTT,K24,0,90,89
25141679,Truong Van Vy,2.69,6.72,1,2007-01-21,HTTT,K21,0,107,90
25141680,Do Van An,2.41,6.03,0,2004-07-19,KHMT,K22,0,141,80
25141681,Bui Thi Tuan,2.96,7.4,1,2005-08-18,KTPM,K24,0,124,53
25141682,Ngo Thi Hieu,2.85,7.12,0,2005-12-28,CNOT,K22,0,95,56
25141683,Nguyen Van Ngoc,3.78,9.45,0,2003-11-14,HTTT,K22,0,52,99
25141684,Mai Thi Khanh,3.96,9.9,0,2005-09-28,CNTT,K24,0,132,75
25141685,Truong Van Hieu,1.58,3.95,1,2007-03-24,QTKD,K24,0,150,91
25141686,Ngo Thi Nam,2.51,6.27,0,2001-03-16,KTMT,K22,1,138,82
25141687,Hoang Van Phuc,3.19,7.97,0,2007-06-14,QTKD,K22,0,147,53
25141688,Truong Van Dung,2.39,5.98,1,2002-08-27,KTPM,K25,0,145,74
25141689,Truong Van Quan,2.74,6.85,0,2004-07-30,QTKD,K23,0,69,78
25141690,Nguyen Van Phuc,2.37,5.93,0,2002-06-07,CNTT,K25,0,127,75
25141691,Le Van Trang,3.07,7.67,0,2002-01-03,HTTT,K25,0,58,59
25141692,Tran Thi Phuc,2.68,6.7,1,2001-12-10,DTVT,K25,0,149,58
25141693,Bui Thi Vy,1.75,4.38,1,2003-01-07,CNTT,K23,1,102,57
25141694,Hoang Van Quan,2.76,6.9,1,2003-03-15,CNOT,K23,0,50,70
25141695,Truong Van Giang,2.01,5.02,1,2006-10-08,DTVT,K22,0,111,61
25141696,Duong Van Tuan,2.14,5.35,0,2002-11-09,KT,K23,0,46,81
25141697,Bui Thi Son,2.6,6.5,0,2001-01-08,KTMT,K25,0,80,100
25141698,Tran Thi An,1.65,4.12,0,2007-05-08,CNOT,K25,0,31,86
25141699,Le Van An,3.05,7.62,1,2001-04-06,CKM,K25,0,49,51
25141700,Nguyen Van Son,2.51,6.27,1,2007-08-03,KHMT,K23,0,124,75
25141701,Nguyen Van Hai,3.19,7.97,0,2002-11-21,QTKD,K25,0,82,67
25141702,Dang Van Chi,3.85,9.62,0,2003-09-04,CKM,K21,1,31,97
25141703,Le Van Quan,2.58,6.45,1,2003-02-22,HTTT,K25,0,134,65
25141704,Pham Thi Tuan,1.51,3.77,0,2001-06-17,HTTT,K24,0,48,75
25141705,Truong Van Hai,3.56,8.9,1,2002-11-27,CNOT,K23,0,117,51
25141706,Vo Thi Hieu,3.97,9.93,1,2004-05-16,KTMT,K22,0,72,72
25141707,Do Van Khanh,2.26,5.65,1,2002-07-07,HTTT,K25,0,112,96
25141708,Mai Thi Minh,2.74,6.85,0,2002-11-03,HTTT,K24,0,49,66
25141709,Bui Thi Khanh,2.8,7.0,1,2004-10-26,KTPM,K22,0,87,66
25141710,Mai Thi Phuc,3.62,9.05,1,2006-10-17,DTVT,K24,0,32,59
25141711,Ngo Thi Minh,3.33,8.32,1,2002-02-02,CNOT,K21,0,150,76
25141712,Huynh Van Linh,1.98,4.95,0,2001-12-03,CNOT,K22,0,85,88
25141713,Dang Van Trang,3.91,9.78,0,2004-07-07,KTMT,K23,0,93,77
25141714,Dang Van Duc,3.99,9.98,0,2001-08-22,KT,K24,1,87,87
25141715,Truong Van Duc,2.05,5.12,1,2005-06-18,CNTT,K22,0,87,90
25141716,Dang Van Hai,2.51,6.27,0,2006-08-17,KHMT,K23,0,43,69
25141717,Hoang Van Hai,3.21,8.03,0,2002-07-09,KHMT,K22,0,35,100
25141718,Ngo Thi Minh,1.79,4.47,1,2002-10-29,KTPM,K24,0,79,62
25141719,Duong Van Khanh,3.97,9.93,0,2007-09-05,HTTT,K21,0,38,82
25141720,Ngo Thi Nam,1.97,4.92,0,2003-05-31,KTPM,K21,0,85,96
25141721,Duong Van Dung,3.46,8.65,0,2003-05-10,HTTT,K24,0,147,92
25141722,Le Van Ngoc,3.03,7.57,0,2006-11-10,CNOT,K21,0,43,80
25141723,Mai Thi Giang,3.43,8.58,1,2007-08-08,CKM,K23,1,87,93
25141724,Hoang Van Thao,2.2,5.5,1,2003-11-01,CNTT,K25,0,45,71
25141725,Hoang Van Dung,3.22,8.05,0,2006-03-16,CNOT,K21,0,79,94
25141726,Pham Thi Chi,3.6,9.0,1,2006-12-13,KHMT,K22,1,108,82
25141727,Nguyen Van Ngoc,2.52,6.3,0,2007-12-24,CKM,K21,0,69,100
25141728,Phan Thi Khanh,2.3,5.75,0,2003-11-28,KTMT,K24,0,41,83
25141729,Le Van Hai,3.38,8.45,1,2002-06-04,KT,K23,0,38,84
25141730,Duong Van Quan,1.57,3.93,0,2004-02-02,CNTT,K24,0,61,86
25141731,Vo Thi Hai,2.11,5.27,1,2004-11-28,KTMT,K21,0,69,98
25141732,Pham Thi Vy,3.46,8.65,0,2001-06-12,CKM,K22,0,131,94
25141733,Tran Thi Linh,3.67,9.18,0,2002-05-12,KTPM,K24,0,128,88
25141734,Phan Thi Hai,2.09,5.22,0,2004-03-15,QTKD,K21,0,68,66
25141735,Dang Van Tuan,2.37,5.93,1,2002-08-05,HTTT,K24,0,69,58
25141736,Dang Van Phuc,2.89,7.23,1,2003-03-02,KHMT,K23,0,136,54
25141737,Phan Thi Nam,1.83,4.58,0,2001-03-31,CKM,K24,0,148,89
25141738,Tran Thi Khanh,3.73,9.32,1,2005-11-01,HTTT,K22,0,47,59
25141739,Do Van Khanh,2.88,7.2,1,2001-09-29,KTMT,K22,0,87,91
25141740,Dang Van Khanh,1.7,4.25,0,2007-04-19,HTTT,K25,0,122,50
25141741,Phan Thi Linh,1.57,3.93,0,2004-08-08,CKM,K22,0,110,100
25141742,Ngo Thi Linh,2.5,6.25,0,2002-10-16,CNTT,K23,0,44,65
25141743,Mai Thi Ngoc,1.7,4.25,1,2005-02-01,HTTT,K24,0,55,77
25141744,Mai Thi Hai,2.82,7.05,1,2007-12-14,QTKD,K21,0,130,85
25141745,Duong Van Phuc,2.01,5.02,0,2002-08-31,QTKD,K23,0,103,93
25141746,Tran Thi Tuan,2.25,5.62,1,2001-04-29,DTVT,K23,0,71,84
25141747,Dang Van An,1.94,4.85,0,2002-04-21,HTTT,K24,0,33,63
25141748,Bui Thi Chi,3.0,7.5,0,2002-05-11,QTKD,K22,1,101,93
25141749,Nguyen Van Quan,1.59,3.98,1,2006-09-25,CNTT,K24,0,38,95
25141750,Ngo Thi An,2.28,5.7,1,2001-09-17,KTPM,K22,0,84,98
25141751,Truong Van Trang,2.86,7.15,1,2002-09-11,KT,K22,0,124,96
25141752,Duong Van Thao,1.67,4.17,1,2006-05-10,KT,K21,0,88,78
25141753,Phan Thi Tuan,3.78,9.45,1,2006-04-24,KTPM,K21,0,120,60
25141754,Truong Van Ngoc,2.31,5.78,0,2001-11-30,CNOT,K23,0,115,72
25141755,Le Van Son,2.2,5.5,1,2005-07-01,KHMT,K24,0,60,78
25141756,Nguyen Van Vy,3.26,8.15,1,2006-07-29,CNTT,K21,1,82,77
25141757,Le Van Phuc,3.0,7.5,0,2005-11-12,CKM,K21,0,90,90
25141758,Vo Thi Minh,1.51,3.77,1,2001-06-28,CNTT,K22,0,89,50
25141759,Mai Thi Binh,2.08,5.2,0,2007-03-23,DTVT,K22,0,110,79
25141760,Dang Van Chi,1.54,3.85,1,2006-05-25,KT,K23,0,145,100
25141761,Huynh Van An,3.63,9.07,1,2007-03-18,QTKD,K25,0,111,98
25141762,Nguyen Van Son,2.24,5.6,1,2002-11-01,CNTT,K24,0,108,84
25141763,Hoang Van Ngoc,2.19,5.47,0,2003-10-08,KTMT,K21,0,89,58
25141764,Dang Van Tuan,2.76,6.9,0,2007-05-02,KHMT,K22,0,116,52
25141765,Bui Thi Chi,3.46,8.65,1,2005-04-29,DTVT,K25,0,92,54
25141766,Nguyen Van Son,3.79,9.47,0,2006-03-08,HTTT,K25,0,116,94
25141767,Pham Thi Son,3.71,9.28,1,2007-03-22,CKM,K24,0,114,91
25141768,Do Van Nam,3.82,9.55,1,2002-06-17,DTVT,K22,0,62,98
25141769,Dang Van Giang,1.97,4.92,0,2006-03-10,KTPM,K22,0,45,74
25141770,Mai Thi Phuc,3.89,9.72,1,2006-09-28,KT,K23,0,81,74
25141771,Le Van Dung,1.99,4.97,1,2005-11-02,CKM,K24,0,94,98
25141772,Dang Van Duc,3.35,8.38,0,2004-11-22,KTPM,K24,1,46,93
25141773,Tran Thi Hai,3.02,7.55,1,2007-08-03,KTPM,K23,0,33,83
25141774,Le Van An,1.74,4.35,1,2005-11-03,KT,K21,0,110,56
25141775,Ngo Thi Hieu,3.72,9.3,1,2006-06-28,DTVT,K25,0,94,85
25141776,Huynh Van Phuc,3.7,9.25,1,2004-10-23,CKM,K22,0,42,70
25141777,Truong Van Nam,2.38,5.95,0,2003-02-05,CNOT,K25,0,74,51
25141778,Dang Van Vy,2.74,6.85,1,2005-09-07,KT,K24,0,34,98
25141779,Do Van Binh,3.32,8.3,0,2003-06-11,HTTT,K24,0,107,77
25141780,Vo Thi Khanh,2.13,5.32,1,2005-08-05,CNOT,K25,0,116,97
25141781,Mai Thi Ngoc,3.98,9.95,1,2007-11-25,CNTT,K24,0,108,94
25141782,Nguyen Van Minh,2.16,5.4,1,2001-03-01,KT,K25,0,56,90
25141783,Hoang Van Khanh,2.86,7.15,1,2006-06-24,KT,K22,0,132,55
25141784,Do Van Hieu,2.24,5.6,0,2007-01-16,KTPM,K21,0,96,89
25141785,Dang Van Dung,3.89,9.72,0,2005-08-17,CKM,K24,0,149,61
25141786,Phan Thi Vy,3.12,7.8,0,2001-04-07,CNOT,K24,0,131,97
25141787,Dang Van Linh,2.04,5.1,0,2006-06-20,QTKD,K22,0,109,59
25141788,Do Van Ngoc,1.88,4.7,1,2007-07-09,DTVT,K22,0,121,97
25141789,Nguyen Van Minh,2.4,6.0,0,2001-07-31,KT,K25,0,123,50
25141790,Mai Thi Thao,3.82,9.55,1,2007-09-12,DTVT,K21,0,108,74
25141791,Nguyen Van Giang,2.87,7.18,0,2006-08-01,KTMT,K25,0,90,73
25141792,Phan Thi Phuc,2.71,6.78,0,2006-01-14,KT,K22,1,66,80
25141793,Do Van Minh,3.49,8.73,0,2006-05-01,KT,K21,0,116,90
25141794,Hoang Van Trang,2.19,5.47,1,2004-05-26,KTPM,K23,0,139,68
25141795,Hoang Van Son,2.2,5.5,0,2003-06-14,KTMT,K23,0,120,61
25141796,Truong Van Linh,1.94,4.85,1,2003-09-11,KT,K22,0,123,90
25141797,Nguyen Van Linh,2.77,6.92,1,2004-12-06,CNTT,K25,1,87,97
25141798,Tran Thi Duc,1.71,4.28,0,2002-11-30,CNTT,K24,0,37,96
25141799,Tran Thi Ngoc,2.14,5.35,0,2004-12-13,DTVT,K25,0,141,87
25141800,Dang Van Linh,3.86,9.65,1,2007-07-25,QTKD,K21,0,67,73
25141801,Vo Thi Nam,3.5,8.75,0,2004-04-03,KHMT,K22,0,35,66
25141802,Tran Thi Thao,3.39,8.47,1,2001-11-30,CNOT,K25,0,134,67
25141803,Hoang Van Son,2.21,5.53,0,2007-06-16,KTPM,K25,0,61,71
25141804,Vo Thi Khanh,2.74,6.85,1,2003-01-05,KTMT,K25,0,46,89
25141805,Nguyen Van Tuan,2.44,6.1,1,2007-01-05,CKM,K23,0,145,80
25141806,Nguyen Van Minh,3.75,9.38,1,2001-09-12,KTMT,K24,0,47,99
25141807,Le Van Minh,3.49,8.73,0,2004-12-28,KTPM,K25,0,108,99
25141808,Pham Thi Khanh,1.97,4.92,1,2007-09-11,KTMT,K25,0,93,70
25141809,Pham Thi Hieu,3.37,8.43,0,2004-11-17,KTPM,K25,0,140,87
25141810,Bui Thi Vy,3.98,9.95,1,2004-11-05,KT,K23,0,57,56
25141811,Hoang Van Hieu,1.78,4.45,1,2003-06-23,CNTT,K23,0,40,58
25141812,Hoang Van Ngoc,1.58,3.95,0,2003-11-16,DTVT,K24,0,67,73
25141813,Pham Thi Giang,3.85,9.62,1,2001-11-18,QTKD,K21,0,105,66
25141814,Truong Van Trang,1.58,3.95,1,2001-06-19,KHMT,K25,0,110,94
25141815,Hoang Van Hieu,2.6,6.5,0,2007-06-26,CNTT,K23,0,90,77
25141816,Duong Van Duc,1.52,3.8,1,2006-01-28,CNTT,K25,0,31,64
25141817,Pham Thi Binh,3.43,8.58,0,2002-06-20,CKM,K25,0,92,93
25141818,Huynh Van Ngoc,3.02,7.55,1,2007-03-13,QTKD,K22,0,113,69
25141819,Bui Thi Thao,2.96,7.4,1,2001-01-30,CNOT,K25,0,135,94
25141820,Phan Thi Dung,1.53,3.83,1,2004-07-07,HTTT,K22,0,75,91
25141821,Le Van Nam,2.49,6.23,0,2002-12-17,KHMT,K25,0,68,88
25141822,Tran Thi Vy,2.47,6.18,1,2002-01-20,CNOT,K25,0,97,79
25141823,Do Van Trang,1.78,4.45,0,2005-09-11,KHMT,K25,0,145,82
25141824,Le Van Duc,3.07,7.67,1,2004-07-09,CNOT,K25,0,128,61
25141825,Duong Van Khanh,2.68,6.7,0,2003-07-03,HTTT,K25,1,69,57
25141826,Do Van Giang,3.41,8.53,1,2007-06-02,KT,K22,1,41,59
25141827,Hoang Van Duc,2.51,6.27,1,2004-06-13,KTMT,K22,0,108,89
25141828,Vo Thi Trang,2.94,7.35,0,2002-12-01,CNTT,K25,0,34,51
25141829,Huynh Van Son,3.74,9.35,1,2002-01-21,KT,K22,0,139,95
25141830,Nguyen Van Phuc,3.1,7.75,0,2001-01-20,HTTT,K22,0,139,98
25141831,Pham Thi Khanh,3.13,7.82,1,2002-06-06,HTTT,K25,0,135,61
25141832,Duong Van Phuc,3.55,8.88,0,2001-11-04,KTPM,K24,0,121,88
25141833,Do Van Duc,3.37,8.43,0,2002-12-11,CNTT,K22,0,101,50
25141834,Duong Van Hieu,3.62,9.05,1,2001-04-13,KHMT,K22,0,37,100
25141835,Do Van Linh,3.31,8.28,0,2006-04-26,CNTT,K21,0,97,96
25141836,Pham Thi Giang,3.75,9.38,1,2004-09-21,CKM,K23,0,77,65
25141837,Dang Van Binh,3.14,7.85,1,2005-07-21,DTVT,K25,0,148,58
25141838,Mai Thi Son,3.64,9.1,1,2001-06-04,CKM,K24,0,102,66
25141839,Phan Thi Dung,3.93,9.83,0,2007-11-12,KHMT,K22,1,144,81
25141840,Truong Van Son,3.81,9.53,0,2002-09-18,QTKD,K22,1,45,91
25141841,Phan Thi Ngoc,3.53,8.82,1,2003-09-13,CKM,K21,0,43,69
25141842,Truong Van Quan,1.89,4.72,0,2002-11-01,KT,K23,0,83,89
25141843,Dang Van Binh,2.28,5.7,1,2003-09-15,DTVT,K21,0,108,58
25141844,Duong Van Hai,1.71,4.28,1,2005-12-07,DTVT,K23,0,44,78
25141845,Dang Van Ngoc,2.04,5.1,1,2007-12-05,DTVT,K25,1,43,84
25141846,Duong Van Tuan,1.76,4.4,0,2003-12-23,CNTT,K22,0,126,83
25141847,Nguyen Van Minh,3.15,7.88,0,2004-02-25,HTTT,K25,0,123,55
25141848,Dang Van Khanh,3.26,8.15,0,2007-04-28,KHMT,K24,0,72,87
25141849,Nguyen Van Tuan,3.29,8.22,1,2001-09-18,DTVT,K23,0,83,83
25141850,Duong Van Giang,1.79,4.47,1,2007-12-16,HTTT,K22,0,48,72
25141851,Phan Thi Phuc,3.56,8.9,0,2002-12-23,KHMT,K23,0,110,64
25141852,Truong Van Trang,1.84,4.6,1,2007-10-20,KTPM,K24,0,83,96
25141853,Mai Thi Dung,3.81,9.53,0,2007-05-11,CNOT,K22,0,37,73
25141854,Mai Thi Trang,2.52,6.3,1,2002-12-01,CNTT,K24,0,92,64
25141855,Bui Thi Phuc,3.36,8.4,1,2005-01-22,KTMT,K21,0,86,99
25141856,Dang Van Duc,2.63,6.57,1,2004-08-06,HTTT,K21,0,124,95
25141857,Pham Thi Trang,1.61,4.03,1,2007-02-25,HTTT,K25,0,131,90
25141858,Ngo Thi Giang,3.17,7.92,0,2007-01-28,KT,K23,0,145,81
25141859,Duong Van Nam,1.53,3.83,1,2004-11-09,CKM,K21,0,84,86
25141860,Vo Thi Ngoc,1.57,3.93,1,2004-04-08,CNTT,K22,0,82,52
25141861,Hoang Van Hieu,3.24,8.1,1,2004-01-22,KT,K24,0,114,81
25141862,Bui Thi Hieu,2.69,6.72,0,2006-06-18,DTVT,K25,1,66,63
25141863,Nguyen Van Ngoc,3.54,8.85,0,2006-07-07,CNOT,K25,0,77,74
25141864,Nguyen Van Khanh,2.83,7.08,0,2004-02-15,KHMT,K23,0,84,80
25141865,Vo Thi Phuc,1.62,4.05,1,2005-01-17,HTTT,K24,0,112,93
25141866,Pham Thi Thao,3.49,8.73,0,2004-08-24,KT,K24,0,112,74
25141867,Huynh Van Thao,1.95,4.88,1,2005-10-29,KTPM,K22,0,46,78
25141868,Tran Thi Hieu,2.98,7.45,1,2007-05-10,DTVT,K22,0,54,100
25141869,Do Van Chi,1.68,4.2,0,2005-07-27,CNOT,K22,0,112,83
25141870,Vo Thi Giang,3.27,8.18,1,2005-05-04,KHMT,K25,0,59,82
25141871,Truong Van Vy,2.42,6.05,1,2006-05-15,QTKD,K25,0,81,92
25141872,Le Van Quan,3.98,9.95,1,2002-09-22,HTTT,K24,0,63,62
25141873,Pham Thi Ngoc,3.29,8.22,1,2003-12-09,HTTT,K22,0,115,82
25141874,Le Van Phuc,2.19,5.47,0,2004-01-24,QTKD,K21,0,133,57
25141875,Duong Van Hai,3.39,8.47,0,2005-08-26,DTVT,K24,0,110,73
25141876,Nguyen Van Quan,2.17,5.42,0,2007-05-09,CNOT,K25,0,83,92
25141877,Phan Thi Hieu,2.96,7.4,1,2006-06-28,KT,K21,0,90,81
25141878,Hoang Van Khanh,1.61,4.03,0,2005-11-13,KTMT,K23,0,84,65
25141879,Nguyen Van Ngoc,2.77,6.92,1,2007-11-02,KTPM,K22,1,63,52
25141880,Phan Thi Thao,2.19,5.47,1,2007-12-14,CNOT,K21,0,55,54
25141881,Huynh Van Binh,1.62,4.05,0,2002-08-27,CNOT,K24,0,60,59
25141882,Do Van Ngoc,3.7,9.25,0,2005-05-29,KTMT,K24,0,101,51
25141883,Truong Van Linh,3.16,7.9,0,2001-05-28,KTPM,K25,1,70,65
25141884,Nguyen Van Hai,3.85,9.62,0,2005-05-21,DTVT,K24,0,62,71
25141885,Vo Thi Dung,2.0,5.0,1,2003-12-14,KTPM,K24,0,60,85
25141886,Vo Thi Tuan,2.11,5.27,1,2006-08-21,CNTT,K23,0,110,82
25141887,Hoang Van Trang,3.0,7.5,0,2003-10-25,CNOT,K21,0,66,92
25141888,Pham Thi Quan,3.48,8.7,1,2003-03-23,KTMT,K23,1,88,76
25141889,Dang Van Nam,3.72,9.3,0,2002-04-15,QTKD,K22,0,37,85
25141890,Pham Thi Ngoc,2.76,6.9,0,2006-11-22,QTKD,K24,0,136,66
25141891,Hoang Van Giang,3.06,7.65,0,2004-01-22,KTMT,K21,1,90,86
25141892,Bui Thi Hai,2.65,6.62,0,2007-05-11,DTVT,K23,0,127,58
25141893,Duong Van Chi,1.82,4.55,1,2003-09-23,KHMT,K21,0,139,70
25141894,Do Van Giang,3.42,8.55,0,2006-09-19,QTKD,K21,0,89,52
25141895,Do Van Thao,3.49,8.73,1,2003-03-18,CNOT,K23,0,62,89
25141896,Vo Thi Dung,3.62,9.05,0,2004-07-11,QTKD,K24,0,109,62
25141897,Nguyen Van Tuan,3.98,9.95,0,2001-12-25,KHMT,K24,0,148,77
25141898,Bui Thi Minh,2.79,6.97,1,2006-05-12,CNTT,K22,0,60,66
25141899,Mai Thi Tuan,3.29,8.22,1,2002-01-03,KTMT,K21,1,111,69
25141900,Ngo Thi Chi,1.67,4.17,0,2006-01-20,KT,K23,0,127,50
25141901,Truong Van Thao,3.98,9.95,1,2002-05-27,DTVT,K24,0,144,63
25141902,Ngo Thi Duc,2.65,6.62,1,2003-10-27,HTTT,K24,0,97,87
25141903,Ngo Thi Ngoc,2.71,6.78,1,2001-08-17,KTMT,K25,0,33,96
25141904,Bui Thi Hai,1.83,4.58,1,2004-12-08,KHMT,K21,0,104,70
25141905,Hoang Van Hai,2.5,6.25,1,2004-11-05,HTTT,K25,0,142,90
25141906,Ngo Thi Hai,2.57,6.42,1,2002-05-03,CKM,K25,0,111,64
25141907,Hoang Van Binh,2.06,5.15,1,2007-04-19,QTKD,K25,0,135,52
25141908,Bui Thi Phuc,3.78,9.45,1,2007-12-14,CNOT,K21,0,38,64
25141909,Mai Thi Dung,3.59,8.97,0,2004-11-17,CNOT,K23,0,133,64
25141910,Le Van Giang,2.68,6.7,1,2003-06-01,KTPM,K24,0,61,63
25141911,Tran Thi Thao,2.72,6.8,0,2001-08-23,KTPM,K25,0,69,65
25141912,Bui Thi Chi,1.76,4.4,1,2007-03-23,CNTT,K24,0,143,59
25141913,Ngo Thi Hieu,3.34,8.35,1,2004-01-22,HTTT,K24,0,52,66
25141914,Hoang Van Giang,1.67,4.17,0,2007-02-21,CNOT,K23,0,33,55
25141915,Dang Van Hai,3.67,9.18,0,2005-01-01,DTVT,K24,0,81,88
25141916,Ngo Thi Binh,2.08,5.2,1,2001-11-20,CKM,K25,0,122,91
25141917,Huynh Van Hieu,2.96,7.4,0,2001-02-12,KHMT,K24,0,100,51
25141918,Mai Thi Dung,3.54,8.85,1,2005-09-30,CNOT,K21,0,77,62
25141919,Huynh Van Nam,2.97,7.43,0,2007-06-20,KHMT,K22,0,105,70
25141920,Ngo Thi Phuc,1.55,3.88,1,2005-04-01,KT,K23,0,144,96
25141921,Le Van Ngoc,3.89,9.72,1,2006-06-05,QTKD,K21,0,86,63
25141922,Mai Thi Khanh,3.09,7.72,0,2007-11-09,CNOT,K24,0,128,95
25141923,Truong Van Giang,1.55,3.88,0,2003-04-19,CKM,K22,0,86,78
25141924,Duong Van Thao,1.51,3.77,0,2007-02-19,CNTT,K24,0,69,95
25141925,Vo Thi Thao,2.61,6.52,0,2007-11-10,CNOT,K22,0,132,82
25141926,Do Van Son,3.74,9.35,1,2006-10-10,QTKD,K25,0,109,61
25141927,Nguyen Van Hieu,3.29,8.22,1,2004-04-22,CNTT,K24,0,77,66
25141928,Bui Thi Phuc,3.62,9.05,0,2006-06-17,DTVT,K25,0,128,69
25141929,Le Van Linh,2.18,5.45,0,2007-11-26,KTMT,K24,0,109,82
25141930,Pham Thi Dung,2.58,6.45,0,2005-12-09,DTVT,K22,0,67,73
25141931,Do Van Hieu,2.53,6.32,1,2005-05-22,QTKD,K23,0,50,51
25141932,Huynh Van Duc,3.82,9.55,1,2006-11-15,KTPM,K25,0,149,70
25141933,Huynh Van Hai,1.71,4.28,1,2005-05-07,HTTT,K25,0,91,85
25141934,Truong Van Ngoc,2.98,7.45,0,2004-06-20,CNTT,K24,0,30,94
25141935,Bui Thi Giang,1.62,4.05,0,2001-10-16,CNOT,K23,0,113,96
25141936,Tran Thi Minh,2.96,7.4,0,2007-06-06,DTVT,K23,1,75,66
25141937,Tran Thi Thao,2.41,6.03,1,2001-04-27,DTVT,K24,0,92,75
25141938,Nguyen Van Trang,1.85,4.62,0,2001-11-17,KT,K23,0,148,67
25141939,Truong Van Chi,3.98,9.95,1,2007-08-30,CKM,K24,1,54,70
25141940,Duong Van Quan,3.67,9.18,1,2007-02-21,KTPM,K22,0,33,72
25141941,Pham Thi Linh,1.51,3.77,0,2006-03-20,DTVT,K25,0,88,71
25141942,Ngo Thi Dung,3.83,9.57,0,2007-02-02,CNTT,K23,0,96,89
25141943,Truong Van Duc,2.38,5.95,0,2007-04-21,QTKD,K24,0,129,72
25141944,Vo Thi Son,1.95,4.88,0,2006-04-29,CNOT,K25,0,93,69
25141945,Pham Thi An,2.71,6.78,0,2007-10-05,CNOT,K23,0,72,59
25141946,Dang Van Quan,1.85,4.62,0,2005-04-22,CNOT,K23,1,73,97
25141947,Nguyen Van Ngoc,2.38,5.95,1,2003-02-09,CNTT,K21,0,129,87
25141948,Do Van Thao,3.58,8.95,0,2005-06-11,KTMT,K24,0,144,81
25141949,Dang Van Linh,2.47,6.18,1,2007-05-11,CNOT,K25,0,67,82
25141950,Vo Thi Son,1.54,3.85,0,2007-07-24,CNOT,K25,0,33,52
25141951,Duong Van An,2.04,5.1,1,2006-09-11,DTVT,K23,1,56,77
25141952,Pham Thi Minh,1.88,4.7,0,2003-09-14,KTMT,K25,0,146,88
25141953,Ngo Thi Khanh,3.48,8.7,0,2007-10-06,KTPM,K21,0,108,82
25141954,Do Van Minh,2.42,6.05,1,2006-01-25,QTKD,K22,0,123,62
25141955,Pham Thi Giang,1.55,3.88,0,2003-04-27,QTKD,K24,0,129,56
25141956,Nguyen Van Chi,2.9,7.25,1,2005-12-05,KTMT,K24,0,80,67
25141957,Do Van Tuan,3.08,7.7,0,2003-02-02,KT,K22,0,143,55
25141958,Bui Thi Hieu,3.26,8.15,1,2002-01-06,CNTT,K21,0,78,51
25141959,Bui Thi Phuc,2.23,5.58,0,2003-05-19,CKM,K21,0,122,53
25141960,Nguyen Van Chi,3.06,7.65,0,2003-07-21,KHMT,K24,0,49,84
25141961,Pham Thi Trang,1.51,3.77,1,2003-07-08,KT,K21,1,132,75
25141962,Mai Thi Duc,3.77,9.43,0,2006-06-02,QTKD,K22,0,66,92
25141963,Duong Van Khanh,3.36,8.4,0,2005-05-04,KTMT,K23,0,123,96
25141964,Huynh Van Phuc,3.06,7.65,0,2006-07-05,KTPM,K24,1,98,51
25141965,Truong Van Minh,3.12,7.8,0,2003-04-02,QTKD,K21,0,115,50
25141966,Dang Van Dung,3.63,9.07,1,2005-04-14,KTMT,K23,0,146,90
25141967,Mai Thi Thao,3.32,8.3,0,2007-09-29,KT,K24,0,82,84
25141968,Huynh Van Dung,2.46,6.15,0,2007-05-25,CNTT,K21,0,49,60
25141969,Bui Thi Phuc,2.74,6.85,0,2002-01-30,CNOT,K21,0,121,96
25141970,Truong Van Nam,3.01,7.52,0,2004-10-03,KHMT,K21,0,81,93
25141971,Le Van Nam,2.0,5.0,0,2002-06-20,KHMT,K23,0,73,81
25141972,Tran Thi Duc,2.56,6.4,1,2001-08-19,DTVT,K24,0,128,77
25141973,Phan Thi Vy,2.23,5.58,0,2007-07-26,KTPM,K22,0,57,85
25141974,Le Van Binh,2.37,5.93,0,2007-09-16,KHMT,K22,0,129,90
25141975,Le Van Giang,3.89,9.72,0,2004-10-25,CKM,K24,0,122,77
25141976,Bui Thi Giang,3.69,9.22,1,2005-06-06,KT,K23,0,33,70
25141977,Tran Thi Hai,2.27,5.67,1,2002-11-13,HTTT,K21,0,84,78
25141978,Vo Thi Hieu,2.99,7.48,0,2003-08-21,KT,K22,1,67,50
25141979,Mai Thi Ngoc,2.62,6.55,1,2002-03-23,KT,K22,0,134,87
25141980,Pham Thi Chi,3.17,7.92,0,2007-04-29,KTMT,K24,0,34,54
25141981,Le Van Son,3.68,9.2,1,2003-03-08,KT,K25,0,64,52
25141982,Huynh Van Son,2.39,5.98,1,2002-03-28,HTTT,K22,0,38,66
25141983,Nguyen Van Trang,1.67,4.17,1,2002-07-14,CNTT,K24,0,58,89
25141984,Mai Thi Phuc,2.15,5.38,0,2007-05-29,KHMT,K22,0,72,96
25141985,Pham Thi Quan,2.85,7.12,1,2003-08-24,KT,K21,0,118,76
25141986,Bui Thi Hieu,3.5,8.75,0,2004-02-15,CNTT,K23,0,45,77
25141987,Nguyen Van Ngoc,2.78,6.95,0,2001-02-02,CKM,K21,0,135,100
25141988,Phan Thi Minh,3.29,8.22,1,2001-02-25,CKM,K21,0,105,55
25141989,Do Van Ngoc,2.8,7.0,1,2003-02-22,QTKD,K25,0,149,81
25141990,Phan Thi Chi,2.14,5.35,1,2007-09-05,KTMT,K25,0,131,93
25141991,Hoang Van An,2.72,6.8,0,2006-07-24,CNTT,K24,0,34,67
25141992,Do Van Minh,3.99,9.98,0,2002-02-03,KT,K23,0,141,67
25141993,Do Van Quan,3.32,8.3,1,2005-08-28,KTMT,K24,0,110,69
25141994,Nguyen Van Tuan,2.79,6.97,1,2003-04-07,KT,K25,0,115,81
25141995,Truong Van Linh,1.88,4.7,0,2006-10-02,KT,K23,0,77,90
25141996,Pham Thi Chi,2.31,5.78,0,2007-09-21,CNOT,K24,0,55,78
25141997,Pham Thi Nam,1.99,4.97,0,2006-06-15,CNOT,K21,0,51,65
25141998,Hoang Van Tuan,2.27,5.67,0,2004-02-07,KHMT,K23,1,53,97
25141999,Nguyen Van Duc,3.57,8.92,0,2005-11-15,KT,K25,0,69,58
25142000,Hoang Van Chi,2.92,7.3,1,2004-07-11,KTPM,K21,0,122,80
25142001,Tran Thi Giang,3.09,7.72,1,2004-02-03,QTKD,K24,0,143,51
25142002,Mai Thi Ngoc,3.09,7.72,1,2002-03-05,CKM,K23,0,147,67
25142003,Dang Van Dung,3.0,7.5,0,2001-04-10,HTTT,K24,1,130,92
25142004,Duong Van Hai,3.24,8.1,1,2004-01-29,CNOT,K23,0,131,74
25142005,Bui Thi Khanh,1.87,4.68,1,2006-12-31,DTVT,K23,0,58,92
25142006,Bui Thi Vy,2.47,6.18,1,2002-05-27,KTMT,K22,1,78,67
25142007,Pham Thi Hai,3.95,9.88,0,2001-06-22,KTMT,K23,1,134,96
25142008,Nguyen Van Duc,2.42,6.05,0,2004-11-26,DTVT,K25,0,138,57
25142009,Do Van Hieu,2.3,5.75,0,2004-09-03,KTMT,K23,0,39,81
25142010,Hoang Van Thao,3.8,9.5,0,2006-10-30,CNTT,K23,0,119,65
25142011,Truong Van Linh,3.68,9.2,1,2005-09-24,QTKD,K21,0,49,70
25142012,Bui Thi Tuan,3.92,9.8,1,2001-02-09,KTMT,K24,0,77,54
25142013,Le Van Trang,3.16,7.9,1,2002-05-13,DTVT,K24,1,57,75
25142014,Bui Thi Minh,1.67,4.17,1,2007-06-30,KTMT,K22,0,124,69
25142015,Do Van Nam,2.3,5.75,0,2005-12-06,KTMT,K21,0,136,70
25142016,Truong Van Ngoc,2.32,5.8,1,2003-03-13,CNTT,K25,0,143,100
25142017,Bui Thi Tuan,2.26,5.65,0,2001-12-17,KTMT,K21,0,117,86
25142018,Phan Thi Hai,1.89,4.72,0,2003-06-07,QTKD,K21,0,118,61
25142019,Dang Van Dung,3.23,8.07,0,2007-12-21,KT,K22,0,119,71
25142020,Dang Van Trang,3.65,9.12,0,2006-03-07,HTTT,K22,0,84,75
25142021,Do Van Hai,2.66,6.65,0,2004-01-24,DTVT,K21,1,114,95
25142022,Do Van Tuan,3.13,7.82,0,2002-02-25,DTVT,K25,0,85,59
25142023,Truong Van Chi,1.79,4.47,1,2003-06-01,HTTT,K24,0,133,85
25142024,Pham Thi Khanh,3.91,9.78,0,2001-09-13,KHMT,K23,0,96,88
25142025,Phan Thi Hieu,3.02,7.55,0,2001-04-09,HTTT,K24,0,104,77
25142026,Truong Van Quan,1.94,4.85,1,2001-04-13,DTVT,K23,0,49,67
25142027,Huynh Van Hai,3.67,9.18,0,2001-11-16,KT,K22,0,35,52
25142028,Huynh Van Chi,3.7,9.25,1,2007-05-23,KT,K24,0,84,73
25142029,Phan Thi Khanh,2.46,6.15,0,2003-06-28,KT,K22,0,32,54
25142030,Hoang Van Minh,1.96,4.9,1,2005-11-28,QTKD,K25,1,108,69
25142031,Pham Thi Tuan,3.12,7.8,1,2006-08-08,DTVT,K21,1,45,72
25142032,Hoang Van Binh,1.61,4.03,0,2006-08-12,QTKD,K21,0,95,58
25142033,Truong Van Hai,3.4,8.5,0,2005-02-26,CNOT,K24,0,91,56
25142034,Dang Van Hai,3.55,8.88,0,2001-11-11,CNOT,K21,0,145,82
25142035,Tran Thi Thao,1.96,4.9,1,2001-05-16,DTVT,K21,0,92,73
25142036,Huynh Van Linh,2.98,7.45,0,2004-03-29,KTMT,K25,0,54,94
25142037,Ngo Thi Khanh,1.56,3.9,0,2005-07-25,QTKD,K21,0,71,97
25142038,Ngo Thi Thao,2.45,6.12,1,2006-02-01,HTTT,K21,0,114,71
25142039,Tran Thi Tuan,1.68,4.2,0,2003-06-30,CNOT,K25,0,90,53
25142040,Truong Van Binh,3.33,8.32,0,2007-12-31,CNOT,K25,0,98,52
25142041,Le Van Khanh,1.8,4.5,0,2006-01-02,KTPM,K22,0,30,62
25142042,Bui Thi Dung,2.25,5.62,1,2006-04-09,QTKD,K22,0,88,80
25142043,Do Van Binh,2.15,5.38,0,2006-02-01,HTTT,K22,0,48,67
25142044,Truong Van Ngoc,1.95,4.88,1,2001-09-29,CNTT,K25,0,117,79
25142045,Mai Thi Thao,3.8,9.5,0,2005-07-30,KTMT,K24,0,56,71
25142046,Bui Thi Binh,2.03,5.07,0,2005-09-29,CNTT,K25,0,83,53
25142047,Phan Thi Vy,1.7,4.25,1,2003-09-28,KTMT,K21,0,49,81
25142048,Huynh Van Duc,3.17,7.92,1,2001-07-22,CNOT,K21,0,80,65
25142049,Bui Thi Khanh,2.71,6.78,0,2007-10-18,HTTT,K23,1,51,81
25142050,Duong Van Hieu,1.75,4.38,1,2002-12-03,CKM,K24,0,70,76
25142051,Tran Thi Dung,2.62,6.55,0,2002-03-17,CNOT,K23,0,91,57
25142052,Mai Thi Son,1.67,4.17,0,2003-09-20,KHMT,K21,0,33,91
25142053,Le Van Thao,2.14,5.35,0,2003-04-16,KHMT,K22,0,81,56
25142054,Do Van Hai,1.83,4.58,1,2002-11-16,DTVT,K22,0,101,90
25142055,Nguyen Van Tuan,2.94,7.35,0,2001-02-16,CKM,K24,0,34,75
25142056,Mai Thi Duc,1.57,3.93,1,2003-10-26,CNOT,K24,0,59,55
25142057,Do Van Dung,2.53,6.32,1,2001-04-10,CNOT,K24,0,78,99
25142058,Phan Thi Tuan,2.05,5.12,1,2002-04-22,CNOT,K21,1,41,71
25142059,Vo Thi Chi,3.74,9.35,0,2001-02-26,KHMT,K24,0,121,66
25142060,Le Van Thao,2.91,7.28,0,2001-10-19,CNTT,K21,0,85,90
25142061,Nguyen Van Duc,3.55,8.88,0,2004-07-12,KT,K22,0,96,67
25142062,Tran Thi Hai,3.27,8.18,1,2001-07-14,KHMT,K23,0,72,86
25142063,Pham Thi Hai,3.51,8.77,0,2003-10-26,CNTT,K25,1,60,71
25142064,Dang Van Tuan,3.44,8.6,0,2006-05-04,QTKD,K23,0,93,58
25142065,Truong Van Ngoc,2.35,5.88,0,2001-09-04,CNTT,K24,0,124,95
25142066,Duong Van Tuan,3.51,8.77,1,2003-12-04,DTVT,K23,0,63,95
25142067,Duong Van Ngoc,2.33,5.83,0,2002-02-26,KTMT,K25,0,119,70
25142068,Nguyen Van Phuc,3.16,7.9,0,2003-01-12,HTTT,K21,1,117,100
25142069,Tran Thi Phuc,2.45,6.12,1,2006-03-18,KT,K24,0,86,53
25142070,Dang Van Khanh,2.4,6.0,1,2004-04-27,KT,K22,0,137,69
25142071,Nguyen Van Hai,2.61,6.52,0,2001-08-31,KTMT,K25,0,71,95
25142072,Duong Van Giang,2.48,6.2,1,2003-04-19,DTVT,K21,0,87,54
25142073,Hoang Van Hieu,2.14,5.35,0,2001-04-06,KTMT,K24,0,99,73
25142074,Phan Thi Linh,4.0,10.0,1,2001-12-27,KTPM,K25,0,34,65
25142075,Hoang Van Ngoc,3.37,8.43,0,2002-06-09,KHMT,K25,0,101,77
25142076,Le Van Binh,1.55,3.88,0,2006-07-18,KTMT,K25,0,120,82
25142077,Ngo Thi Dung,3.6,9.0,0,2001-03-16,KT,K21,0,89,91
25142078,Hoang Van Hieu,1.71,4.28,1,2002-05-18,CNOT,K22,0,144,56
25142079,Tran Thi Hieu,1.88,4.7,1,2005-04-17,CNOT,K21,0,112,71
25142080,Le Van Hieu,2.1,5.25,0,2003-08-18,HTTT,K23,0,90,71
25142081,Hoang Van Hieu,2.22,5.55,1,2007-04-24,CNTT,K24,0,61,88
25142082,Pham Thi Phuc,3.92,9.8,0,2003-08-02,KHMT,K23,0,131,60
25142083,Hoang Van Binh,2.86,7.15,0,2002-02-14,CNTT,K25,0,98,93
25142084,Nguyen Van Trang,3.34,8.35,1,2006-06-04,KTPM,K25,0,34,72
25142085,Phan Thi Chi,3.36,8.4,1,2003-09-28,DTVT,K21,0,126,79
25142086,Dang Van Trang,2.11,5.27,1,2005-08-25,CNTT,K23,0,114,52
25142087,Vo Thi Nam,2.25,5.62,0,2003-04-18,KHMT,K21,0,62,59
25142088,Dang Van Linh,3.15,7.88,0,2002-05-30,QTKD,K24,0,137,50
25142089,Nguyen Van Minh,1.71,4.28,0,2007-05-26,CNOT,K22,0,117,98
25142090,Huynh Van Ngoc,1.57,3.93,1,2004-03-23,QTKD,K24,0,49,90
25142091,Phan Thi Khanh,1.63,4.07,1,2003-07-02,KTMT,K21,0,34,73
25142092,Pham Thi Nam,2.36,5.9,0,2004-10-19,KT,K21,0,70,56
25142093,Hoang Van Binh,2.63,6.57,1,2002-11-12,DTVT,K21,1,65,72
25142094,Truong Van Hai,3.69,9.22,1,2006-08-20,KTMT,K25,0,65,100
25142095,Vo Thi Son,3.91,9.78,0,2005-09-23,QTKD,K25,1,36,60
25142096,Do Van Chi,2.81,7.03,0,2005-06-04,CNOT,K22,0,44,91
25142097,Do Van Duc,3.07,7.67,1,2007-12-25,HTTT,K25,0,135,89
25142098,Dang Van Nam,2.16,5.4,1,2006-01-02,HTTT,K22,0,111,63
25142099,Truong Van Chi,2.59,6.47,1,2001-12-20,HTTT,K25,0,36,74
25142100,Mai Thi Chi,2.85,7.12,0,2001-05-24,KHMT,K24,0,85,81
25142101,Phan Thi Trang,2.73,6.83,1,2001-10-25,KT,K22,0,77,89
25142102,Do Van Trang,2.84,7.1,0,2007-10-15,CNTT,K23,0,88,69
25142103,Dang Van Quan,2.54,6.35,0,2007-12-24,DTVT,K24,1,135,98
25142104,Huynh Van Minh,3.81,9.53,0,2001-10-16,CNTT,K21,0,77,81
25142105,Vo Thi Duc,1.72,4.3,1,2007-02-15,CNOT,K21,0,118,80
25142106,Le Van Thao,3.62,9.05,0,2007-01-16,KTMT,K22,0,41,97
25142107,Le Van Linh,2.38,5.95,1,2003-03-15,KT,K21,0,103,72
25142108,Tran Thi Hieu,1.91,4.77,0,2002-06-18,KTPM,K21,0,75,62
25142109,Vo Thi An,1.97,4.92,1,2003-01-28,CNOT,K25,0,88,55
25142110,Ngo Thi Chi,2.72,6.8,0,2007-08-12,KHMT,K23,1,57,57
25142111,Tran Thi Dung,2.38,5.95,0,2003-06-17,KTMT,K22,0,92,69
25142112,Ngo Thi An,2.72,6.8,0,2004-10-23,CNOT,K21,0,119,80
25142113,Huynh Van An,2.41,6.03,0,2006-08-16,KHMT,K24,0,62,56
25142114,Ngo Thi Hai,3.62,9.05,1,2007-02-23,KTMT,K22,0,47,69
25142115,Bui Thi Khanh,3.92,9.8,0,2002-11-19,KTMT,K22,0,36,63
25142116,Bui Thi Duc,2.75,6.88,0,2001-10-18,KT,K24,0,114,83
25142117,Nguyen Van Linh,2.72,6.8,0,2005-07-02,DTVT,K24,0,110,50
25142118,Vo Thi Khanh,2.3,5.75,1,2003-05-22,KHMT,K23,0,135,88
25142119,Dang Van Thao,3.14,7.85,1,2003-10-02,CNTT,K24,0,34,100
25142120,Do Van Khanh,1.74,4.35,1,2001-08-05,KTPM,K21,0,100,62
25142121,Nguyen Van Ngoc,2.77,6.92,1,2006-07-31,KTMT,K22,0,119,69
25142122,Truong Van Hai,3.82,9.55,0,2006-10-07,KTMT,K24,0,128,82
25142123,Bui Thi An,3.65,9.12,0,2004-01-18,KTMT,K24,0,118,93
25142124,Do Van Giang,2.19,5.47,1,2001-10-27,KTPM,K22,0,108,86
25142125,Pham Thi Vy,3.77,9.43,1,2001-12-17,HTTT,K25,0,44,60
25142126,Huynh Van Giang,3.94,9.85,1,2002-11-09,KTPM,K23,0,82,87
25142127,Ngo Thi Minh,2.03,5.07,0,2002-11-18,CNTT,K22,0,133,82
25142128,Do Van Vy,3.87,9.68,1,2006-06-08,DTVT,K21,0,142,83
25142129,Vo Thi Quan,3.89,9.72,0,2001-06-16,KHMT,K24,0,59,87
25142130,Phan Thi Minh,1.69,4.22,1,2003-12-29,KHMT,K21,0,147,67
25142131,Vo Thi Chi,1.91,4.77,0,2001-07-22,QTKD,K24,0,62,77
25142132,Truong Van Binh,2.49,6.23,1,2004-11-24,CKM,K25,0,135,55
25142133,Mai Thi Hai,1.93,4.83,1,2007-05-03,QTKD,K24,1,55,56
25142134,Ngo Thi Vy,3.71,9.28,0,2006-12-21,KHMT,K24,0,132,54
25142135,Duong Van Trang,2.22,5.55,0,2002-05-03,QTKD,K21,0,87,65
25142136,Nguyen Van Vy,1.7,4.25,1,2007-09-06,HTTT,K25,0,150,62
25142137,Truong Van Phuc,1.87,4.68,1,2004-06-16,CNTT,K24,0,85,68
25142138,Do Van Dung,1.68,4.2,1,2002-06-09,KTMT,K25,0,83,93
25142139,Dang Van Quan,2.8,7.0,0,2006-01-30,QTKD,K23,0,127,83
25142140,Le Van Tuan,1.68,4.2,1,2007-03-13,QTKD,K22,0,104,96
25142141,Le Van Hieu,1.61,4.03,0,2003-01-23,CNTT,K23,0,146,87
25142142,Vo Thi Thao,3.68,9.2,0,2001-03-23,KTMT,K23,0,146,58
25142143,Pham Thi Trang,3.04,7.6,0,2005-10-22,QTKD,K22,0,36,80
25142144,Vo Thi Nam,2.48,6.2,0,2007-04-11,KTPM,K25,0,35,51
25142145,Ngo Thi Trang,2.56,6.4,1,2001-03-08,CNOT,K21,0,74,66
25142146,Tran Thi Quan,3.3,8.25,0,2001-03-20,QTKD,K21,0,119,87
25142147,Dang Van Binh,3.57,8.92,0,2003-06-03,CKM,K25,0,147,50
25142148,Dang Van Minh,1.62,4.05,0,2005-12-17,HTTT,K24,1,49,52
25142149,Vo Thi Phuc,3.02,7.55,0,2001-04-27,KTMT,K25,0,60,64
25142150,Hoang Van Giang,3.0,7.5,1,2007-02-06,CNOT,K24,0,132,85
25142151,Le Van Vy,1.87,4.68,1,2007-12-29,KTMT,K25,0,102,63
25142152,Huynh Van Dung,3.3,8.25,1,2002-02-28,QTKD,K22,0,100,84
25142153,Tran Thi Hai,2.78,6.95,1,2002-12-23,HTTT,K21,0,33,79
25142154,Pham Thi An,2.31,5.78,0,2004-09-04,KHMT,K24,0,53,64
25142155,Huynh Van Minh,3.51,8.77,1,2006-08-04,CNOT,K23,1,32,100
25142156,Vo Thi Nam,1.79,4.47,1,2003-06-16,KT,K21,1,122,65
25142157,Vo Thi Ngoc,1.63,4.07,1,2006-09-09,CNOT,K25,0,132,70
25142158,Nguyen Van Duc,2.69,6.72,0,2005-09-01,CKM,K21,0,135,50
25142159,Ngo Thi Vy,2.22,5.55,1,2004-03-21,CKM,K25,0,81,61
25142160,Duong Van Chi,3.67,9.18,0,2006-09-11,CNOT,K25,0,80,57
25142161,Nguyen Van Khanh,3.22,8.05,1,2002-10-06,KTMT,K24,0,125,68
25142162,Duong Van Linh,2.8,7.0,0,2001-10-17,KT,K24,0,101,70
25142163,Le Van Linh,2.46,6.15,1,2005-04-20,CKM,K24,1,52,74
25142164,Tran Thi Binh,2.04,5.1,0,2004-03-19,KTMT,K24,0,35,72
25142165,Le Van Ngoc,1.51,3.77,0,2003-12-03,KT,K24,0,34,52
25142166,Tran Thi Tuan,2.51,6.27,0,2007-05-08,CNOT,K21,1,147,68
25142167,Nguyen Van Trang,3.47,8.68,1,2001-12-05,CNOT,K25,0,140,72
25142168,Nguyen Van Vy,1.56,3.9,1,2005-01-13,CKM,K24,0,134,93
25142169,Bui Thi Vy,3.77,9.43,0,2002-01-26,CKM,K24,0,31,97
25142170,Vo Thi Trang,2.71,6.78,1,2006-06-01,KTMT,K23,0,83,63
25142171,Mai Thi Tuan,2.92,7.3,0,2003-01-15,QTKD,K24,0,75,84
25142172,Nguyen Van Linh,2.71,6.78,0,2007-10-10,QTKD,K24,0,101,95
25142173,Truong Van Linh,3.95,9.88,0,2001-08-18,CNTT,K25,0,114,81
25142174,Mai Thi Duc,3.9,9.75,1,2005-10-24,KHMT,K25,1,87,54
25142175,Bui Thi Vy,3.77,9.43,0,2007-03-20,CKM,K21,0,75,52
25142176,Pham Thi Phuc,3.12,7.8,1,2004-04-06,CKM,K21,0,37,67
25142177,Do Van Trang,3.3,8.25,0,2001-02-20,QTKD,K23,1,123,62
25142178,Tran Thi Quan,2.41,6.03,1,2004-01-09,DTVT,K23,0,144,59
25142179,Huynh Van Tuan,2.81,7.03,0,2002-02-25,CKM,K25,1,128,69
25142180,Nguyen Van Quan,2.18,5.45,1,2003-05-20,DTVT,K22,0,119,54
25142181,Ngo Thi Duc,2.66,6.65,1,2003-04-05,KTMT,K23,1,87,92
25142182,Hoang Van Chi,2.46,6.15,0,2005-03-20,QTKD,K23,1,148,78
25142183,Do Van Phuc,3.51,8.77,0,2007-07-12,CNTT,K25,0,98,94
25142184,Phan Thi Ngoc,2.15,5.38,0,2006-03-17,KHMT,K24,0,129,54
25142185,Vo Thi Chi,1.52,3.8,1,2007-01-13,KTPM,K21,0,60,71
25142186,Do Van Thao,2.02,5.05,0,2004-11-26,KTMT,K24,0,122,75
25142187,Pham Thi Dung,1.74,4.35,0,2006-02-21,KTMT,K25,1,117,91
25142188,Nguyen Van Thao,3.42,8.55,0,2004-12-11,HTTT,K21,0,143,96
25142189,Tran Thi Giang,3.62,9.05,1,2004-07-14,KTPM,K24,0,65,87
25142190,Pham Thi Phuc,1.54,3.85,0,2005-10-01,CNOT,K23,0,119,97
25142191,Do Van Giang,2.68,6.7,1,2003-05-31,KTPM,K21,0,98,62
25142192,Phan Thi Hieu,3.84,9.6,0,2001-04-10,CKM,K24,0,105,78
25142193,Bui Thi Duc,2.03,5.07,1,2003-06-01,CKM,K24,1,39,89
25142194,Truong Van Minh,3.71,9.28,1,2002-07-26,CNOT,K21,0,135,78
25142195,Nguyen Van Phuc,2.3,5.75,1,2001-10-05,CNOT,K24,1,45,59
25142196,Phan Thi Giang,1.67,4.17,0,2003-06-28,QTKD,K23,0,82,79
25142197,Hoang Van Quan,1.53,3.83,1,2004-10-08,CNOT,K21,0,37,78
25142198,Nguyen Van Trang,3.4,8.5,0,2004-08-23,DTVT,K21,0,105,79
25142199,Nguyen Van Dung,3.26,8.15,0,2005-06-22,CNOT,K23,0,123,65
25142200,Hoang Van Son,3.11,7.77,0,2001-02-07,CKM,K21,0,49,87
25142201,Dang Van Nam,3.31,8.28,1,2003-01-02,KHMT,K23,0,62,74
25142202,Bui Thi Ngoc,1.6,4.0,0,2002-09-11,CNOT,K22,0,124,99
25142203,Ngo Thi Thao,2.22,5.55,0,2004-06-21,DTVT,K22,0,64,82
25142204,Bui Thi Vy,3.55,8.88,1,2004-01-23,KT,K25,0,62,61
25142205,Bui Thi Linh,2.97,7.43,0,2003-02-09,HTTT,K21,0,121,72
25142206,Truong Van Vy,2.57,6.42,0,2003-02-08,CKM,K22,0,95,97
25142207,Phan Thi Quan,1.68,4.2,1,2007-05-12,KHMT,K25,0,95,54
25142208,Le Van Hieu,3.78,9.45,0,2004-04-17,CNOT,K21,0,114,68
25142209,Le Van Nam,2.32,5.8,0,2007-04-20,CNOT,K21,0,87,63
25142210,Ngo Thi Chi,2.33,5.83,0,2003-08-23,KHMT,K25,0,144,63
25142211,Tran Thi Khanh,2.91,7.28,1,2006-03-03,DTVT,K22,1,110,59
25142212,Phan Thi Duc,2.03,5.07,1,2002-09-22,KTMT,K21,0,115,82
25142213,Pham Thi Giang,3.31,8.28,1,2004-10-01,CNTT,K24,0,57,76
25142214,Bui Thi Ngoc,1.61,4.03,1,2001-11-27,KT,K25,0,40,98
25142215,Ngo Thi Khanh,1.64,4.1,1,2001-12-23,KTMT,K24,0,42,92
25142216,Do Van Linh,3.48,8.7,1,2004-05-25,CKM,K21,0,103,99
25142217,Nguyen Van Duc,2.57,6.42,0,2006-12-21,CNOT,K21,0,57,54
25142218,Nguyen Van Linh,3.36,8.4,1,2007-06-19,CKM,K22,0,130,63
25142219,Dang Van Linh,3.78,9.45,0,2006-07-22,KTMT,K24,0,112,74
25142220,Hoang Van Ngoc,2.65,6.62,0,2005-06-08,CKM,K22,0,80,55
25142221,Huynh Van Vy,2.07,5.17,1,2006-03-24,CNTT,K21,0,105,55
25142222,Phan Thi Phuc,1.71,4.28,1,2003-12-21,CKM,K24,0,110,62
25142223,Mai Thi Giang,2.36,5.9,1,2004-04-04,QTKD,K25,0,101,73
25142224,Huynh Van Linh,3.98,9.95,1,2006-10-22,KHMT,K22,0,124,63
25142225,Hoang Van Hieu,2.74,6.85,1,2007-01-28,KTPM,K23,0,90,51
25142226,Mai Thi Son,2.08,5.2,0,2003-06-22,CNTT,K23,0,49,81
25142227,Hoang Van Phuc,2.51,6.27,1,2003-06-24,HTTT,K22,0,46,78
25142228,Mai Thi Minh,2.12,5.3,0,2007-05-10,KT,K23,0,140,89
25142229,Phan Thi Tuan,1.99,4.97,1,2007-07-18,HTTT,K24,0,73,99
25142230,Vo Thi Chi,2.29,5.72,0,2007-11-10,CNTT,K24,0,97,58
25142231,Truong Van Giang,2.05,5.12,1,2003-07-04,CNTT,K24,0,46,53
25142232,Do Van Hai,2.3,5.75,1,2002-03-21,KTMT,K25,0,31,72
25142233,Hoang Van Binh,3.77,9.43,1,2003-11-16,CNOT,K23,1,128,91
25142234,Truong Van Quan,3.42,8.55,1,2006-01-29,KT,K22,1,121,91
25142235,Ngo Thi Quan,3.91,9.78,1,2003-08-26,KTPM,K24,0,39,69
25142236,Duong Van Binh,2.62,6.55,1,2002-10-15,CNTT,K24,0,50,98
25142237,Ngo Thi Hai,1.6,4.0,0,2007-09-03,CKM,K21,0,33,95
25142238,Pham Thi Phuc,2.98,7.45,1,2007-06-26,KTMT,K22,0,44,52
25142239,Dang Van Thao,3.34,8.35,0,2001-01-08,DTVT,K22,0,41,50
25142240,Tran Thi Minh,1.76,4.4,0,2006-07-05,KT,K21,0,40,82
25142241,Truong Van Chi,3.79,9.47,1,2003-02-04,CNOT,K23,0,101,79
25142242,Duong Van Hieu,2.23,5.58,1,2002-04-15,KTMT,K21,0,59,78
25142243,Duong Van Hieu,3.12,7.8,0,2003-08-15,DTVT,K21,0,146,85
25142244,Nguyen Van Linh,3.01,7.52,1,2005-03-13,KT,K23,0,51,71
25142245,Vo Thi Quan,2.97,7.43,1,2003-12-27,KTPM,K24,0,50,70
25142246,Tran Thi Phuc,3.2,8.0,1,2003-06-11,KTPM,K24,0,52,69
25142247,Huynh Van Phuc,3.09,7.72,1,2001-01-30,DTVT,K25,0,101,94
25142248,Tran Thi Duc,2.76,6.9,0,2006-07-05,CNTT,K25,0,125,72
25142249,Huynh Van Giang,3.82,9.55,1,2005-10-24,KTPM,K25,1,61,99
25142250,Hoang Van Linh,2.28,5.7,0,2003-04-14,DTVT,K22,1,49,65
25142251,Phan Thi Nam,1.52,3.8,1,2003-06-01,CNTT,K25,0,129,93
25142252,Phan Thi Phuc,2.16,5.4,0,2005-05-24,KTMT,K21,1,127,80
25142253,Nguyen Van Linh,1.54,3.85,1,2001-06-10,QTKD,K23,0,73,96
25142254,Le Van Trang,2.89,7.23,0,2003-06-02,CKM,K23,0,69,91
25142255,Ngo Thi Trang,2.14,5.35,1,2007-10-04,KT,K24,1,112,94
25142256,Hoang Van An,2.95,7.38,0,2002-04-05,DTVT,K21,0,61,62
25142257,Vo Thi Tuan,3.13,7.82,1,2004-09-08,HTTT,K23,0,86,86
25142258,Phan Thi Hai,3.63,9.07,0,2005-03-15,CNOT,K23,0,51,83
25142259,Ngo Thi Thao,1.92,4.8,1,2004-03-19,KT,K21,0,97,96
25142260,Truong Van Trang,2.02,5.05,1,2004-05-16,KTMT,K22,0,32,95
25142261,Pham Thi Ngoc,3.53,8.82,1,2001-04-12,CNOT,K24,0,139,51
25142262,Huynh Van Thao,2.92,7.3,1,2001-04-27,CKM,K23,0,130,58
25142263,Hoang Van Thao,3.98,9.95,1,2004-08-03,DTVT,K24,0,58,81
25142264,Bui Thi Hieu,2.68,6.7,1,2004-09-21,CNOT,K23,0,135,83
25142265,Do Van Khanh,2.87,7.18,0,2005-07-14,HTTT,K22,1,117,88
25142266,Bui Thi Binh,3.37,8.43,1,2001-04-24,KHMT,K23,0,104,97
25142267,Hoang Van Chi,2.2,5.5,0,2004-10-12,CKM,K22,0,139,86
25142268,Do Van Trang,2.53,6.32,1,2006-02-24,KT,K25,0,65,93
25142269,Do Van Linh,1.81,4.53,1,2002-06-28,KT,K22,0,54,52
25142270,Bui Thi Dung,3.66,9.15,0,2006-07-19,KTPM,K25,0,144,82
25142271,Mai Thi Chi,3.46,8.65,0,2003-09-04,KT,K21,0,55,90
25142272,Dang Van Dung,3.42,8.55,1,2003-01-24,CKM,K24,0,81,91
25142273,Tran Thi Trang,3.78,9.45,0,2007-07-07,KT,K21,0,44,65
25142274,Le Van Thao,3.3,8.25,1,2007-06-26,CNOT,K23,0,63,67
25142275,Hoang Van Trang,2.18,5.45,1,2002-01-19,DTVT,K24,0,70,59
25142276,Truong Van Thao,2.55,6.38,1,2004-01-25,CNTT,K25,1,47,93
25142277,Tran Thi Minh,3.25,8.12,0,2005-04-19,CNOT,K22,0,98,76
25142278,Phan Thi Giang,3.91,9.78,1,2001-07-26,CKM,K21,0,96,77
25142279,Phan Thi Nam,2.7,6.75,1,2002-07-17,KT,K23,0,69,73
25142280,Dang Van Nam,1.53,3.83,0,2004-02-02,HTTT,K23,0,59,76
25142281,Duong Van Khanh,2.86,7.15,1,2002-08-13,KTMT,K21,0,69,68
25142282,Phan Thi Minh,2.82,7.05,1,2001-09-16,CNOT,K22,0,78,65
25142283,Nguyen Van Dung,2.94,7.35,0,2002-09-05,CKM,K23,0,135,100
25142284,Bui Thi Khanh,3.53,8.82,0,2006-09-15,CNOT,K25,0,101,56
25142285,Dang Van Son,3.88,9.7,0,2006-09-18,HTTT,K23,0,118,84
25142286,Mai Thi Ngoc,3.07,7.67,1,2004-05-13,CNTT,K24,0,109,50
25142287,Duong Van Phuc,2.1,5.25,0,2007-07-22,CNTT,K25,0,99,89
25142288,Truong Van Tuan,2.04,5.1,1,2006-04-16,KT,K21,0,119,89
25142289,Duong Van Linh,2.82,7.05,0,2002-01-22,HTTT,K21,0,45,90
25142290,Le Van Ngoc,3.17,7.92,0,2002-04-25,CKM,K23,0,52,69
25142291,Nguyen Van Binh,1.66,4.15,1,2002-08-16,KTMT,K23,0,36,69
25142292,Pham Thi Chi,2.18,5.45,1,2006-12-03,QTKD,K23,1,89,58
25142293,Truong Van Giang,1.74,4.35,0,2006-12-06,DTVT,K23,0,113,79
25142294,Duong Van Hai,2.97,7.43,1,2003-08-20,KT,K22,0,87,58
25142295,Phan Thi Khanh,2.4,6.0,1,2001-04-01,KTPM,K21,0,148,71
25142296,Dang Van Giang,2.48,6.2,1,2002-05-31,KT,K24,0,98,91
25142297,Le Van An,3.56,8.9,0,2006-01-22,KTPM,K21,1,147,57
25142298,Truong Van Hieu,3.32,8.3,1,2002-05-12,CKM,K22,0,74,98
25142299,Mai Thi Giang,3.95,9.88,0,2005-06-30,QTKD,K24,0,111,93
25142300,Dang Van Duc,2.12,5.3,0,2001-01-30,KT,K22,0,137,86
25142301,Le Van Binh,1.77,4.42,1,2005-10-23,CKM,K21,0,98,90
25142302,Ngo Thi Giang,3.08,7.7,0,2006-01-21,KTPM,K25,1,122,96
25142303,Phan Thi Vy,2.24,5.6,1,2001-05-24,CKM,K23,0,124,59
25142304,Truong Van Trang,2.56,6.4,1,2004-10-19,DTVT,K24,0,54,64
25142305,Bui Thi Binh,3.5,8.75,1,2006-08-15,KT,K23,0,79,53
25142306,Dang Van Thao,3.96,9.9,1,2005-12-30,KT,K21,0,102,87
25142307,Dang Van Duc,3.83,9.57,0,2007-04-27,CKM,K24,0,62,51
25142308,Tran Thi Vy,3.7,9.25,1,2001-10-11,KHMT,K23,0,97,68
25142309,Dang Van Quan,3.02,7.55,0,2004-06-23,CNTT,K23,0,132,66
25142310,Truong Van Khanh,2.8,7.0,1,2005-05-14,KT,K22,0,106,55
25142311,Phan Thi Son,1.71,4.28,0,2007-10-02,KT,K21,0,39,57
25142312,Nguyen Van Minh,2.6,6.5,0,2004-09-26,CKM,K22,0,122,58
25142313,Dang Van Nam,1.59,3.98,1,2001-10-28,HTTT,K25,0,147,62
25142314,Nguyen Van Vy,1.85,4.62,0,2006-03-03,DTVT,K21,0,108,62
25142315,Hoang Van Tuan,2.0,5.0,0,2002-12-26,KT,K24,0,60,85
25142316,Nguyen Van Quan,2.05,5.12,1,2001-08-10,QTKD,K25,0,92,78
25142317,Mai Thi An,2.63,6.57,0,2006-09-25,KTPM,K22,0,122,76
25142318,Duong Van Thao,2.59,6.47,0,2002-02-07,CNTT,K22,0,103,69
25142319,Pham Thi Hai,3.24,8.1,0,2001-07-04,KTMT,K22,0,143,76
25142320,Nguyen Van Hieu,3.43,8.58,1,2006-07-10,KTPM,K25,0,55,58
25142321,Do Van Quan,2.38,5.95,1,2004-02-27,HTTT,K21,0,147,63
25142322,Truong Van Vy,3.02,7.55,1,2004-11-08,HTTT,K21,0,124,100
25142323,Mai Thi Hai,3.66,9.15,0,2001-11-05,QTKD,K25,0,142,52
25142324,Nguyen Van Hai,3.89,9.72,1,2004-01-09,KT,K24,0,125,84
25142325,Phan Thi Hieu,3.54,8.85,1,2006-04-04,KTMT,K22,0,136,54
25142326,Tran Thi Trang,1.91,4.77,0,2006-07-08,QTKD,K23,0,52,53
25142327,Ngo Thi Khanh,3.25,8.12,0,2002-12-22,CNTT,K22,0,119,78
25142328,Le Van Trang,3.32,8.3,1,2005-12-21,KT,K23,0,121,98
25142329,Le Van Linh,1.93,4.83,1,2005-08-22,KT,K25,0,145,52
25142330,Huynh Van Hieu,1.92,4.8,0,2003-11-30,CKM,K25,0,49,79
25142331,Mai Thi An,3.35,8.38,0,2004-05-28,DTVT,K24,0,140,72
25142332,Le Van Tuan,2.47,6.18,1,2006-07-05,DTVT,K21,0,82,69
25142333,Dang Van Chi,2.59,6.47,1,2005-12-01,KHMT,K22,0,144,84
25142334,Do Van Ngoc,3.64,9.1,1,2004-08-22,KTPM,K22,0,138,80
25142335,Nguyen Van Vy,3.7,9.25,1,2001-11-04,KTMT,K23,0,59,65
25142336,Tran Thi Son,2.17,5.42,0,2002-04-06,CKM,K24,0,121,68
25142337,Ngo Thi Duc,3.5,8.75,0,2001-07-08,HTTT,K22,0,137,79
25142338,Dang Van An,2.14,5.35,0,2003-01-06,CNTT,K22,0,64,59
25142339,Phan Thi Giang,3.4,8.5,0,2003-09-08,KHMT,K21,1,98,81
25142340,Bui Thi Thao,3.7,9.25,1,2005-06-14,DTVT,K22,0,108,84
25142341,Bui Thi Chi,1.66,4.15,1,2004-08-26,QTKD,K21,0,63,68
25142342,Bui Thi Chi,1.9,4.75,1,2006-09-27,KHMT,K23,0,81,97
25142343,Tran Thi Vy,2.07,5.17,0,2003-01-01,QTKD,K22,0,81,77
25142344,Ngo Thi Minh,2.77,6.92,1,2006-10-01,KT,K21,0,132,81
25142345,Nguyen Van Hai,3.39,8.47,1,2003-02-28,CNOT,K23,0,40,64
25142346,Pham Thi Giang,2.22,5.55,0,2007-01-17,HTTT,K21,0,84,99
25142347,Phan Thi Thao,3.34,8.35,1,2005-02-28,KHMT,K22,0,132,71
25142348,Tran Thi An,1.61,4.03,0,2004-01-26,CKM,K24,0,49,65
25142349,Tran Thi Hai,2.46,6.15,1,2007-10-27,KHMT,K21,0,113,85
25142350,Pham Thi Dung,3.71,9.28,0,2001-02-24,KHMT,K21,0,98,55
25142351,Phan Thi Son,1.51,3.77,1,2006-07-25,CNTT,K22,1,37,100
25142352,Mai Thi Hai,2.06,5.15,1,2003-04-01,CKM,K25,0,87,95
25142353,Hoang Van Nam,2.87,7.18,0,2004-12-28,KHMT,K22,0,109,72
25142354,Duong Van Vy,1.8,4.5,1,2004-05-10,KTMT,K22,0,126,87
25142355,Nguyen Van Quan,3.94,9.85,0,2002-12-18,KTPM,K23,1,148,63
25142356,Vo Thi Linh,3.56,8.9,1,2002-07-23,KHMT,K22,0,118,72
25142357,Nguyen Van Chi,1.53,3.83,1,2002-12-22,KTMT,K23,0,144,69
25142358,Dang Van An,2.17,5.42,0,2004-10-01,DTVT,K25,1,32,68
25142359,Dang Van Dung,2.42,6.05,0,2004-11-01,KHMT,K24,0,44,96
25142360,Hoang Van Binh,1.81,4.53,0,2003-12-06,CNOT,K22,0,92,81
25142361,Duong Van Vy,3.06,7.65,0,2003-11-01,HTTT,K24,0,136,94
25142362,Le Van Vy,1.62,4.05,1,2003-10-31,CNOT,K23,0,131,58
25142363,Dang Van Binh,1.56,3.9,0,2003-06-30,QTKD,K21,0,139,92
25142364,Vo Thi Phuc,1.71,4.28,1,2006-12-27,KTMT,K24,1,82,63
25142365,Mai Thi Phuc,2.79,6.97,0,2006-05-01,CNTT,K22,0,146,60
25142366,Vo Thi Vy,1.9,4.75,0,2001-02-10,KHMT,K24,0,54,71
25142367,Truong Van Duc,3.18,7.95,0,2005-10-17,CKM,K23,0,90,51
25142368,Mai Thi Phuc,2.55,6.38,1,2002-08-17,KTMT,K23,0,147,90
25142369,Pham Thi Khanh,3.83,9.57,1,2006-12-21,CNOT,K22,0,121,59
25142370,Bui Thi Ngoc,3.23,8.07,1,2002-03-18,DTVT,K23,1,139,86
25142371,Nguyen Van Dung,2.18,5.45,0,2006-12-21,KHMT,K25,0,97,52
25142372,Pham Thi Linh,1.95,4.88,1,2005-02-13,CNOT,K23,0,74,50
25142373,Bui Thi Nam,2.91,7.28,1,2004-06-10,CNOT,K21,0,86,76
25142374,Truong Van Vy,2.03,5.07,1,2001-11-29,KT,K24,1,149,89
25142375,Bui Thi Quan,1.91,4.77,0,2007-04-03,CNOT,K21,0,71,90
25142376,Pham Thi Phuc,2.93,7.33,1,2007-10-23,CKM,K22,1,99,57
25142377,Bui Thi Trang,2.78,6.95,0,2002-12-31,CNTT,K21,0,48,63
25142378,Do Van Dung,2.11,5.27,1,2003-07-11,KTPM,K22,0,85,59
25142379,Bui Thi Giang,3.05,7.62,0,2004-01-15,KTMT,K25,1,143,85
25142380,Duong Van Son,1.89,4.72,0,2006-11-17,QTKD,K22,0,54,85
25142381,Mai Thi Vy,1.95,4.88,1,2006-10-12,HTTT,K25,0,101,87
25142382,Dang Van Duc,2.8,7.0,1,2001-02-25,DTVT,K24,0,114,82
25142383,Do Van Hai,1.67,4.17,0,2002-12-25,CNTT,K24,0,87,92
25142384,Duong Van Chi,3.45,8.62,1,2002-05-02,CNOT,K24,0,98,74
25142385,Ngo Thi Minh,3.1,7.75,0,2005-12-07,KHMT,K25,0,53,87
25142386,Le Van Trang,2.62,6.55,1,2001-10-31,HTTT,K21,1,113,65
25142387,Vo Thi An,3.17,7.92,1,2007-03-26,KT,K22,0,53,78
25142388,Bui Thi Quan,2.6,6.5,0,2004-01-04,KTPM,K22,0,41,85
25142389,Do Van Linh,3.07,7.67,0,2001-08-19,DTVT,K25,0,89,85
25142390,Phan Thi Vy,1.92,4.8,1,2007-12-23,KTPM,K21,0,43,51
25142391,Tran Thi Linh,2.68,6.7,0,2003-04-23,KTPM,K21,0,72,91
25142392,Dang Van Minh,1.87,4.68,0,2004-04-29,KTMT,K22,0,133,67
25142393,Mai Thi Tuan,1.53,3.83,0,2004-08-19,KHMT,K24,0,128,90
25142394,Hoang Van Son,1.89,4.72,1,2004-06-11,CKM,K23,1,35,91
25142395,Hoang Van Tuan,3.46,8.65,0,2001-04-19,KTMT,K22,0,32,50
25142396,Hoang Van Tuan,3.19,7.97,1,2003-12-07,CNOT,K21,1,148,60
25142397,Ngo Thi Trang,2.07,5.17,0,2003-08-25,QTKD,K21,0,37,75
25142398,Do Van Nam,2.42,6.05,0,2003-09-10,KT,K25,0,75,57
25142399,Dang Van Tuan,2.15,5.38,1,2005-03-19,DTVT,K25,1,83,74
25142400,Pham Thi Giang,3.95,9.88,1,2003-03-13,KTMT,K21,0,73,89
25142401,Phan Thi Quan,2.2,5.5,0,2003-12-27,QTKD,K25,0,34,58
25142402,Bui Thi An,3.68,9.2,0,2001-04-24,KTMT,K22,0,51,100
25142403,Do Van Hai,2.53,6.32,0,2003-06-25,DTVT,K23,0,141,69
25142404,Dang Van Hieu,3.59,8.97,0,2003-04-27,CNTT,K21,0,55,68
25142405,Ngo Thi Phuc,2.81,7.03,1,2007-07-31,KTMT,K25,0,55,93
25142406,Phan Thi Ngoc,1.54,3.85,1,2001-12-03,KTMT,K21,0,50,66
25142407,Le Van Thao,2.57,6.42,0,2003-10-27,KHMT,K23,0,86,77
25142408,Hoang Van Thao,2.11,5.27,0,2001-04-23,CNOT,K24,0,73,91
25142409,Dang Van Quan,2.01,5.02,1,2006-04-10,KTPM,K22,1,89,70
25142410,Truong Van Chi,2.79,6.97,0,2003-09-11,CKM,K23,0,82,77
25142411,Nguyen Van Nam,3.36,8.4,1,2004-06-29,CKM,K21,0,74,68
25142412,Vo Thi Chi,1.79,4.47,1,2006-09-11,HTTT,K22,0,96,77
25142413,Pham Thi Duc,2.33,5.83,0,2003-12-19,CNTT,K22,0,145,59
25142414,Phan Thi Vy,2.11,5.27,0,2006-01-31,KT,K24,0,143,59
25142415,Phan Thi Binh,3.85,9.62,0,2006-02-26,HTTT,K25,0,111,68
25142416,Tran Thi Giang,3.24,8.1,1,2001-08-23,KT,K22,0,94,75
25142417,Do Van Linh,1.5,3.75,0,2004-11-05,KT,K21,0,36,52
25142418,Pham Thi Thao,3.87,9.68,0,2005-12-16,CKM,K21,0,120,53
25142419,Truong Van Dung,2.17,5.42,0,2004-12-04,HTTT,K22,0,96,72
25142420,Phan Thi Trang,1.73,4.33,0,2003-01-20,CNTT,K24,0,32,82
25142421,Vo Thi Chi,3.03,7.57,1,2002-07-31,HTTT,K23,0,75,71
25142422,Huynh Van Dung,2.46,6.15,0,2003-07-06,CNOT,K24,0,52,70
25142423,Hoang Van Minh,2.84,7.1,0,2003-06-13,CNOT,K22,0,126,53
25142424,Vo Thi Binh,3.41,8.53,1,2004-12-15,KTPM,K23,0,121,95
25142425,Tran Thi Giang,2.38,5.95,0,2005-12-31,QTKD,K23,0,119,99
25142426,Dang Van Thao,2.67,6.67,1,2007-12-11,KTPM,K23,0,39,67
25142427,Mai Thi Nam,3.73,9.32,1,2002-09-23,KHMT,K25,0,41,53
25142428,Phan Thi Son,1.76,4.4,0,2004-06-29,KTPM,K24,0,113,53
25142429,Duong Van Thao,2.74,6.85,1,2003-12-05,KTMT,K24,0,100,81
25142430,Dang Van Khanh,1.97,4.92,0,2007-03-28,KHMT,K22,0,60,67
25142431,Mai Thi Minh,3.7,9.25,0,2005-01-14,QTKD,K25,0,136,56
25142432,Pham Thi An,3.21,8.03,0,2003-10-05,CKM,K22,0,99,100
25142433,Do Van Tuan,2.59,6.47,0,2005-06-26,CKM,K23,0,137,96
25142434,Vo Thi Binh,3.48,8.7,1,2005-05-04,KTMT,K24,0,87,69
25142435,Huynh Van Thao,3.73,9.32,1,2002-06-24,KT,K24,0,97,51
25142436,Vo Thi Chi,1.97,4.92,1,2004-03-07,HTTT,K25,0,50,82
25142437,Bui Thi Hai,2.62,6.55,1,2001-06-12,KT,K23,1,111,98
25142438,Dang Van Linh,3.95,9.88,0,2004-03-28,KTMT,K25,0,38,79
25142439,Tran Thi Dung,2.01,5.02,0,2004-06-09,CNOT,K23,0,74,53
25142440,Vo Thi Son,1.93,4.83,1,2003-04-19,HTTT,K24,0,117,86
25142441,Ngo Thi Trang,3.04,7.6,1,2001-10-04,KTPM,K22,0,146,89
25142442,Phan Thi Nam,2.85,7.12,1,2005-09-28,CKM,K23,0,101,52
25142443,Nguyen Van Quan,2.74,6.85,1,2007-06-04,KTPM,K25,0,93,98
25142444,Bui Thi Phuc,2.06,5.15,1,2002-09-20,CKM,K23,0,41,82
25142445,Dang Van Tuan,2.01,5.02,1,2005-02-20,DTVT,K22,0,52,84
25142446,Phan Thi Dung,3.38,8.45,1,2007-10-12,CNTT,K24,0,115,92
25142447,Tran Thi Linh,2.71,6.78,1,2002-06-14,KT,K24,0,67,79
25142448,Duong Van Trang,2.55,6.38,0,2003-06-23,KTPM,K22,0,135,99
25142449,Duong Van Hai,3.49,8.73,1,2002-06-29,KHMT,K21,0,35,63
25142450,Dang Van Thao,3.45,8.62,1,2002-06-08,CKM,K24,0,139,66
25142451,Duong Van Thao,3.72,9.3,0,2001-04-13,DTVT,K24,1,59,64
25142452,Pham Thi An,3.99,9.98,0,2003-09-16,CNOT,K22,0,41,74
25142453,Pham Thi Nam,3.36,8.4,1,2005-05-19,HTTT,K21,0,65,83
25142454,Nguyen Van Chi,2.63,6.57,0,2004-04-12,CKM,K21,0,77,81
25142455,Truong Van Thao,2.25,5.62,1,2003-11-14,KTMT,K25,0,53,57
25142456,Ngo Thi Linh,3.97,9.93,0,2004-01-01,KT,K23,0,121,50
25142457,Ngo Thi Hai,2.28,5.7,0,2006-05-28,DTVT,K22,0,72,93
25142458,Duong Van Duc,3.95,9.88,1,2004-01-29,CKM,K22,0,46,84
25142459,Phan Thi Tuan,1.89,4.72,1,2007-12-29,QTKD,K21,0,60,73
25142460,Vo Thi Quan,3.38,8.45,1,2005-12-08,HTTT,K25,1,146,87
25142461,Phan Thi Son,3.76,9.4,0,2002-12-04,KT,K21,0,98,96
25142462,Le Van An,2.66,6.65,1,2002-10-24,CNOT,K24,0,90,100
25142463,Dang Van Trang,2.16,5.4,0,2002-02-20,CKM,K21,0,93,54
25142464,Huynh Van Tuan,3.84,9.6,1,2004-01-10,KTMT,K23,0,30,59
25142465,Dang Van Ngoc,2.54,6.35,0,2006-12-18,CNTT,K24,0,58,58
25142466,Le Van Phuc,3.93,9.83,1,2003-08-19,KTPM,K22,0,73,55
25142467,Truong Van Phuc,3.81,9.53,1,2005-12-04,QTKD,K22,1,95,95
25142468,Ngo Thi Quan,2.9,7.25,1,2002-11-09,KHMT,K21,0,144,65
25142469,Bui Thi Khanh,1.77,4.42,1,2002-09-12,QTKD,K23,0,83,93
25142470,Vo Thi Vy,2.47,6.18,1,2005-03-02,DTVT,K25,0,142,82
25142471,Hoang Van Khanh,2.33,5.83,1,2004-01-06,DTVT,K22,0,142,77
25142472,Ngo Thi Hai,1.86,4.65,0,2004-01-01,DTVT,K24,0,47,50
25142473,Le Van Chi,2.92,7.3,0,2006-11-01,QTKD,K24,0,34,67
25142474,Duong Van Vy,3.7,9.25,0,2003-12-12,KTPM,K23,0,139,50
25142475,Hoang Van Minh,1.89,4.72,1,2003-10-15,KHMT,K21,0,76,79
25142476,Truong Van Binh,3.0,7.5,0,2006-08-15,CNTT,K21,0,100,50
25142477,Vo Thi Ngoc,2.87,7.18,1,2006-08-08,QTKD,K24,0,94,61
25142478,Pham Thi Linh,2.32,5.8,1,2005-08-07,KHMT,K24,0,96,71
25142479,Hoang Van Thao,2.47,6.18,1,2001-05-17,DTVT,K21,0,64,72
25142480,Dang Van Vy,3.44,8.6,0,2003-07-17,CKM,K24,1,123,69
25142481,Truong Van Hieu,3.57,8.92,0,2005-05-23,KTPM,K24,0,49,82
25142482,Nguyen Van Hai,1.66,4.15,1,2001-06-26,DTVT,K22,0,44,82
25142483,Ngo Thi Hai,3.31,8.28,1,2003-09-25,CNOT,K22,0,129,65
25142484,Pham Thi Chi,2.49,6.23,1,2005-02-01,CNOT,K24,0,70,78
25142485,Vo Thi Tuan,2.28,5.7,0,2002-10-06,KTPM,K22,0,31,85
25142486,Phan Thi Binh,3.37,8.43,0,2006-11-21,CNTT,K22,1,118,54
25142487,Do Van Linh,1.64,4.1,0,2004-07-30,KT,K22,0,102,71
25142488,Do Van Son,1.99,4.97,1,2002-08-06,KTMT,K23,0,39,68
25142489,Huynh Van Nam,3.02,7.55,0,2002-01-08,CKM,K24,0,87,74
25142490,Nguyen Van Dung,1.85,4.62,0,2006-01-09,KT,K24,0,46,94
25142491,Nguyen Van Giang,3.87,9.68,1,2002-03-20,HTTT,K25,0,146,89
25142492,Nguyen Van Thao,2.17,5.42,0,2005-12-05,KT,K23,0,113,60
25142493,Dang Van Duc,3.88,9.7,0,2004-03-22,QTKD,K24,0,104,82
25142494,Vo Thi Binh,1.52,3.8,1,2003-06-16,QTKD,K22,0,94,64
25142495,Hoang Van Hieu,2.27,5.67,0,2003-08-25,KT,K22,0,137,72
25142496,Truong Van Trang,2.12,5.3,0,2006-07-20,DTVT,K25,1,98,69
25142497,Huynh Van Son,2.19,5.47,0,2002-04-04,KHMT,K24,1,91,67
25142498,Vo Thi Hai,2.42,6.05,0,2002-03-04,KTPM,K24,0,35,96
25142499,Pham Thi Giang,3.13,7.82,1,2004-08-22,KT,K22,0,107,76
25142500,Mai Thi Thao,3.99,9.98,0,2004-06-11,KTMT,K24,1,133,53
25142501,Nguyen Van Son,3.46,8.65,0,2002-04-03,CNOT,K24,0,36,75
25142502,Truong Van Hieu,1.59,3.98,1,2001-03-30,QTKD,K21,1,120,58
25142503,Phan Thi Ngoc,2.83,7.08,0,2006-04-22,KHMT,K21,0,69,89
25142504,Hoang Van Hai,1.92,4.8,0,2003-03-03,KTMT,K25,0,100,72
25142505,Truong Van Tuan,3.84,9.6,1,2001-07-24,CNTT,K24,0,104,65
25142506,Hoang Van Quan,3.94,9.85,0,2007-05-18,CNTT,K22,0,36,59
25142507,Ngo Thi Thao,3.54,8.85,1,2001-08-26,KHMT,K23,0,66,79
25142508,Dang Van Hieu,1.66,4.15,1,2007-09-01,KTPM,K23,0,100,89
25142509,Bui Thi Trang,1.56,3.9,1,2001-10-18,KTPM,K22,0,126,95
25142510,Mai Thi Tuan,3.44,8.6,1,2002-10-24,CNTT,K24,0,124,68
25142511,Mai Thi Khanh,1.57,3.93,0,2006-07-27,DTVT,K24,0,106,55
25142512,Tran Thi An,3.92,9.8,0,2006-01-08,KHMT,K22,0,98,66
25142513,Vo Thi Ngoc,1.89,4.72,1,2006-09-18,CNOT,K23,0,55,65
25142514,Pham Thi Khanh,3.01,7.52,0,2007-07-08,KT,K25,0,85,83
25142515,Huynh Van Vy,3.5,8.75,0,2006-10-24,KTMT,K24,0,136,67
25142516,Vo Thi Quan,2.23,5.58,1,2006-03-08,KHMT,K21,0,133,59
25142517,Ngo Thi Giang,3.16,7.9,0,2005-11-08,KTMT,K24,0,69,70
25142518,Ngo Thi Phuc,3.18,7.95,1,2001-04-27,KT,K21,0,34,90
25142519,Vo Thi Giang,2.13,5.32,0,2001-11-26,HTTT,K21,0,31,55
25142520,Duong Van Linh,2.89,7.23,0,2004-09-16,QTKD,K24,0,117,87
25142521,Huynh Van Chi,3.65,9.12,1,2004-09-10,CNTT,K21,0,104,78
25142522,Dang Van Quan,3.18,7.95,1,2002-08-01,QTKD,K25,0,68,77
25142523,Huynh Van Khanh,2.67,6.67,0,2002-10-17,HTTT,K23,0,47,70
25142524,Dang Van Thao,3.32,8.3,1,2006-01-09,KTPM,K22,0,103,97
25142525,Do Van Tuan,3.93,9.83,1,2003-05-26,DTVT,K22,1,105,55
25142526,Phan Thi Tuan,2.74,6.85,1,2007-11-15,QTKD,K21,0,104,88
25142527,Pham Thi Thao,3.25,8.12,0,2005-09-05,KTPM,K21,0,91,98
25142528,Do Van Nam,3.41,8.53,1,2007-01-25,CNTT,K21,0,47,99
25142529,Truong Van Binh,2.67,6.67,0,2002-08-25,DTVT,K21,0,80,90
25142530,Dang Van Trang,2.09,5.22,1,2005-07-17,QTKD,K24,0,131,56
25142531,Huynh Van Linh,2.4,6.0,0,2006-02-19,QTKD,K22,0,125,92
25142532,Duong Van An,3.27,8.18,1,2001-12-22,CNTT,K24,0,141,95
25142533,Vo Thi Phuc,2.7,6.75,1,2005-01-23,KHMT,K23,0,149,58
25142534,Dang Van Thao,3.98,9.95,1,2002-04-24,HTTT,K25,0,108,83
25142535,Vo Thi Chi,3.69,9.22,0,2005-10-27,CKM,K24,0,93,89
25142536,Vo Thi Chi,2.29,5.72,0,2002-01-05,KT,K25,0,150,53
25142537,Pham Thi Duc,3.8,9.5,1,2005-12-17,CNTT,K23,0,138,67
25142538,Mai Thi Linh,3.01,7.52,1,2006-11-13,KTPM,K21,0,101,78
25142539,Huynh Van An,1.54,3.85,0,2004-08-21,CNTT,K22,1,129,74
25142540,Phan Thi Vy,2.92,7.3,1,2003-12-31,HTTT,K25,0,124,58
25142541,Dang Van Dung,3.62,9.05,0,2007-10-19,CNOT,K25,1,77,51
25142542,Do Van Quan,2.39,5.98,1,2001-01-27,KTMT,K22,0,47,95
25142543,Mai Thi Hieu,3.85,9.62,1,2001-05-10,CNTT,K24,0,81,81
25142544,Ngo Thi Trang,1.55,3.88,1,2004-07-14,KTMT,K24,0,137,73
25142545,Do Van Minh,1.9,4.75,0,2001-12-25,CKM,K25,0,96,62
25142546,Phan Thi Linh,3.65,9.12,1,2006-09-12,CNOT,K22,0,30,91
25142547,Le Van Chi,3.2,8.0,0,2005-01-28,CNOT,K23,0,58,54
25142548,Mai Thi Son,2.35,5.88,1,2003-04-02,KTMT,K22,0,92,55
25142549,Do Van Tuan,2.56,6.4,0,2002-01-10,KTMT,K22,0,86,60
25142550,Dang Van Binh,2.09,5.22,0,2004-04-05,KTPM,K23,0,121,72
25142551,Bui Thi Vy,1.94,4.85,0,2002-04-18,CKM,K24,0,142,97
25142552,Hoang Van Chi,2.18,5.45,0,2004-05-11,CKM,K22,0,115,57
25142553,Pham Thi Tuan,1.81,4.53,1,2001-06-08,KT,K21,1,115,66
25142554,Do Van Trang,3.26,8.15,1,2004-09-19,KT,K24,0,58,70
25142555,Duong Van Dung,3.31,8.28,0,2007-02-19,QTKD,K25,1,77,100
25142556,Do Van Quan,1.56,3.9,0,2002-08-09,QTKD,K24,0,122,82
25142557,Le Van An,3.48,8.7,0,2003-04-11,DTVT,K22,0,62,84
25142558,Huynh Van Duc,2.21,5.53,0,2005-08-25,CNTT,K22,0,126,91
25142559,Dang Van Giang,3.25,8.12,1,2004-02-23,HTTT,K21,0,107,68
25142560,Truong Van Trang,3.46,8.65,0,2002-05-23,KTMT,K25,1,46,91
25142561,Nguyen Van Nam,1.74,4.35,1,2007-11-22,QTKD,K23,1,35,73
25142562,Do Van Quan,1.97,4.92,1,2005-05-23,CNTT,K23,0,140,77
25142563,Mai Thi Hieu,3.07,7.67,0,2007-04-09,KTMT,K23,1,62,58
25142564,Dang Van Minh,3.46,8.65,0,2002-11-25,CKM,K23,0,115,74
25142565,Dang Van Thao,2.99,7.48,0,2005-05-23,HTTT,K21,0,121,76
25142566,Dang Van Nam,3.09,7.72,0,2007-04-29,CKM,K24,0,107,71
25142567,Pham Thi Chi,1.5,3.75,0,2001-09-17,KTMT,K21,0,61,70
25142568,Nguyen Van Thao,1.73,4.33,1,2006-03-17,KHMT,K23,0,80,85
25142569,Le Van Thao,2.38,5.95,0,2005-05-27,CKM,K24,0,57,89
25142570,Do Van Ngoc,3.1,7.75,1,2004-11-20,HTTT,K25,0,138,63
25142571,Phan Thi Duc,3.92,9.8,0,2001-10-20,KTPM,K25,0,56,94
25142572,Huynh Van Hieu,3.44,8.6,1,2004-09-06,CNTT,K21,0,110,97
25142573,Dang Van Dung,1.72,4.3,1,2004-01-01,HTTT,K23,0,52,90
25142574,Mai Thi Phuc,3.43,8.58,1,2002-03-13,KHMT,K24,0,104,67
25142575,Huynh Van Nam,3.84,9.6,1,2004-08-31,KTMT,K24,1,38,61
25142576,Ngo Thi Thao,3.93,9.83,0,2002-10-16,KT,K22,0,91,77
25142577,Vo Thi Linh,1.73,4.33,1,2007-11-28,QTKD,K23,0,82,65
25142578,Tran Thi Giang,3.33,8.32,0,2003-05-25,KTMT,K24,0,140,74
25142579,Hoang Van An,3.13,7.82,0,2006-11-03,CNOT,K24,0,65,83
25142580,Huynh Van Duc,1.6,4.0,1,2007-07-28,CNOT,K23,1,43,63
25142581,Duong Van Linh,3.91,9.78,1,2005-05-12,KT,K23,0,81,96
25142582,Hoang Van Nam,1.84,4.6,1,2004-12-02,DTVT,K23,0,76,59
25142583,Phan Thi Vy,3.07,7.67,1,2002-03-04,DTVT,K25,0,131,57
25142584,Le Van Quan,2.06,5.15,1,2007-12-03,KT,K21,0,142,91
25142585,Le Van An,3.29,8.22,0,2003-10-27,CNTT,K24,0,131,66
25142586,Dang Van Binh,1.93,4.83,1,2002-12-24,KT,K25,0,89,60
25142587,Mai Thi Son,2.3,5.75,0,2006-02-12,HTTT,K22,0,41,61
25142588,Pham Thi An,3.14,7.85,1,2003-04-28,KTPM,K24,0,88,80
25142589,Huynh Van Son,2.79,6.97,0,2001-04-22,HTTT,K21,0,55,54
25142590,Hoang Van Trang,1.95,4.88,1,2004-08-29,KHMT,K23,0,83,71
25142591,Do Van An,3.71,9.28,0,2002-02-03,QTKD,K22,0,86,55
25142592,Mai Thi Son,1.88,4.7,0,2005-03-09,QTKD,K22,0,143,65
25142593,Mai Thi Khanh,3.79,9.47,0,2004-10-02,KTMT,K25,1,46,50
25142594,Pham Thi Ngoc,1.51,3.77,1,2007-12-25,DTVT,K23,0,136,97
25142595,Le Van Minh,2.33,5.83,1,2005-04-16,KTMT,K22,0,143,77
25142596,Vo Thi Dung,2.17,5.42,0,2005-09-06,HTTT,K24,0,142,90
25142597,Phan Thi Thao,1.84,4.6,0,2003-01-07,DTVT,K25,0,34,58
25142598,Nguyen Van Duc,3.77,9.43,1,2007-02-18,CNOT,K24,0,39,88
25142599,Mai Thi Quan,3.52,8.8,1,2001-07-29,QTKD,K23,0,65,82
25142600,Mai Thi Binh,3.89,9.72,0,2004-07-03,KT,K24,1,102,71
25142601,Huynh Van Khanh,2.82,7.05,0,2005-08-25,CKM,K23,0,142,98
25142602,Mai Thi Dung,2.8,7.0,1,2002-04-26,CNTT,K25,0,143,76
25142603,Phan Thi Minh,3.54,8.85,0,2005-03-19,CNTT,K25,0,136,60
25142604,Bui Thi Quan,3.69,9.22,0,2001-02-05,CKM,K24,0,130,98
25142605,Pham Thi Minh,1.68,4.2,0,2001-07-15,KTMT,K22,0,58,82
25142606,Huynh Van Tuan,3.08,7.7,1,2001-10-02,CNTT,K24,0,56,89
25142607,Vo Thi Son,1.51,3.77,0,2003-09-06,KT,K22,0,34,51
25142608,Ngo Thi Quan,2.88,7.2,0,2003-06-27,QTKD,K25,0,131,90
25142609,Duong Van An,3.01,7.52,0,2005-04-17,DTVT,K24,0,100,66
25142610,Huynh Van Nam,3.54,8.85,1,2006-08-02,HTTT,K25,0,115,96
25142611,Tran Thi Giang,1.77,4.42,0,2005-04-30,KTPM,K22,1,108,76
25142612,Bui Thi Son,3.12,7.8,1,2005-01-31,DTVT,K24,0,87,99
25142613,Duong Van Dung,1.83,4.58,1,2004-12-05,CNOT,K21,0,38,81
25142614,Tran Thi Hai,2.56,6.4,0,2004-06-06,CNOT,K23,0,33,64
25142615,Phan Thi Nam,3.07,7.67,0,2005-02-26,DTVT,K24,0,141,91
25142616,Mai Thi Son,2.79,6.97,1,2007-09-21,KHMT,K24,0,85,63
25142617,Nguyen Van Thao,1.77,4.42,0,2002-07-02,CNTT,K22,0,46,68
25142618,Duong Van Phuc,2.4,6.0,1,2003-01-04,CNTT,K25,1,130,61
25142619,Le Van Minh,2.47,6.18,1,2004-06-24,HTTT,K24,0,43,93
25142620,Vo Thi Chi,2.74,6.85,1,2007-03-13,HTTT,K22,0,117,59
25142621,Pham Thi Quan,3.97,9.93,1,2007-11-23,HTTT,K21,0,131,63
25142622,Vo Thi Chi,2.42,6.05,0,2007-03-19,QTKD,K24,0,121,50
25142623,Phan Thi Linh,3.13,7.82,0,2006-08-23,KTMT,K22,0,77,96
25142624,Hoang Van Minh,3.06,7.65,1,2006-03-15,CNOT,K21,0,116,61
25142625,Pham Thi Chi,1.9,4.75,0,2006-11-09,CNTT,K22,0,115,97
25142626,Duong Van Vy,3.59,8.97,1,2003-04-14,QTKD,K22,0,144,96
25142627,Nguyen Van Quan,3.21,8.03,0,2004-08-27,KHMT,K24,0,82,57
25142628,Truong Van Vy,1.86,4.65,1,2003-03-24,KTPM,K25,0,49,51
25142629,Pham Thi Linh,1.88,4.7,0,2001-09-17,QTKD,K23,0,99,70
25142630,Do Van Hai,1.81,4.53,0,2001-06-05,CKM,K22,0,43,71
25142631,Ngo Thi Duc,2.84,7.1,0,2002-07-23,KTPM,K25,0,110,91
25142632,Do Van Hieu,3.42,8.55,1,2001-12-22,KHMT,K21,0,66,62
25142633,Le Van Phuc,3.49,8.73,1,2001-06-12,QTKD,K21,0,46,72
25142634,Ngo Thi Hieu,2.51,6.27,0,2003-05-30,HTTT,K25,0,139,72
25142635,Hoang Van Son,1.89,4.72,0,2007-11-02,CNOT,K23,1,32,56
25142636,Pham Thi Chi,3.07,7.67,1,2005-07-26,KHMT,K25,0,31,51
25142637,Huynh Van An,1.78,4.45,1,2003-10-27,DTVT,K21,0,73,81
25142638,Do Van Minh,3.42,8.55,1,2003-06-25,CNTT,K22,0,97,57
25142639,Dang Van Phuc,3.18,7.95,0,2003-07-14,KTPM,K25,0,80,95
25142640,Vo Thi Binh,1.53,3.83,0,2001-03-02,CNTT,K24,1,112,72
25142641,Phan Thi Vy,3.81,9.53,0,2007-06-27,DTVT,K21,0,76,91
25142642,Tran Thi Hai,2.04,5.1,1,2003-11-21,KTMT,K22,0,135,68
25142643,Truong Van Vy,2.19,5.47,0,2004-02-09,KTMT,K21,0,118,99
25142644,Duong Van Son,3.86,9.65,1,2006-01-19,KT,K21,0,90,68
25142645,Le Van Phuc,2.25,5.62,0,2002-10-17,CNTT,K25,0,34,78
25142646,Vo Thi Quan,2.94,7.35,1,2004-11-20,CKM,K22,0,138,50
25142647,Do Van Vy,2.75,6.88,0,2002-06-19,DTVT,K24,0,100,95
25142648,Huynh Van Nam,2.6,6.5,1,2001-07-24,CNTT,K24,0,134,67
25142649,Do Van Trang,1.89,4.72,1,2007-01-13,CNOT,K25,0,38,83
25142650,Mai Thi Hai,2.42,6.05,1,2001-07-01,CKM,K22,0,96,51
25142651,Tran Thi Minh,3.15,7.88,0,2007-06-22,QTKD,K22,1,38,77
25142652,Truong Van Linh,2.23,5.58,1,2006-11-30,KT,K21,0,131,53
25142653,Pham Thi Minh,3.34,8.35,1,2001-11-17,CNTT,K24,1,112,66
25142654,Do Van Quan,3.58,8.95,1,2006-05-20,CNOT,K25,0,83,99
25142655,Phan Thi Khanh,2.22,5.55,1,2007-03-30,KTMT,K23,0,65,70
25142656,Hoang Van Minh,1.71,4.28,1,2001-05-18,KHMT,K21,0,50,71
25142657,Mai Thi Hieu,3.57,8.92,0,2004-10-31,QTKD,K24,1,40,86
25142658,Huynh Van Minh,3.37,8.43,0,2001-07-15,KTMT,K25,0,120,69
25142659,Duong Van Khanh,3.35,8.38,0,2003-04-18,QTKD,K25,0,143,73
25142660,Hoang Van Trang,3.06,7.65,0,2004-06-07,KTPM,K23,0,132,64
25142661,Vo Thi Vy,1.85,4.62,1,2005-03-20,QTKD,K23,0,142,88
25142662,Ngo Thi Hieu,2.69,6.72,0,2003-12-13,KHMT,K22,0,52,63
25142663,Huynh Van Hieu,3.15,7.88,1,2005-07-30,KHMT,K25,0,125,83
25142664,Truong Van Trang,3.01,7.52,0,2002-06-02,CKM,K23,0,59,65
25142665,Le Van Vy,3.77,9.43,1,2003-07-07,DTVT,K22,0,95,55
25142666,Le Van Giang,3.64,9.1,1,2007-05-20,CKM,K22,0,91,54
25142667,Truong Van Giang,3.67,9.18,1,2006-12-22,KT,K22,0,42,70
25142668,Do Van Tuan,3.26,8.15,1,2004-12-01,QTKD,K21,0,69,83
25142669,Nguyen Van Minh,2.02,5.05,1,2004-04-20,QTKD,K22,0,50,51
25142670,Duong Van Phuc,3.57,8.92,0,2001-04-26,KTMT,K22,0,38,84
25142671,Truong Van Hieu,1.58,3.95,1,2002-08-11,DTVT,K23,0,137,90
25142672,Ngo Thi Hieu,3.93,9.83,1,2002-12-13,KTMT,K22,0,123,83
25142673,Do Van Linh,2.57,6.42,0,2006-03-26,QTKD,K22,0,108,83
25142674,Huynh Van Ngoc,3.28,8.2,0,2001-12-13,KTMT,K24,0,61,95
25142675,Bui Thi Tuan,2.65,6.62,0,2006-01-07,CNOT,K23,0,101,90
25142676,Hoang Van Chi,2.51,6.27,0,2007-10-01,DTVT,K23,0,84,98
25142677,Huynh Van Khanh,2.81,7.03,0,2007-10-05,DTVT,K24,0,120,55
25142678,Truong Van Phuc,3.04,7.6,0,2004-11-03,KHMT,K23,1,119,54
25142679,Phan Thi Khanh,3.1,7.75,1,2001-05-28,KHMT,K21,0,133,86
25142680,Le Van Vy,3.05,7.62,1,2003-05-31,KTPM,K22,0,102,77
25142681,Pham Thi Chi,3.64,9.1,0,2002-04-20,QTKD,K25,0,66,55
25142682,Phan Thi Dung,3.47,8.68,1,2004-04-09,KTMT,K21,0,100,64
25142683,Mai Thi Tuan,3.6,9.0,0,2002-02-19,DTVT,K22,0,59,62
25142684,Nguyen Van Phuc,3.1,7.75,1,2002-06-24,CKM,K21,0,113,83
25142685,Le Van Hai,2.85,7.12,0,2006-02-18,KTMT,K23,0,138,98
25142686,Ngo Thi Linh,3.5,8.75,0,2006-10-12,CNTT,K21,0,115,96
25142687,Pham Thi Khanh,2.63,6.57,1,2004-12-23,DTVT,K21,0,36,87
25142688,Mai Thi Linh,1.94,4.85,0,2004-04-27,KTMT,K24,0,78,70
25142689,Huynh Van Son,2.93,7.33,1,2001-09-14,HTTT,K24,0,139,79
25142690,Truong Van Linh,1.96,4.9,0,2003-02-12,HTTT,K21,0,78,98
25142691,Bui Thi Son,3.56,8.9,1,2001-11-22,KTMT,K22,0,127,96
25142692,Truong Van Thao,2.76,6.9,0,2006-09-27,HTTT,K24,0,147,89
25142693,Huynh Van Trang,3.7,9.25,1,2003-06-08,KT,K24,0,93,80
25142694,Dang Van Thao,3.16,7.9,1,2006-09-11,KTPM,K22,0,148,93
25142695,Dang Van Dung,2.79,6.97,0,2004-01-27,CKM,K25,0,34,51
25142696,Duong Van Quan,2.06,5.15,0,2006-05-09,CNTT,K23,0,39,92
25142697,Nguyen Van Duc,1.84,4.6,1,2004-05-22,KTPM,K23,0,136,97
25142698,Truong Van Binh,2.3,5.75,1,2005-08-25,KHMT,K21,0,109,97
25142699,Pham Thi Hai,3.65,9.12,0,2004-06-24,QTKD,K22,0,118,85
25142700,Hoang Van Son,2.89,7.23,0,2002-12-16,DTVT,K24,1,71,95
25142701,Duong Van Chi,1.56,3.9,1,2006-03-03,CKM,K24,0,30,58
25142702,Tran Thi Tuan,2.38,5.95,0,2007-07-30,KTMT,K21,0,71,67
25142703,Truong Van An,1.8,4.5,1,2005-02-11,DTVT,K22,0,119,54
25142704,Le Van Giang,3.96,9.9,1,2001-05-03,QTKD,K24,0,130,61
25142705,Dang Van Dung,1.58,3.95,0,2002-03-03,CNTT,K21,0,86,56
25142706,Duong Van Khanh,3.49,8.73,0,2006-09-03,CNOT,K24,0,148,97
25142707,Dang Van Hieu,3.62,9.05,1,2004-09-24,QTKD,K24,0,41,94
25142708,Phan Thi Son,2.69,6.72,0,2007-11-06,KTPM,K22,0,94,74
25142709,Hoang Van Khanh,3.78,9.45,0,2005-04-02,QTKD,K22,0,31,89
25142710,Do Van Nam,3.4,8.5,1,2003-09-27,KHMT,K22,0,54,59
25142711,Pham Thi Nam,2.93,7.33,1,2001-02-21,HTTT,K21,0,122,56
25142712,Nguyen Van An,2.66,6.65,0,2003-08-31,KTPM,K23,1,60,89
25142713,Nguyen Van Binh,1.94,4.85,1,2006-12-05,CNTT,K22,1,32,81
25142714,Huynh Van Khanh,1.81,4.53,1,2001-05-19,DTVT,K25,1,41,58
25142715,Vo Thi Giang,3.54,8.85,1,2007-04-01,HTTT,K23,0,96,57
25142716,Huynh Van Trang,1.69,4.22,0,2007-02-05,CKM,K21,0,126,58
25142717,Bui Thi Son,2.12,5.3,1,2001-07-30,DTVT,K23,0,52,64
25142718,Truong Van Quan,1.73,4.33,1,2006-01-02,HTTT,K22,0,44,78
25142719,Dang Van Binh,3.93,9.83,0,2007-05-08,CKM,K21,1,125,58
25142720,Hoang Van Chi,3.97,9.93,0,2003-02-08,HTTT,K22,0,101,69
25142721,Le Van Trang,2.67,6.67,1,2006-12-30,CNOT,K23,0,44,97
25142722,Pham Thi Minh,3.2,8.0,0,2003-10-05,QTKD,K23,0,106,54
25142723,Do Van Thao,2.0,5.0,0,2004-04-27,HTTT,K22,0,96,92
25142724,Tran Thi Nam,3.03,7.57,1,2007-01-29,KTPM,K21,0,104,85
25142725,Vo Thi An,3.08,7.7,0,2005-02-27,CKM,K22,1,63,60
25142726,Le Van Minh,1.98,4.95,0,2003-11-05,CNTT,K24,1,109,79
25142727,Phan Thi Phuc,2.0,5.0,0,2002-03-24,KTMT,K23,1,148,93
25142728,Truong Van Quan,2.23,5.58,1,2003-12-01,QTKD,K23,0,76,75
25142729,Truong Van An,2.4,6.0,1,2001-08-19,DTVT,K23,0,47,53
25142730,Hoang Van Dung,1.98,4.95,0,2004-03-28,QTKD,K25,0,55,86
25142731,Do Van Binh,3.75,9.38,0,2001-12-17,KTMT,K22,0,138,72
25142732,Nguyen Van Giang,1.63,4.07,1,2006-11-01,KHMT,K23,0,79,100
25142733,Mai Thi Chi,3.73,9.32,1,2007-12-11,KT,K25,0,109,58
25142734,Duong Van Khanh,2.1,5.25,0,2004-02-07,KT,K25,0,137,74
25142735,Hoang Van Chi,2.5,6.25,1,2006-06-14,CNOT,K25,0,126,52
25142736,Huynh Van Tuan,2.96,7.4,0,2007-05-23,QTKD,K23,0,50,86
25142737,Bui Thi Binh,2.47,6.18,0,2005-12-24,KT,K21,0,79,68
25142738,Dang Van An,1.68,4.2,0,2005-01-21,DTVT,K24,1,126,68
25142739,Truong Van Nam,2.84,7.1,1,2007-01-28,DTVT,K25,0,32,70
25142740,Phan Thi Ngoc,3.03,7.57,1,2007-11-13,HTTT,K25,0,64,66
25142741,Pham Thi Hieu,1.8,4.5,1,2001-05-31,DTVT,K23,0,69,68
25142742,Dang Van Trang,3.49,8.73,0,2001-10-17,KTPM,K22,0,110,81
25142743,Vo Thi Linh,3.94,9.85,0,2007-09-29,KHMT,K22,0,39,76
25142744,Truong Van Phuc,2.75,6.88,1,2005-03-28,KT,K25,0,96,73
25142745,Hoang Van Duc,2.87,7.18,0,2003-11-29,CNOT,K21,0,89,84
25142746,Tran Thi An,2.6,6.5,0,2003-05-20,KTMT,K21,0,35,71
25142747,Hoang Van Khanh,2.5,6.25,0,2003-04-05,KT,K21,0,127,89
25142748,Hoang Van Quan,2.12,5.3,0,2004-05-05,DTVT,K25,0,119,56
25142749,Truong Van Ngoc,1.73,4.33,0,2005-12-31,KTPM,K25,1,133,54
25142750,Bui Thi Nam,2.42,6.05,1,2006-06-20,DTVT,K23,0,73,87
25142751,Duong Van Khanh,3.05,7.62,1,2003-07-03,HTTT,K21,0,120,91
25142752,Bui Thi Linh,3.15,7.88,1,2003-06-17,QTKD,K22,0,63,70
25142753,Ngo Thi Hai,2.93,7.33,0,2002-01-04,HTTT,K23,0,71,84
25142754,Bui Thi Vy,2.79,6.97,1,2002-07-26,CKM,K24,0,102,58
25142755,Bui Thi Phuc,3.0,7.5,1,2006-10-05,CKM,K23,0,45,53
25142756,Nguyen Van Giang,3.94,9.85,0,2002-02-03,CNTT,K23,0,128,58
25142757,Mai Thi An,3.81,9.53,0,2005-03-29,KTPM,K21,0,109,55
25142758,Duong Van Tuan,3.62,9.05,0,2002-04-29,KHMT,K23,1,97,68
25142759,Dang Van Hieu,3.56,8.9,0,2006-12-07,KHMT,K23,0,69,53
25142760,Vo Thi Vy,1.73,4.33,1,2005-03-30,HTTT,K22,0,74,72
25142761,Le Van Binh,2.0,5.0,0,2001-12-14,DTVT,K21,0,64,74
25142762,Pham Thi Son,2.02,5.05,0,2005-01-16,KHMT,K25,0,122,56
25142763,Hoang Van Khanh,3.97,9.93,1,2006-05-12,KTPM,K22,0,125,68
25142764,Vo Thi Giang,2.53,6.32,1,2003-12-20,DTVT,K21,0,106,61
25142765,Le Van Duc,1.57,3.93,0,2004-09-03,KHMT,K23,1,88,83
25142766,Ngo Thi Vy,2.29,5.72,1,2004-07-13,KTMT,K24,0,122,95
25142767,Truong Van Nam,3.22,8.05,1,2006-05-27,KT,K22,0,147,96
25142768,Do Van Khanh,3.8,9.5,0,2001-11-17,CKM,K21,0,81,70
25142769,Vo Thi Quan,3.51,8.77,1,2003-05-01,KT,K23,1,65,63
25142770,Dang Van Ngoc,2.07,5.17,1,2003-10-06,KTMT,K24,0,32,91
25142771,Truong Van Vy,2.01,5.02,1,2003-08-23,KTMT,K23,0,105,89
25142772,Dang Van Minh,2.71,6.78,1,2004-09-14,DTVT,K25,1,86,92
25142773,Nguyen Van Phuc,2.39,5.98,0,2004-09-02,KT,K21,0,82,74
25142774,Mai Thi An,3.26,8.15,0,2002-09-20,KTPM,K22,0,124,73
25142775,Huynh Van Linh,2.55,6.38,0,2001-02-07,CNOT,K21,0,77,100
25142776,Truong Van Nam,1.68,4.2,0,2001-10-03,CNTT,K23,0,64,53
25142777,Truong Van Phuc,2.4,6.0,1,2007-11-09,KT,K23,0,145,80
25142778,Dang Van Phuc,2.41,6.03,1,2005-06-10,KTPM,K24,0,150,86
25142779,Hoang Van Quan,1.58,3.95,0,2007-08-06,CKM,K21,0,133,91
25142780,Dang Van Tuan,2.56,6.4,0,2003-10-27,CNTT,K24,0,69,79
25142781,Huynh Van Tuan,2.33,5.83,1,2006-07-11,HTTT,K24,0,43,83
25142782,Bui Thi Tuan,3.33,8.32,0,2001-12-27,QTKD,K25,0,148,84
25142783,Phan Thi Thao,3.35,8.38,0,2002-08-04,KTPM,K24,0,92,79
25142784,Tran Thi Hai,3.68,9.2,1,2005-12-18,DTVT,K22,0,72,70
25142785,Nguyen Van Binh,2.23,5.58,1,2002-04-27,KTPM,K23,1,51,88
25142786,Dang Van Vy,3.29,8.22,1,2005-11-27,CNTT,K22,0,110,55
25142787,Hoang Van Ngoc,2.6,6.5,1,2002-03-02,QTKD,K23,1,92,88
25142788,Ngo Thi Linh,3.28,8.2,1,2003-09-13,CKM,K21,0,73,53
25142789,Pham Thi Thao,2.06,5.15,1,2005-03-08,HTTT,K21,0,67,94
25142790,Mai Thi Dung,3.98,9.95,0,2005-10-27,CNOT,K22,0,56,87
25142791,Mai Thi Minh,3.17,7.92,1,2007-08-26,HTTT,K24,0,37,55
25142792,Huynh Van Tuan,2.85,7.12,0,2006-12-15,CKM,K25,0,123,53
25142793,Tran Thi Phuc,2.02,5.05,0,2007-02-09,CNOT,K24,1,66,76
25142794,Mai Thi Vy,2.32,5.8,1,2007-01-09,DTVT,K21,0,97,53
25142795,Vo Thi Minh,2.84,7.1,1,2005-06-04,KHMT,K22,1,34,54
25142796,Do Van Trang,2.1,5.25,0,2005-08-29,KHMT,K23,0,46,57
25142797,Vo Thi Phuc,2.85,7.12,1,2004-06-17,CKM,K25,0,57,91
25142798,Truong Van Tuan,3.11,7.77,1,2005-04-15,CNTT,K22,0,88,56
25142799,Duong Van Thao,3.96,9.9,1,2002-03-19,CNTT,K24,0,149,97
25142800,Le Van Binh,3.59,8.97,1,2007-08-17,KTMT,K22,0,79,89
25142801,Vo Thi Minh,3.69,9.22,1,2004-07-12,DTVT,K21,0,88,100
25142802,Nguyen Van Giang,2.77,6.92,1,2003-12-20,CNOT,K25,0,148,82
25142803,Tran Thi Hieu,1.57,3.93,0,2001-08-24,KT,K23,0,50,69
25142804,Phan Thi Vy,3.38,8.45,0,2005-02-21,KTMT,K22,0,143,89
25142805,Tran Thi Minh,1.61,4.03,0,2007-07-30,KT,K22,0,57,53
25142806,Truong Van Tuan,1.62,4.05,1,2004-02-02,KTMT,K25,0,114,98
25142807,Ngo Thi An,3.36,8.4,1,2005-01-29,KTMT,K22,0,101,96
25142808,Huynh Van Linh,3.35,8.38,0,2001-05-09,DTVT,K25,0,44,97
25142809,Truong Van Ngoc,2.33,5.83,1,2005-01-17,KTMT,K25,0,30,58
25142810,Nguyen Van Thao,3.93,9.83,1,2006-09-29,CKM,K25,1,40,89
25142811,Do Van Son,3.28,8.2,1,2007-06-05,DTVT,K21,0,83,86
25142812,Mai Thi An,2.2,5.5,1,2002-10-24,KTMT,K25,0,117,60
25142813,Hoang Van Quan,2.53,6.32,1,2002-10-29,KTPM,K23,0,97,75
25142814,Vo Thi Tuan,2.75,6.88,0,2005-04-07,CNOT,K21,0,122,79
25142815,Phan Thi Tuan,1.79,4.47,1,2002-08-04,KTPM,K21,0,45,74
25142816,Le Van Khanh,1.56,3.9,0,2001-05-29,KTMT,K22,0,44,78
25142817,Phan Thi Dung,1.8,4.5,1,2004-05-08,KTPM,K25,0,123,67
25142818,Huynh Van Minh,2.84,7.1,0,2007-03-19,HTTT,K21,0,51,91
25142819,Dang Van Trang,1.8,4.5,1,2001-03-09,CNTT,K24,0,30,55
25142820,Mai Thi Phuc,3.25,8.12,0,2004-09-16,KHMT,K25,0,45,50
25142821,Vo Thi Minh,3.59,8.97,0,2004-07-24,CNOT,K24,0,95,96
25142822,Do Van Quan,3.79,9.47,1,2001-01-18,CNOT,K22,0,90,65
25142823,Vo Thi Trang,2.76,6.9,1,2004-02-07,QTKD,K22,0,43,59
25142824,Huynh Van Dung,3.98,9.95,0,2002-12-10,KHMT,K22,1,51,57
25142825,Pham Thi Dung,2.29,5.72,0,2003-05-29,KT,K23,1,127,57
25142826,Do Van Quan,2.59,6.47,0,2007-06-08,KTPM,K25,0,55,95
25142827,Do Van Giang,3.23,8.07,1,2004-05-12,QTKD,K21,0,119,82
25142828,Mai Thi Khanh,1.6,4.0,1,2007-05-01,KT,K23,0,142,92
25142829,Pham Thi Thao,3.13,7.82,0,2005-12-11,CKM,K21,0,46,62
25142830,Hoang Van Tuan,3.94,9.85,1,2003-07-06,KT,K23,0,96,52
25142831,Le Van Vy,2.19,5.47,1,2003-11-23,KHMT,K21,0,101,55
25142832,Vo Thi Son,2.72,6.8,1,2007-10-07,KHMT,K23,0,123,78
25142833,Pham Thi Trang,3.38,8.45,1,2007-05-27,QTKD,K25,0,98,53
25142834,Le Van Quan,3.58,8.95,0,2004-12-08,CNOT,K23,0,54,61
25142835,Duong Van Son,1.52,3.8,1,2003-10-10,CKM,K22,0,62,78
25142836,Huynh Van Vy,3.52,8.8,0,2004-11-21,QTKD,K25,0,96,94
25142837,Truong Van Minh,3.73,9.32,0,2007-01-07,QTKD,K24,0,147,80
25142838,Nguyen Van Ngoc,2.94,7.35,0,2001-03-14,CNOT,K24,0,53,94
25142839,Huynh Van Quan,1.85,4.62,0,2007-05-19,DTVT,K22,0,41,55
25142840,Phan Thi Ngoc,2.24,5.6,0,2003-05-09,KHMT,K24,1,132,84
25142841,Pham Thi Hai,3.33,8.32,1,2003-12-26,CNOT,K21,0,70,100
25142842,Vo Thi Binh,2.52,6.3,0,2002-11-24,KHMT,K25,0,126,53
25142843,Nguyen Van An,2.09,5.22,0,2003-05-14,KTMT,K22,0,47,54
25142844,Ngo Thi Duc,1.95,4.88,0,2004-04-27,KT,K25,0,36,83
25142845,Nguyen Van Son,1.7,4.25,0,2006-03-30,KHMT,K24,0,135,55
25142846,Nguyen Van Ngoc,1.62,4.05,0,2003-02-24,HTTT,K22,0,34,52
25142847,Bui Thi Giang,2.04,5.1,0,2007-04-08,KHMT,K25,1,48,91
25142848,Le Van Dung,1.93,4.83,1,2007-06-11,CNOT,K21,0,38,80
25142849,Hoang Van Dung,2.94,7.35,1,2005-09-03,CNTT,K22,0,131,70
25142850,Ngo Thi Linh,3.79,9.47,1,2007-10-04,QTKD,K22,0,34,95
25142851,Dang Van Phuc,2.88,7.2,1,2003-11-19,KHMT,K23,0,51,53
25142852,Mai Thi Vy,1.5,3.75,0,2005-08-20,CNOT,K23,0,124,97
25142853,Nguyen Van Thao,2.22,5.55,1,2007-07-18,KHMT,K24,0,100,92
25142854,Pham Thi Binh,3.84,9.6,0,2004-09-27,CKM,K25,0,134,82
25142855,Dang Van Chi,2.94,7.35,0,2003-10-01,CKM,K24,0,30,63
25142856,Truong Van Trang,2.59,6.47,0,2006-03-19,KTPM,K25,0,55,95
25142857,Mai Thi Ngoc,2.7,6.75,1,2007-01-06,HTTT,K21,0,144,92
25142858,Vo Thi Trang,3.35,8.38,0,2006-03-14,CNTT,K25,0,138,80
25142859,Phan Thi Linh,2.19,5.47,1,2006-10-25,QTKD,K21,0,63,90
25142860,Huynh Van An,3.46,8.65,1,2004-06-20,CKM,K22,0,125,62
25142861,Hoang Van Quan,1.68,4.2,1,2001-04-22,KHMT,K25,0,111,54
25142862,Ngo Thi Khanh,2.61,6.52,1,2006-04-21,CNTT,K24,0,146,89
25142863,Tran Thi Tuan,3.25,8.12,1,2002-09-29,KTMT,K22,0,112,78
25142864,Mai Thi Vy,1.83,4.58,0,2007-07-18,CNOT,K21,0,125,78
25142865,Mai Thi Phuc,1.99,4.97,0,2002-12-13,KTMT,K25,0,41,56
25142866,Bui Thi Dung,3.91,9.78,1,2001-11-12,CNOT,K23,0,85,59
25142867,Bui Thi Vy,2.26,5.65,1,2005-04-24,KHMT,K22,0,34,95
25142868,Vo Thi Linh,2.3,5.75,0,2005-01-30,CKM,K23,0,147,63
25142869,Ngo Thi Linh,2.69,6.72,1,2002-10-13,KTPM,K24,1,110,68
25142870,Hoang Van Thao,3.28,8.2,1,2005-10-10,CKM,K25,0,128,76
25142871,Truong Van Vy,3.97,9.93,1,2007-10-10,DTVT,K22,0,78,63
25142872,Duong Van Binh,2.76,6.9,0,2002-09-28,KT,K21,0,56,60
25142873,Pham Thi Vy,1.96,4.9,1,2001-05-16,KT,K25,1,35,74
25142874,Huynh Van Tuan,2.97,7.43,1,2005-03-28,CNTT,K21,1,147,88
25142875,Duong Van Thao,2.82,7.05,1,2003-01-23,CNOT,K25,0,141,85
25142876,Nguyen Van Minh,1.73,4.33,0,2005-04-21,HTTT,K25,0,133,79
25142877,Vo Thi Phuc,3.82,9.55,1,2007-09-25,HTTT,K21,0,38,56
25142878,Nguyen Van Thao,3.75,9.38,1,2006-09-06,CNTT,K24,0,136,83
25142879,Phan Thi Khanh,1.54,3.85,1,2003-06-27,CKM,K23,0,46,74
25142880,Tran Thi Khanh,2.82,7.05,0,2005-05-29,KHMT,K25,0,105,67
25142881,Bui Thi Duc,2.55,6.38,0,2001-04-07,KTMT,K25,0,53,56
25142882,Phan Thi Thao,2.86,7.15,0,2003-06-26,CNOT,K23,0,31,86
25142883,Mai Thi Khanh,2.26,5.65,1,2002-09-17,KHMT,K21,0,142,93
25142884,Tran Thi Duc,3.07,7.67,1,2006-05-18,QTKD,K25,0,132,96
25142885,Do Van Phuc,2.49,6.23,1,2001-04-28,CNOT,K21,0,102,61
25142886,Bui Thi Dung,2.29,5.72,1,2004-01-06,QTKD,K21,0,149,68
25142887,Hoang Van Thao,3.98,9.95,0,2003-03-17,KHMT,K23,0,124,82
25142888,Dang Van Ngoc,1.54,3.85,0,2002-09-05,CNOT,K25,0,145,84
25142889,Nguyen Van Dung,3.74,9.35,0,2005-07-03,KTPM,K25,0,135,62
25142890,Nguyen Van An,3.68,9.2,1,2007-07-20,KT,K21,0,78,89
25142891,Dang Van Hieu,3.56,8.9,0,2005-12-23,KT,K25,0,53,82
25142892,Dang Van Nam,3.18,7.95,1,2003-05-03,KHMT,K25,0,40,72
25142893,Pham Thi Trang,3.37,8.43,1,2005-11-05,CNTT,K25,0,44,69
25142894,Ngo Thi Giang,2.78,6.95,1,2004-07-04,DTVT,K21,0,93,58
25142895,Pham Thi Hai,1.65,4.12,0,2002-11-09,CKM,K25,0,44,83
25142896,Dang Van Ngoc,2.62,6.55,0,2004-12-01,KHMT,K24,0,115,78
25142897,Nguyen Van Vy,2.54,6.35,1,2006-11-25,CNOT,K22,0,126,60
25142898,Huynh Van Giang,3.6,9.0,0,2002-11-16,DTVT,K25,0,128,68
25142899,Nguyen Van Quan,3.83,9.57,0,2003-11-28,KTMT,K22,0,127,86
25142900,Dang Van Thao,3.92,9.8,0,2001-07-21,KT,K22,0,54,75
25142901,Huynh Van Khanh,3.41,8.53,0,2003-02-23,CKM,K25,0,137,98
25142902,Pham Thi Khanh,3.23,8.07,1,2007-03-18,KHMT,K24,0,35,87
25142903,Hoang Van Nam,3.45,8.62,1,2006-12-15,KTPM,K25,0,53,63
25142904,Dang Van Quan,1.73,4.33,0,2005-02-12,QTKD,K24,0,97,58
25142905,Le Van Tuan,1.94,4.85,0,2005-08-28,CNOT,K25,0,91,69
25142906,Nguyen Van Tuan,2.95,7.38,1,2003-09-11,KTMT,K24,0,134,72
25142907,Pham Thi Thao,3.11,7.77,0,2006-05-06,KTMT,K23,0,36,62
25142908,Tran Thi Linh,3.23,8.07,1,2001-11-21,CNTT,K24,0,83,89
25142909,Duong Van Khanh,3.13,7.82,1,2005-01-08,CNOT,K22,0,49,80
25142910,Vo Thi Trang,1.74,4.35,0,2005-03-18,CKM,K23,0,103,92
25142911,Phan Thi Chi,2.47,6.18,1,2001-08-11,HTTT,K25,1,60,54
25142912,Duong Van Linh,3.61,9.03,1,2004-04-12,KHMT,K25,0,86,94
25142913,Truong Van Chi,3.14,7.85,1,2004-02-12,KTPM,K21,0,146,84
25142914,Truong Van Minh,2.67,6.67,1,2006-01-14,KT,K25,0,90,55
25142915,Truong Van Chi,3.22,8.05,0,2005-05-02,KHMT,K23,0,123,60
25142916,Bui Thi Minh,2.46,6.15,0,2001-05-01,HTTT,K24,0,98,65
25142917,Pham Thi Khanh,1.56,3.9,1,2003-11-10,DTVT,K25,0,91,88
25142918,Pham Thi Ngoc,2.67,6.67,0,2006-12-25,KHMT,K21,0,133,89
25142919,Truong Van Thao,2.77,6.92,1,2003-08-09,CNTT,K21,0,102,54
25142920,Pham Thi Chi,3.49,8.73,1,2005-03-04,CNTT,K21,0,147,99
25142921,Le Van Hieu,3.71,9.28,1,2006-05-31,QTKD,K23,0,130,73
25142922,Do Van Ngoc,2.45,6.12,1,2003-07-03,KT,K25,1,61,97
25142923,Phan Thi Trang,3.5,8.75,0,2002-10-28,KTMT,K24,0,42,51
25142924,Duong Van Son,2.4,6.0,0,2002-09-16,CNOT,K23,0,139,52
25142925,Ngo Thi Giang,2.79,6.97,0,2006-03-29,CNTT,K21,0,42,88
25142926,Do Van Hai,2.59,6.47,0,2006-04-28,KT,K25,0,32,99
25142927,Mai Thi An,3.11,7.77,0,2005-09-25,KT,K22,1,43,55
25142928,Bui Thi An,3.22,8.05,0,2002-12-20,KT,K23,0,46,78
25142929,Mai Thi Trang,3.62,9.05,0,2003-06-26,CNOT,K21,0,42,54
25142930,Nguyen Van Duc,2.92,7.3,0,2006-08-24,KTMT,K23,0,125,86
25142931,Tran Thi Phuc,2.69,6.72,1,2007-01-21,KTMT,K21,1,147,77
25142932,Tran Thi Linh,3.68,9.2,0,2005-12-24,KTPM,K23,0,52,57
25142933,Tran Thi Khanh,1.88,4.7,0,2006-12-09,KT,K25,0,42,61
25142934,Do Van Nam,1.72,4.3,0,2006-11-08,KHMT,K24,0,113,66
25142935,Duong Van Minh,3.1,7.75,1,2003-04-06,CNTT,K21,1,141,97
25142936,Duong Van Phuc,2.87,7.18,0,2003-08-03,KHMT,K25,0,67,93
25142937,Truong Van Chi,2.96,7.4,1,2006-09-19,CNOT,K23,0,96,83
25142938,Hoang Van Khanh,1.83,4.58,1,2006-03-26,KT,K21,0,85,72
25142939,Duong Van Tuan,1.57,3.93,1,2006-10-17,KHMT,K23,0,135,57
25142940,Pham Thi Nam,3.58,8.95,0,2002-07-17,KTMT,K23,0,42,59
25142941,Do Van Linh,2.62,6.55,0,2002-01-31,KTMT,K22,1,37,84
25142942,Huynh Van Minh,1.77,4.42,1,2007-02-12,CKM,K21,0,127,58
25142943,Mai Thi An,2.14,5.35,1,2005-07-11,CKM,K22,0,87,55
25142944,Pham Thi Son,2.75,6.88,0,2004-08-02,HTTT,K22,1,141,92
25142945,Phan Thi Dung,3.85,9.62,0,2005-01-27,KTPM,K21,0,97,54
25142946,Tran Thi Giang,3.56,8.9,0,2005-02-09,KHMT,K24,0,133,85
25142947,Pham Thi Hieu,3.52,8.8,1,2002-03-14,HTTT,K24,0,84,90
25142948,Le Van Son,3.8,9.5,1,2002-01-25,DTVT,K22,1,93,74
25142949,Mai Thi Binh,2.4,6.0,1,2002-08-07,CKM,K22,0,51,72
25142950,Dang Van Chi,3.12,7.8,0,2002-08-24,QTKD,K24,0,118,53
25142951,Nguyen Van Quan,3.68,9.2,0,2001-01-10,KTMT,K21,0,46,58
25142952,Nguyen Van Vy,1.71,4.28,1,2006-01-20,DTVT,K24,1,79,53
25142953,Dang Van Dung,3.43,8.58,0,2005-08-11,KHMT,K25,0,61,69
25142954,Vo Thi Giang,2.96,7.4,1,2004-04-07,KT,K22,0,30,97
25142955,Phan Thi Binh,1.6,4.0,0,2007-03-02,DTVT,K25,0,95,76
25142956,Truong Van Quan,2.7,6.75,0,2004-10-17,KHMT,K24,0,64,99
25142957,Hoang Van Quan,3.36,8.4,1,2003-10-31,KTMT,K23,0,128,63
25142958,Truong Van Nam,3.7,9.25,1,2006-03-04,QTKD,K22,0,137,66
25142959,Nguyen Van Nam,2.79,6.97,1,2001-05-29,KT,K23,0,107,51
25142960,Bui Thi Trang,3.71,9.28,1,2001-09-23,CKM,K23,0,91,54
25142961,Nguyen Van Binh,1.65,4.12,1,2006-11-28,QTKD,K21,0,95,73
25142962,Hoang Van An,2.26,5.65,1,2007-04-19,CNOT,K21,0,110,67
25142963,Nguyen Van Giang,3.09,7.72,0,2002-09-11,QTKD,K21,0,62,92
25142964,Mai Thi Duc,3.86,9.65,0,2004-08-11,KHMT,K21,0,79,57
25142965,Huynh Van Dung,2.67,6.67,1,2004-09-12,DTVT,K24,0,90,88
25142966,Hoang Van Thao,3.79,9.47,1,2004-07-22,CKM,K23,1,85,50
25142967,Mai Thi Hai,1.61,4.03,0,2005-07-07,CKM,K24,0,137,71
25142968,Vo Thi Duc,3.96,9.9,1,2003-02-21,KHMT,K22,0,129,82
25142969,Bui Thi Minh,3.11,7.77,0,2005-08-31,CNOT,K23,0,91,91
25142970,Bui Thi Khanh,1.83,4.58,1,2006-01-31,KTMT,K23,0,132,96
25142971,Ngo Thi Hieu,3.09,7.72,1,2007-02-01,CNTT,K22,0,66,60
25142972,Ngo Thi Dung,2.55,6.38,1,2003-01-20,DTVT,K25,0,132,54
25142973,Do Van Trang,2.93,7.33,0,2006-06-10,CKM,K24,0,118,99
25142974,Truong Van Vy,2.13,5.32,1,2002-12-07,CNOT,K25,0,62,60
25142975,Tran Thi An,1.73,4.33,1,2001-12-05,KTPM,K25,0,61,97
25142976,Huynh Van Hai,2.68,6.7,1,2007-04-15,CNTT,K21,0,117,79
25142977,Le Van Quan,2.39,5.98,0,2003-08-13,KTPM,K24,0,73,76
25142978,Truong Van Thao,3.44,8.6,0,2001-02-28,HTTT,K21,0,115,88
25142979,Do Van Binh,2.73,6.83,1,2007-05-20,CKM,K21,0,112,53
25142980,Pham Thi Khanh,1.77,4.42,1,2003-03-26,QTKD,K24,0,49,66
25142981,Vo Thi Duc,2.34,5.85,1,2004-05-03,KT,K21,1,107,66
25142982,Nguyen Van Dung,2.93,7.33,0,2007-11-19,CNTT,K22,0,131,56
25142983,Mai Thi Nam,2.7,6.75,1,2004-03-01,KTPM,K25,1,96,64
25142984,Do Van Linh,2.66,6.65,0,2003-05-15,QTKD,K22,0,103,89
25142985,Do Van Quan,3.92,9.8,1,2007-09-19,CKM,K22,0,106,94
25142986,Vo Thi An,2.66,6.65,0,2005-07-21,KTMT,K24,1,87,53
25142987,Phan Thi Chi,3.36,8.4,0,2004-07-25,CNOT,K23,0,58,65
25142988,Truong Van Hai,1.75,4.38,0,2004-04-02,QTKD,K25,1,72,58
25142989,Le Van Khanh,2.51,6.27,1,2003-08-16,CKM,K23,1,82,52
25142990,Do Van An,3.15,7.88,1,2005-10-13,QTKD,K22,0,67,51
25142991,Dang Van Tuan,2.34,5.85,0,2007-04-17,CNOT,K23,1,34,97
25142992,Vo Thi Binh,3.46,8.65,0,2004-06-26,DTVT,K22,0,144,77
25142993,Dang Van Hieu,2.82,7.05,1,2003-11-04,KT,K25,0,31,71
25142994,Bui Thi Binh,3.45,8.62,1,2001-01-26,HTTT,K21,0,90,91
25142995,Mai Thi Hieu,2.34,5.85,1,2004-04-06,HTTT,K24,0,80,93
25142996,Pham Thi Minh,2.2,5.5,0,2006-09-05,KHMT,K22,0,118,54
25142997,Bui Thi Trang,3.41,8.53,0,2002-11-21,DTVT,K23,0,87,63
25142998,Pham Thi Phuc,2.83,7.08,0,2007-10-04,KHMT,K23,0,150,74
25142999,Le Van Duc,3.67,9.18,1,2005-04-17,DTVT,K21,0,57,66
25143000,Bui Thi An,2.31,5.78,0,2005-11-14,CNTT,K24,1,41,54
25143001,Hoang Van Trang,1.95,4.88,0,2003-06-24,QTKD,K24,0,54,74
25143002,Phan Thi Duc,3.21,8.03,1,2004-01-17,HTTT,K25,0,120,63
25143003,Pham Thi Phuc,3.81,9.53,0,2006-12-11,CKM,K22,1,40,84
25143004,Bui Thi Minh,2.68,6.7,1,2005-04-01,CNOT,K22,0,133,64
25143005,Nguyen Van An,2.82,7.05,1,2005-06-15,CKM,K24,0,143,90
25143006,Mai Thi Nam,2.09,5.22,1,2001-03-26,HTTT,K24,0,127,94
25143007,Hoang Van Duc,2.02,5.05,1,2004-04-24,KTMT,K25,0,123,52
25143008,Truong Van Khanh,2.55,6.38,0,2006-09-10,CKM,K25,1,102,81
25143009,Phan Thi Phuc,1.64,4.1,1,2005-02-08,CKM,K21,0,91,80
25143010,Huynh Van Tuan,2.57,6.42,1,2001-12-11,HTTT,K24,0,71,71
25143011,Nguyen Van Nam,1.62,4.05,0,2004-02-08,KTMT,K21,0,53,65
25143012,Bui Thi Quan,2.31,5.78,1,2001-10-17,DTVT,K21,0,105,79
25143013,Le Van Vy,1.99,4.97,0,2006-06-20,KTPM,K23,0,100,74
25143014,Nguyen Van Thao,1.51,3.77,1,2004-06-16,KHMT,K25,0,88,87
25143015,Le Van Dung,3.71,9.28,0,2003-09-24,CKM,K23,1,97,72
25143016,Duong Van Binh,3.21,8.03,1,2006-02-27,CKM,K22,0,143,90
25143017,Bui Thi Quan,1.68,4.2,0,2006-02-27,CNTT,K24,0,73,65
25143018,Mai Thi Giang,2.87,7.18,0,2003-08-06,CKM,K24,0,149,55
25143019,Huynh Van Chi,2.71,6.78,1,2001-07-18,KTMT,K21,0,113,55
25143020,Dang Van Son,3.54,8.85,0,2005-08-27,KHMT,K22,1,115,92
25143021,Hoang Van Thao,2.78,6.95,0,2004-09-08,DTVT,K23,0,123,69
25143022,Do Van Linh,3.0,7.5,0,2001-05-09,KHMT,K25,0,105,59
25143023,Hoang Van Son,2.39,5.98,0,2004-07-13,KTPM,K25,0,56,76
25143024,Nguyen Van Hai,3.95,9.88,0,2002-06-08,KT,K25,0,127,56
25143025,Huynh Van Chi,2.94,7.35,0,2005-08-31,KHMT,K21,0,131,84
25143026,Bui Thi Son,2.24,5.6,1,2007-11-20,CKM,K22,0,68,90
25143027,Do Van Ngoc,2.76,6.9,1,2005-10-10,KTPM,K24,0,65,59
25143028,Vo Thi Vy,3.34,8.35,1,2001-12-02,KHMT,K23,0,75,92
25143029,Hoang Van Tuan,1.74,4.35,1,2002-03-12,QTKD,K25,1,57,56
25143030,Phan Thi Phuc,2.56,6.4,1,2005-01-24,KTPM,K22,0,75,81
25143031,Ngo Thi Phuc,3.72,9.3,1,2006-01-14,CNOT,K22,1,81,82
25143032,Hoang Van Phuc,3.48,8.7,0,2005-05-26,DTVT,K25,0,120,66
25143033,Tran Thi Ngoc,1.91,4.77,1,2002-10-08,CKM,K22,0,77,70
25143034,Ngo Thi Son,2.84,7.1,1,2002-10-04,QTKD,K24,0,57,89
25143035,Ngo Thi Binh,3.03,7.57,1,2002-05-19,KTPM,K25,0,59,79
25143036,Le Van Binh,3.37,8.43,1,2001-03-01,KTPM,K23,0,145,61
25143037,Vo Thi Hai,2.51,6.27,0,2006-09-26,QTKD,K21,0,117,81
25143038,Truong Van Tuan,2.87,7.18,0,2006-11-09,KTMT,K25,0,80,81
25143039,Dang Van Linh,2.47,6.18,1,2003-02-06,HTTT,K22,0,78,74
25143040,Do Van Vy,2.27,5.67,0,2003-03-21,KTMT,K24,0,107,50
25143041,Phan Thi Quan,1.6,4.0,1,2005-07-08,CNTT,K25,0,36,71
25143042,Truong Van Son,2.88,7.2,1,2006-11-27,KTMT,K24,1,59,69
25143043,Truong Van Hieu,2.94,7.35,1,2002-06-14,CNTT,K23,0,65,57
25143044,Pham Thi An,3.06,7.65,0,2007-12-31,CKM,K23,0,105,83
25143045,Le Van Hai,3.32,8.3,0,2005-12-16,CNTT,K25,0,141,98
25143046,Do Van Linh,2.18,5.45,1,2006-09-29,QTKD,K22,0,91,94
25143047,Mai Thi Chi,3.79,9.47,1,2005-03-23,HTTT,K23,0,101,56
25143048,Phan Thi Son,3.92,9.8,0,2006-02-04,QTKD,K23,0,126,63
25143049,Vo Thi Minh,3.72,9.3,0,2004-05-13,DTVT,K25,0,71,66
25143050,Pham Thi Dung,3.89,9.72,0,2006-09-30,QTKD,K25,0,120,93
25143051,Hoang Van Trang,2.18,5.45,1,2002-11-23,DTVT,K23,0,79,69
25143052,Vo Thi Chi,2.51,6.27,1,2003-04-17,QTKD,K24,0,61,64
25143053,Mai Thi Quan,2.28,5.7,0,2005-06-25,CNTT,K25,0,82,96
25143054,Le Van Son,3.73,9.32,0,2001-10-04,DTVT,K25,0,106,90
25143055,Vo Thi Ngoc,3.44,8.6,0,2006-03-23,CKM,K24,0,96,75
25143056,Dang Van Trang,1.71,4.28,1,2001-10-28,KHMT,K22,0,74,50
25143057,Hoang Van Trang,1.65,4.12,1,2004-01-20,CNOT,K22,0,34,92
25143058,Hoang Van Hai,3.52,8.8,0,2006-05-11,CNOT,K23,0,55,65
25143059,Vo Thi Khanh,2.52,6.3,1,2003-02-27,CNTT,K22,0,123,99
25143060,Ngo Thi Phuc,3.99,9.98,0,2001-03-25,KHMT,K22,0,66,60
25143061,Bui Thi Khanh,2.12,5.3,1,2002-04-23,KTPM,K25,0,48,91
25143062,Duong Van Linh,2.25,5.62,0,2002-09-20,KTPM,K24,0,141,94
25143063,Tran Thi Binh,3.82,9.55,1,2001-06-20,CNTT,K23,0,48,95
25143064,Le Van Minh,4.0,10.0,0,2004-02-24,KHMT,K25,0,150,78
25143065,Ngo Thi Minh,3.88,9.7,1,2002-02-10,KHMT,K25,0,79,94
25143066,Le Van Thao,2.77,6.92,1,2007-02-08,CNTT,K24,0,48,77
25143067,Nguyen Van Chi,1.93,4.83,1,2005-02-24,KHMT,K21,1,149,72
25143068,Hoang Van Giang,3.5,8.75,0,2002-08-23,HTTT,K22,0,53,84
25143069,Huynh Van Nam,3.98,9.95,1,2002-06-30,KTMT,K22,0,115,93
25143070,Duong Van Son,3.88,9.7,1,2004-01-10,QTKD,K25,0,147,90
25143071,Hoang Van Ngoc,2.2,5.5,1,2003-03-12,KTPM,K22,0,119,52
25143072,Ngo Thi Son,1.81,4.53,1,2006-12-29,CKM,K25,0,115,55
25143073,Hoang Van Khanh,3.92,9.8,0,2004-09-06,CNTT,K21,0,32,58
